S01F00006275696C642F72656C656173652F626D735F73656E736F722E7333374B
S214000000001000208D0400001D2F0000212F00008E
S21400001075E20100252F00002D2F000075E201007B
S21400002075E2010075E2010075E2010075E201006B
S214000030312F000075E2010075E2010075E2010053
S214000040DD8A00003D1F020075E20100F1D60000C7
S2140000504D1F0200491F0200A9DD0000411F0200DB
S21400006075E2010075E2010075E20100D18600002C
S21400007075E2010075E2010075E2010075E201001B
S21400008075E2010075E2010075E2010075E201000B
S21400009075E2010075E2010075E2010075E20100FB
S2140000A075E2010075E2010075E20100DDDD000089
S2140000B0451F0200D53D000019DE000075E2010074
S2140000C041FF000075E201002DE9F04F97B0984619
S2140000D04FF0310A0DF11F0309AC0393CDF808A0C9
S2140000E001940389009383799DF888B005460F46EE
S2140000F091464188828840781FF09AFE064600287E
S2140001004BD19DF81F001FF092FB00285ED19DF892
S2140001101F00524621461FF05FFB0346002857D0BB
S214000120209A1AB1BDF88420904251D89DF81FA09D
S214000130AAF14100002201280892D9B224D8013938
S2140001405FFA81FE2649A446724516DB0891042113
S214000150BBF1000F1BD108AC22480593182202FB06
S21400016007059FED1D7B28460A460830214685ED8B
S214000170027B21F066F8059B15E01CF8010F48404D
S214000180194901324143DFE7BBF1000F09D0009760
S2140001902B465246204605F08FF9304617B0BDE88C
S2140001A0F08F0829D8D9B9F1000F01D089F800A03E
S2140001B0B8F1000F01D0A8F80030209A002AECD041
S2140001C020981A4609A921F03CF8E6E78D26E4E7D0
S2140001D00126E2E7AFF30080000000000000000008
S2140001E0C59D1C81A814002093010001000000009A
S2140001F070B58EB02C22002103A821F05AF8642393
S2140002004FF00232CDE9052308930B238DF83430E6
S214000210514B1B880121D8078DF8101000F19680ED
S214000220084610F033F84D4B4D494E484E4C0A22C6
S2140002301A704FF42873ADF812300FF07FF9206073
S21400024020B94A484FF417711EF0E0FB20680521DC
S21400025022F086F820B145484FF41B711EF0D6FBFD
S214000260206807F081FF424B2068196821F003FDE3
S21400027010F0DCFE0C256843099010F0D7FE6843AA
S21400028007900DEB050120680AF0D8FE20B137482C
S21400029040F281211EF0BAFB36492068002221F088
S2140002A070FD20B1314840F283211EF0AFFB324E84
S2140002B0324D96F9000040F203532B807F284FF012
S2140002C00503AB7001D110F03FF93378EB7010F0F6
S2140002D0ADFE00EB80008000A88010F0A7FE002393
S2140002E0C000E880AB604FF0FF3019A3D3E90023CD
S2140002F04FF0FF3110F086F92149206822F032F9DC
S214000300206802A921F01CFD20B118484FF42F7177
S2140003101EF07CFB042220680DEB020121F099FC04
S214000320042804D0114840F2BF211EF06FFB01A93B
S214000330012022F04BFA02F035FE012011F006F9FA
S2140003401EF066F911F02CF910F024F80EB070BD0E
S2140003500A0020FF420300003A580020D66E002014
S214000360B5020100B0110020205300205AD0020030
S214000370D0100020E46E0020271400201453002024
S214000380550401000348044B834202D0034B03B1DB
S214000390184770475814002058140020000000002A
S2140003A00548064B1B1AD90F01EBA301491002D0D2
S2140003B0034B03B118477047581400205814002008
S2140003C00000000010B5064C237843B9FFF7DAFFAB
S2140003D0044B13B10448AFF300800123237010BD13
S2140003E0AC58002000000000DCD2020008B5054B27
S2140003F01BB105490548AFF30080BDE80840FFF78C
S214000400CFBF00BF0000000090280020DCD2020012
S214000410A3F5803A704700BF174B002B08BF134B5D
S2140004209D46FFF7F5FF00218B460F461348144AFA
S214000430121A20F03EFF0E4B002B00D098470D4BB3
S214000440002B00D098470020002104000D000D4826
S214000450002802D00C48AFF3008008F0E7FF200029
S214000460290008F0FDF808F0CFFF00BF00000800E4
S21400047000000000000000000010002058140020BB
S2140004802C6F0020000000000000000008B500F0FF
S2140004907DF8124B12498B4212D3124B12490020A0
S2140004A08B4218D3FFF7B8FF186850F822405868F8
S2140004B040F82240013298688242F5D30C33EAE7CE
S2140004C00022F8E71C6844F8220001325C68A24269
S2140004D0F8D30833E4E70022F8E700BF48D4020068
S2140004E054D4020054D4020054D40200004870478A
S2140004F000F049020D4AD2F8943003F00703032BAC
S21400050011D0042B03D0022B0BD1094B00E0094B72
S2140005101868D2F80031C3F304230133B0FBF3F0BC
S2140005207047054BF4E74FF40040F2E700400E40FA
S214000530A4100020A01000209810002008B5FFF797
S214000540D9FF054BD3F80831C3F308230133B0FBBA
S214000550F3F0024B186008BD00400E409C100020CF
S214000560014B1868704700BFA4100020054B1860A8
S214000570054BD3F8943003F00703022B01D1FFF7A5
S214000580DDBF7047A410002000400E400D4B0E4A01
S2140005909A60D3F8882042F47002C3F888200B4B88
S2140005A05A6D42F400525A651A6C22F003021A641D
S2140005B05A6F22F001025A671A6E22F080521A66AB
S2140005C0704700BF00ED00E00000000000300E4065
S2140005D0014B1868704700BFA0100020024B196836
S2140005E0024B18680AF0C6B8A8100020C8100020F1
S2140005F070B59400224605460E461DF0B5FF431C16
S2140006000AD058B922463146284620F028FE00284F
S214000610034808BF002070BD0248FCE70248FAE71E
S21400062010E000F021E000F024E000F010B50446F1
S21400063001F0A8FA431C10D088B901F091FB20F015
S214000640030023462044984201D1002010BD53F8F1
S214000650042B0132F7D00348F8E70348F6E70348CF
S214000660F4E700BF0EE000F021E000F024E000F028
S21400067008B51DF03EFE014B186008BDF838002096
S214000680014B18681DF039BEF8380020044A00EB0C
S21400069080031068A0EBE30080F3080080B2704788
S2140006A02C39002038B51B4B40289D681EDD4F288E
S2140006B0CCBF02230123184A184C02EBC30292E86F
S2140006C00300174A02EBC30284E8030092E8030023
S2140006D0144C012D84E803000AD0012B16D0022BFF
S2140006E014D00020BDE8384001F000B90023E2E74E
S2140006F0084C4AF6E852012BA26009D0022B07D01C
S214000700002001F0F3F80023A36038BD1846E9E79F
S2140007101846F6E700300E40FC38002070390020FE
S2140007201439002040390020044B4FF04042DA6272
S2140007301A6B22F040421A63704700BF00300E402A
S214000740F0B52D4C2D4A236800210846156845B1A2
S2140007501D68002D42D09D889688AE4284BF134601
S21400076001210130062802F10802EFD101B1236011
S2140007702348244A036800210D46166846B11E68C1
S214000780002E2ED09E889788B7423CBF1346012184
S2140007900135062D02F10802EFD101B1036022688F
S2140007A0194B116801B3D969127921F0FF010A4388
S2140007B0DA611A6B42F080421A630368124A1968BB
S2140007C0B1B19B88D1691B029BB221F47F410B43D8
S2140007D0D361136B43F000431363F0BD134601214E
S2140007E0BFE713460121D3E71A6B22F08042E3E706
S2140007F0136B23F00043EFE73439002070390020F4
S214000800303900204039002000300E4008B501F095
S214000810B1F89FED127A07EE900AF4EEC77AF1EE81
S21400082010FA18D49FED0E7AF4EE477AF1EE10FA2D
S214000830C8BFF0EE477AB6EE007A77EE877A9FED7D
S214000840097A77EE877AFDEEE77A17EE903AA3F10B
S214000850800040B208BDF0EE477AECE7000000C327
S2140008600000FE420000004370B5144C236B626A21
S214000870134011D5124B1B681E6836B100251D604B
S2140008805D60FFF7C3FF2946B0474FF00043E362C1
S214000890BDE87040FFF754BF5B00F9D5094B1B68F5
S2140008A01C6834B100221A605A60FFF7AFFF0121BE
S2140008B0A047024B4FF08042DA62E9E700300E4074
S2140008C030390020343900202A4B012273B51A70C3
S2140008D000213022284820F0ECFC30222748002156
S2140008E020F0E7FC264A274B1360274A1360274A66
S2140008F0D2F8B030D2F80421C3F30743FF2B02D05E
S214000900D2B2FF2A01D19022192303EB830302EB14
S214000910D3021F4B01A81A6001F0FCF99DF80530C0
S214000920012B1BD14120FFF7B1FE1A4D1A4CA880AF
S21400093039202C60FFF7AAFE06465020FFF7A6FED9
S2140009401649A88148208E818C60AC60FFF79EFE19
S2140009500C618882FFF75AFFFFF7A4FEFFF7E4FE5C
S2140009600F4B0122C3F880211A60FFF7E9FE002032
S21400097002B070BDAD58002070390020403900200C
S2140009803439002038390020303900200081E00F4B
S2140009902C390020FC380020E5E201001439002044
S2140009A000E100E00C4B984205D90C4B984210D859
S2140009B00122012301E00022134609490B6409497C
S2140009C0D1F8003123F0807343EA0263C1F80031A6
S2140009D070470222EDE700BF0048E8010090D00310
S2140009E00000C84300400E40044BD3F84421D20711
S2140009F003D4D3F840211042FBD1704700400E408C
S214000A000A4B0B4998424A680BD90A4B98420AD9B6
S214000A1002F040724B6823F0407343EA02634B6077
S214000A2070470022F6E70122F4E700BF40787D0118
S214000A3000000E40005A620238B5074C41F671338A
S214000A40256C2364FFF752FDADB2FFF7D9FF0DB159
S214000A500023236438BD00BF00000E4038B5064CA6
S214000A60256C41F671332364ADB2FFF7C9FF0DB1B3
S214000A700023236438BD00BF00000E4038B5C0F325
S214000A800323013B092B11D8DFE803F005271010DC
S214000A902B221D101511154DC0F3043405F14245E7
S214000AA005F5801504EBC5008000016038BD104DCB
S214000AB0C0F30434F2E70F4DC0F304344FF4803033
S214000AC0FFF792FFEAE7C0F304340B4D1020F7E778
S214000AD0C0F30434094D0120F2E7094DC0F3043495
S214000AE0DCE7084DC0F30434D8E700BF00400E40F2
S214000AF050410E40F0400E40E8400E40E0400E40B0
S214000B00C0400E40B0400E40C0F30313013B092B1B
S214000B103FD8DFE803F0050B0F193E3E1F232C35A8
S214000B201D4BD3F80001C0F3042070471A4BD3F8CE
S214000B301401F8E7184BD3F80031C3F30063013310
S214000B400120984001387047134BD3F80C01C0F3CE
S214000B5008207047104BD3F80801F8E70F4B98426F
S214000B6017D10D4BD3F8203103F00F03E8E70C4BF9
S214000B7098420ED1084BD3F8283103F00303DFE781
S214000B80084B984205D1044BD3F8300100F00F0013
S214000B9070470020704700BF00400E4080061600D9
S214000BA090071A00A009140000F00F00013807286B
S214000BB04BD8DFE800F00412214A31354A3D294B74
S214000BC0D3F8940000F00700032849D004283ED04C
S214000BD002280CBF042005207047224BD3F8800063
S214000BE000F0070002283BD0042834D0012808BFB4
S214000BF0032018BF012070471A4BD3F8843003F047
S214000C000703013B032B03D8DFE803F00421232569
S214000C100120704703207047124BD3F88800DFE7A7
S214000C20104B1B6F13F0010F0CBF072009207047F5
S214000C300C4BD3F85C3103F03003202B0DD0302B57
S214000C400DD0102B08BF0720D3E7002070470220E6
S214000C507047062070470A20704704207047082017
S214000C60704700BF00400E4008B50146FFF79CFFE6
S214000C701A4B994211D01A4B994212D0194B9942ED
S214000C8004D1194BD3F8800000F007000138032880
S214000C9021D8DFE800F00A0E1612134BD3F88400B2
S214000CA0F2E7114BD3F88800EEE7BDE808401DF0E8
S214000CB0E2BABDE80840FFF78BBCBDE808401DF06F
S214000CC0DDBAFFF717FC084BD3F80031C3F3006317
S214000CD00133D84008BD0020FCE700BF0300200019
S214000CE00500240002001E0000400E4000F47813A9
S214000CF0B3F5A01F10B5044654D01ED8B3F5202F68
S214000D006CD009D8B3F5003F41D0B3F5802F33D06F
S214000D10002B63D0002010BDB3F5602F57D0B3F57D
S214000D20801F6CD0B3F5402FF4D1FFF7E3FB3F4BA9
S214000D30D3F81431C3F3042325E0B3F5001F3BD0EA
S214000D400FD8B3F5D01F39D0B3F5F01F25D0B3F5C3
S214000D50B01FDFD13648FFF787FF344BD3F820317A
S214000D6026E0B3F5481F3DD0B3F5781F54D0B3F551
S214000D70101FCFD12F4811E0FFF7BCFB2B4BD3F849
S214000D800C31C3F308230133B0FBF3F0C3E7FFF7DE
S214000D90B1FB264BD3F80831F3E72548BDE81040F1
S214000DA0FFF762BF2348FFF75FFF204BD3F83031D1
S214000DB003F00F03D840AEE71F48EFE71E48FFF7E3
S214000DC053FF1A4BD3F8283103F00303F2E71B480E
S214000DD0FFF7EAFE072812D009289BD1BDE810408D
S214000DE0FFF788BB1648FFF7DFFE072807D008285E
S214000DF008D004288ED1BDE81040FFF7B1BB114BD8
S214000E00186888E7FFF776FB084BD3F80031C3F382
S214000E10042303FB00007EE7FFF76CFB0146204639
S214000E201DF062FAB1FBF0F075E700BF00400E401F
S214000E3002001E00050024000300200006000E002D
S214000E40B8003200CC100020014B1880704700BF5D
S214000E50CC13002010B5042813D8DFE800F04703B1
S214000E602F132100294AC1F30801D2F86838002B55
S214000E70FBD1274A136A23F4FF7323F001030B43C5
S214000E80136210BD214A01F07F01D2F86038002BB2
S214000E90FBD11F4A136923F07F030B431361F0E76E
S214000EA01A4A01F07F01D2F86438002BFBD1184AA9
S214000EB0936923F07F030B439361E2E7144AD2F869
S214000EC09030536A23F0300343F010035362146BE0
S214000ED0104BC1F3C31003300F2803EA040328BFE6
S214000EE00F200B4343EA00731363CAE74F29074AF0
S214000EF028BF4F21D2F87438002BFBD1044A936BDD
S214000F0023F07F030B439363BBE700BF0020C84377
S214000F1000400E4000F8FF0F104A536A13F0300FDF
S214000F2018D0202913D0302914D000290C4B08BF24
S214000F304FF44003D2F8901033EA0101FAD15B0275
S214000F4046BFD2F8A000C0F38020012070474FF4BF
S214000F500003EFE74FF44003ECE700BF00400E400D
S214000F60FF03E10702280AD129B1064B4FF480603F
S214000F70C3F8A800596612B10220FFF7CDBF0120C2
S214000F80704700BF00400E400428F8B546D82F4BE7
S214000F9013F800C02E4B1D5C2E4B33F810702E4BF2
S214000FA033F810402D4B00293ED0022837D15C6A1A
S214000FB014F0300F33D15C6AE40705D55E6A26F07C
S214000FC0300646F010065E62254C244B25441F660C
S214000FD0AD002B68002BFCD002B36444A400236849
S214000FE0002BFCD0022819D1C1B11C4D696A11F042
S214000FF0010116D001222021FFF7B4FFD5F89C602E
S214001000012200210220FFF7BFFFC6F30A010220DB
S214001010FFF720FF2F662368002BFCD0F8BD0021C9
S214001020D2E7FFF779FFE9E701211C66A940D3F86C
S21400103090000842FBD1002AF0D00123074903FAAA
S2140010400CF3D1F890201A42FBD1E7E73B4C0200A4
S214001050364C02002C4C0200224C020000400E408F
S2140010608004F21008B5024698B901221146FFF72F
S2140010708BFFFFF7E1FC0D4B04225A67FFF73AFAA5
S214001080FFF790FCFFF75AFABDE808400021FFF78B
S214001090E5BC012807D10146FFF776FFFFF7CCFC39
S2140010A0024B0322E9E7FFF7C7FCE7E700400E40E4
S2140010B008B50C48FFF776FC012211460220FFF720
S2140010C063FFFFF7B9FC084B02225A67FFF712FAD4
S2140010D0FFF768FCFFF732FABDE808400021FFF78B
S2140010E0BDBC00BF0148E80100400E4010B50446F4
S2140010F01120FFF759FD002101220220FFF744FFCF
S2140011001B4A217C536A23F00103022908BF43F0DF
S21400111001035362174B2178C3F8A014936AE17A4F
S21400112023F007030B439362A188637A43EAC12343
S214001130D362136BA07A217A03F07F630343E088BF
S21400114043EAC02343EAC11303310F2928BF0F2106
S21400115043EA01731363A37B617B1B0143EA0133FC
S214001160E17B0B43217B43EA0143536310BD00BF81
S21400117000400E400000C843034B5868C0F3080008
S214001180003818BF0120704700ED00E01848194BE2
S214001190C26C1B88C2F303222833013202EB8201A1
S2140011A003EB5303B3FBF1F3C16C013B072B28BFE2
S2140011B0072321F0EE6141EA036343F48013C3641E
S2140011C00D4BB3F90030002B10DB2833510801EB30
S2140011D0420203EB5303B3FBF2F3026D072B28BF67
S2140011E0072322F0700242EA03130365704700BF2C
S2140011F000300E40CC540020C854002010B50C46D9
S21400120003283ED8DFE800F0022735391E4BD3F816
S214001210F031C3F3031003F00F020A2101FB002292
S214001220C3F30330C3F3032301FB00339B1A1749B0
S214001230581E884225D80131B1FBF3F3642161437F
S214001240A1F53531A1F5247103FB021101EB530121
S214001250B1FBF3F010BD0C4BD3F8F031C3F30350E1
S214001260C3F303420A2101FB0022180FC3F30363F2
S214001270DAE7054BD3F8F431CBE7034BD3F8F43178
S214001280ECE72046E6E700BF0081E00F7FB50100EF
S214001290084A1378013B012B0AD807490B6C03F068
S2140012A00303012B02D1CB6FDB03FCD503231370A2
S2140012B0704700BFAF58002000300E40054A064B6E
S2140012C0D16C1960D36C23F47F4343F4EE43D364AC
S2140012D0FFF75CBF00300E40A439002038B5164B2F
S2140012E0164DD3F8804145F60E02C3F880212A68D1
S2140012F022F0AA02D205D20D1A66114B1B78032BD8
S21400130004F0010412D0042B12D0022B02D10020CC
S214001310FFF7A8FE2B68DB075EBF074B02221A66A4
S2140013201CB1054B0022C3F8802138BD0120EFE731
S214001330FFF7BEFEEEE700BF00400E40A0390020DB
S214001340AE58002008B5054BD3F89020044B11206A
S2140013501A60FFF729FC034B187008BD00400E40CA
S214001360A0390020AE58002010B5044608B1FFF79B
S214001370E9FF124A136943F004031361FFF79EFF67
S214001380FFF786FF1DF0DAF81DF0D9F80C4B0D4A72
S214001390C3F8242430BF1DF0D3F802F001F90A4B3D
S2140013A01A680A4BDA64FFF7F1FE1CB9BDE8104074
S2140013B0FFF7C4B8BDE81040FFF790BF00ED00E0AF
S2140013C000A000400000FFFFA439002000300E40BF
S2140013D010B5044608B1FFF7B5FF184BD3F88021C7
S2140013E045F60E01D20748BF0022C3F880114FF41D
S2140013F02071196648BFC3F88021114A136943F06B
S21400140004031361FFF75AFFFFF742FF0D4B0E4A26
S214001410C3F824241DF092F830BF02F0C1F80B4B3D
S2140014201A680B4BDA64FFF7B1FE1CB9BDE8104032
S214001430FFF784B8BDE81040FFF750BF00400E40ED
S21400144000ED00E000A000400000FFFFA4390020EF
S21400145000300E400A4903798A6922F03F0213439E
S214001460027843EA8203427843EA4203827843EAF8
S214001470C203C278012A08BF43F001038B6170479C
S21400148000300E401A4B4AF6E85210B5596B5A63B4
S2140014909A6FD407FCD41B6C13F0030306D0154ACE
S2140014A001249842C2F8B44A0AD110BD18B9114BAB
S2140014B0C3F8B40AF9E7012802BF0F4B02221A70DC
S2140014C00B4B9A6FD207FCD41A6C22F0030202432D
S2140014D01A649A6F12F00102FBD10038054C18BF4F
S2140014E001200129C4F8B40A08BF5A63DDE700BF2B
S2140014F000300E400000C643AF580020A0F5E16360
S214001500B3F5966F2DE9F04102D90020BDE8F081D1
S214001510574C584BD4F81872B0F5E16F1CD0DD6C00
S214001520C5F301753C0E2E02C7F307474FF4966CC1
S2140015304FF4E16E01233343B3F5007F4C4E59D090
S21400154017D8B3F5807F52D040F20118434545D0F6
S214001550CBB9D6F81C3218E0DD6CC5F30175C7F3BD
S21400156007242E02FFB24FF4167C4FF4966E00232B
S214001570E1E7B3F5407F40D040F20138434533D031
S214001580D6F8283201E0D6F82432C3F30726DBB2B9
S214001590A4EB0708A0EB0E0E0EFB08F8B8FBFCF851
S2140015A04744A742B1D8F41A0EFB04F4B4FBFCF48B
S2140015B01C44B442A9D872B12E4AD36DB0F5E16688
S2140015C023F4FE4318BF012623F0020343EA460332
S2140015D043EA0723D36599B9012097E7D6F8243262
S2140015E01E0EC3F30743D3E7D6F82832F8E7D6F83B
S2140015F01C32F5E7D6F82032C7E7D6F82032EFE7F8
S2140016001B4BD3F80021D2B2032A07D8B0F5E16FFE
S214001610D3F82C320AD0C3F3072308E0022DD3F800
S214001620303220D0032D21D0012DF4D0DBB21B03A5
S21400163013F4702F7FF469AF0E49CA6E22F470421D
S2140016401343CB664B6E23F4FF7323F00103B0F510
S214001650E16F18BF43F00103E72C28BFE72443EAF5
S21400166044034B66B8E7C3F30743E0E71B0EDEE729
S2140016700081E00F00300E40184B1A6FD96C11F045
S214001680010F02F0060213D092B1132821D91438A4
S21400169013288CBF102308231048013BC26C190383
S2140016A022F47F4241EA03231343C364FFF76EBD6F
S2140016B0D96C01F00101114304D1092809D90A386F
S2140016C00928E6E7DB6C13F00103E5D01AB92728F2
S2140016D0DFE70423E0E70023DEE700BF00300E402C
S2140016E0064A074BD3F88039136F23F007030343EA
S2140016F01367044B1888FFF7BFBF00BF00300E40CB
S2140017000000C643CA5400204E4B37B502229A63E7
S2140017109B6B03F00F039342044603D00025284634
S21400172003B030BD484BD3F81C32013312D0474BC0
S214001730D96B9A6B1160596C1A6C1160D96C9A6CE3
S2140017401160596D1A6D1160D96D9A6D11605A6EDF
S2140017501B6E1A60E288A188B4F90C004A2A65D983
S214001760B2F5FA7F64D340F6C3139A428CBF4FF0AB
S21400177040524FF00052334DEB6C23F0405323F0B1
S21400178001030028A8BF43F001031343EB64304B6A
S2140017901980EB6E43F08073EB662E4BD3F880090E
S2140017A000B10420FFF79CFF2B6E23F0C0432B668E
S2140017B0EB6C43F0060301A8EB6400F0ABFA9DF86F
S2140017C00500012811D19DF80430022B0DD82249BE
S2140017D00B7853B96B6C214A43F001036B642B6E94
S2140017E01A401F4B13432B6608701E4B2189198025
S2140017F01D4BB4F90C20A0881A80FFF73DFFA37B91
S214001800CBB1012B1BD0012260881146FFF776FE74
S2140018100546002882D0A37A0E4A003B18BF012353
S214001820C2F894376078FFF72DFE78E70022A2E72B
S2140018304FF080529FE7034B0C4A9A65E3E7014B53
S2140018400B4AFAE700300E400081E00F0080E00F00
S214001850CA5400200000C643AF580020000F0EF008
S214001860B4C0400BCC540020C8540020774020570A
S214001870372110B7F8B506788768416804463046C1
S214001880FFF7BCFC394605463046FFF7B7FC024674
S214001890D6B9237B617B9B0043EAC103A17B0B4344
S2140018A00A21B5FBF1F043EA005301FB105543EA69
S2140018B00543B2FBF1F043EA003301FB102243EA92
S2140018C00222024BC3F89020F8BD00BF00300E4045
S2140018D00328054B94BF0130002003449B00186882
S2140018E0003818BF012070472080F1101F4A10B53D
S2140018F0D2F8903168B9012B33D14AF6E851C2F8D4
S21400190090111A49D1F8642142F07402C1F864219A
S2140019100EE0012B06BF4AF6E851C2F890110023EC
S214001920022820D1D2F8641121F07401C2F86411A3
S2140019300E4A0F4CD2F89C1141F00801C2F89C11D7
S214001940E16B21F4406141EA8021E163D2F89C1109
S21400195021F00801C2F89C1113B10023C2F890319F
S21400196010BD0346CDE70220CBE700BF00300E4097
S21400197000400E40144A1548D2F8B030C3F307436F
S21400198007EE103AD2F80431DBB207EE903AB8EE22
S214001990E76ADFED0F7AC6EE276ADFED0E7A76EE9F
S2140019A0A76A026A016AD2B2C9B28A42F9D19B1A00
S2140019B007EE903AF8EEE77AB8EEC77A07EEA67A20
S2140019C017EE100A704700BF0081E00F00300E408F
S2140019D00000C842A8C68B3E00EB4000F8B50D4696
S2140019E01F46040116463AB1154801238B40204491
S2140019F0C7B100F1C0600360072D4FF00F0114D887
S214001A00AB00104806FA03F2994020441CF09DFDF6
S214001A103EB90B4A0123AB40224477B102F1C062C3
S214001A201360F8BD00F18060E5E7A5F108039B00B0
S214001A30054806FA03F29940E7E702F18062EFE70D
S214001A400CA0004004A0004008A00040044B41F653
S214001A5071321A649A6822F001029A60704700BFD9
S214001A6000000E40034B9A6822F001029A600022A2
S214001A701A64704700000E40094A0A4BD969C90724
S214001A8005D512B96FF002007047013AF6E7002A52
S214001A90F8D001221861DA60D86940F380007047F8
S214001AA08096980000000E4070B509B9002070BD01
S214001AB00E4A0023082550F8234094610C4CD5604C
S214001AC00133D669F60705D514B96FF00200EEE7C4
S214001AD0013CF6E7002CF8D0D469A40702D499425A
S214001AE0E9D1E3E76FF00100E1E700BF00000E4038
S214001AF080969800224B2DE9F0470D4641F671314D
S214001B001E6C1964996841F001018146B6B299606D
S214001B109708A8464FF0000ABA450ED30020D9F819
S214001B2000202B689A420ED04846FFF7A5FF50B912
S214001B3001212846FFF7B8FF05E009EB8A04204696
S214001B40FFF79AFF48B10E4B9A6822F001029A609E
S214001B500EB100221A64BDE8F087C4F30A01C1F58D
S214001B6000618908A7EB0A03994228BF1946404638
S214001B70FFF79AFF0028D2D18A4408EB8108CBE70A
S214001B8000000E40214B41F671311A6C19649968B9
S214001B9041F00101996001211861D960D9694907AE
S214001BA092B209D5996821F0010199600AB1002224
S214001BB01A644FF0FF3070470221D9601449D86983
S214001BC0C00700D569B9D86910F002000BD0996833
S214001BD021F0010199600AB100221A646FF0010039
S214001BE070470139EBE741B9986820F0010098602A
S214001BF002B119646FF002007047996821F0010184
S214001C0099600AB9002070471864FBE700000E4090
S214001C1080969800014B01229A60704700500E4053
S214001C20194BF0B500215D68184C194E194F08463F
S214001C30D6F8E8C1626823681CF0040F0BD1B3F530
S214001C40006F06D01DD8B3F5007F02D0B3F5806FC5
S214001C5001D142F48072D7F888C01CF4807F18BF88
S214001C6022F01C022B4202D02A4208BF1843013140
S214001C70092904F10804DBD1C30348BF20F01C0087
S214001C80F0BDB3F5803FE3E700500E40404C020045
S214001C900040E00F00300E408B784A789B0143EA04
S214001CA082030A781343CA7843EA02130A7943EA9E
S214001CB0C2234A7943EA02338A79043043EA42432C
S214001CC00001014A1350704700200440014B186081
S214001CD0704700BF00008442437882789B0043EA46
S214001CE0021302781343C27843EA4213027943EAA6
S214001CF00223427943EA0233827943EAC233C27945
S214001D0043EA0243027A43EA4243014A13607047B9
S214001D10002004400D4AD2F8E430D2F8E0109B00D0
S214001D2003F03C03C1F381110B438370D2F8E0301B
S214001D3003F03F034370D2F8E830D2F8EC2003F00B
S214001D40F003C2F3031213430370704700FF0FE063
S214001D50024BD3F8FC00000E704700BF0081E00F76
S214001D60044BD3F8E4301B0E0A3303F01F030120A4
S214001D70984070470081E00F70B5054616461C4631
S214001D8019B91448FEF7B2FF0146402C1BD003D801
S214001D90DCB1202C1BD070BD602CFCD1042303FBCF
S214001DA006F2530803EB4113B3FBF2F30A4A203B57
S214001DB002EAC3032A6822F060022A602A681443F3
S214001DC02C606B61E7E70623E9E71023E7E70823C3
S214001DD0E5E700BF40410500F8FF7F0040F6AA6334
S214001DE0C36041F205020023036042600B4A836031
S214001DF04361C36482640A4A03669042436783670A
S214001E00C36705D002F58062904203D083657047B1
S214001E100365FBE703658365C3657047F9FF01004B
S214001E200000014038B504461FF036FF0FCC044DC5
S214001E300FC594E80F0085E80F00002038BD00BFEE
S214001E40A839002047F6FF739A42F0B572D00629EB
S214001E5072D83A4B5B5C022B6ED8394D05EBC30447
S214001E60DF00A17815F83330012938BF0121012B96
S214001E7013D1E0780025401AA84202D80844C0B220
S214001E80F0BD431BA0EB5303666836F91360964219
S214001E90CCBF03F1FF301D46EEE760680028EFD0A8
S214001EA0B0F90040944204DBB0F902409442B8BF57
S214001EB014468388FF2B04BFB0F90620B0F908C08B
S214001EC03D440FBF01260026C8224FF0280C131BE6
S214001ED093FBFCF333446E781BB29E4201DD002B6D
S214001EE001DA731E1BB201339BB24FF47A7C071DD6
S214001EF05D1E2DB24FEAC50E00EBC5059E42EA8870
S214001F00AD6814FB025222EAE27202F15C02B2FBF6
S214001F10FCF205DD37F83350954203F10103E7D2B2
S214001F2000EB0E039888904228BF1046884238BFC0
S214001F300846A4E7FF20A3E70020A1E7884C02009C
S214001F40A83900200629F0B561D8324B595C022921
S214001F505DD8314B13F83100012816D103EBC103CD
S214001F609C78D8785B68012C214638BF01219042C6
S214001F7094BFC1EB0001C1EB0201CAB2001B824252
S214001F80C8BF002233F91200F0BD002A3DD003EB93
S214001F90C103596800293AD09878904202D3B1F923
S214001FA00200F1E7DC78B1F900009442ECD95C78E5
S214001FB08B88A3F1FF06013C734201F10405E4B2ED
S214001FC0734101F10C07DEB2B44216D805EBC30329
S214001FD04FF47A75B3F902405B686A43D21A04EB91
S214001FE0D47302EB630292FBF4F29042CCDBB1F9BD
S214001FF002009042C8DC10B2C6E737F833C09445FA
S21400200003F10106E2D33346DDE70448BCE70448A3
S214002010BAE700BF884C0200A83900200CFEFFFF7C
S2140020200080FFFF08B50448FFF7FCFEBDE8084047
S21400203001201FF056BE00BF904C02007FB5142250
S214002040002101A81FF035F9044B029301A94FF0B7
S214002050FF301FF082FE07B05DF804FB006A180030
S214002060024B03480122C3F8042670470010C843F9
S21400207000000F40054B984201BF03F16E7303F555
S21400208088330022C3F80426704700BF00000F40C4
S21400209010B504462369DB07FCD404F180001CF06D
S2140020A080F9014B236510BD510545012DE9F0432C
S2140020B0064689B0174698460C4600294DD1FFF7CC
S2140020C0CFFF0146044630461CF0AFFA4FF0010938
S2140020D096F86C5006F15C01C5F10F06C5F10E03CB
S2140020E0F6B22A460DF1010001358DF800301FF0DA
S2140020F0A8F8324600210DEB05001FF0DAF8C6F10D
S214002100100001233246002168448DF80F301FF07E
S214002110D0F81CF0EEF804F1800605466946304615
S2140021201CF03FF90E4B23652369DB07FCD404A99A
S21400213030461CF053F928461CF0DFF8424604A946
S21400214038461FF07EF8B9F1000F02D02046FFF7A0
S21400215091FF002009B0BDE8F0834FF00009B7E713
S214002160055101002DE9F04F89B00546DDF848908D
S21400217016461F460C4639BBFFF772FF014604465B
S21400218028461CF052FA4FF0010B6B6C33446B641C
S2140021901CF0AFF88246D6B950461CF0AEF8BBF13C
S2140021A0000F0ED01CF0A5F805F14C01064604F110
S2140021B084001CF013F930461CF09FF82046FFF709
S2140021C059FF09B0BDE8F08F4FF0000BDDE72B7923
S2140021D0102EB04628BF4FF01008012B0DD110224C
S2140021E0002168461FF065F83946424668461FF0EB
S2140021F028F869462046FFF74BFF394604F18C0065
S2140022001CF0CFF8124B2365012363652369DB07B7
S214002210FCD404A904F180001CF0E0F804A94246AE
S21400222048461FF00EF8297961B9102268461FF05B
S21400223040F84946424668461FF003F8694620467D
S214002240FFF726FFC1444744A6EB0806A3E700BFF6
S2140022504805590370B5048804F4E043B3F5005FFD
S21400226005461ED1C4F30223042B1AD181F0AA63BB
S21400227083F4807333F47E13204821F47E1618D03E
S21400228081F0AA6383F4007333F47E1311D0864280
S21400229030D1B4F5105F0CBF6FF086006FF085008C
S2140022A070BDB4F5105F25D1144B21F47E11994210
S2140022B0F1E786424FEA1143C1F305411AD1B4F55E
S2140022C0105F17D104390C2911D813F001000ED174
S2140022D0073A062A0BD86B88C02B0BD0B3F5807F45
S2140022E0DED0802B0CBF00206FF08600D8E76FF0A2
S2140022F08600D5E76FF08500D2E700BF00014005F5
S2140023002DE9F04FA7B0DDE93475DDF8D880DDF8AB
S214002310EC90089206461C468A4629B96FF086025B
S214002320104627B0BDE8F08F0028F7D0309B002B72
S214002330F4D0329B13B9339B002BEFD1002F7DD105
S214002340002DEBD1389B002BE8D0B9F1000FE5D07B
S2140023503A9B002BE2D0399B002BDFD0338803F466
S214002360E042B2F5005F74D1C3F30222042A70D1B2
S21400237084F0AA6383F4807333F47E1306D084F06B
S214002380AA6383F4007333F47E136BD1C4F305435E
S214002390319AC9F80030214630460993FFF75AFFB4
S2140023A002460028BCD17288089BB3EBD20F4FEAD6
S2140023B0D20BB3D3379B9D425FD83A9A099B934280
S2140023C05BD8474508D27B19984505D239462A4638
S2140023D040461EF054FF4746702200210AA81EF011
S2140023E068FF5A4651460DF12D00CDF850B01EF04C
S2140023F028FF234B24F47E149C423BD13388B3F54C
S214002400105F37D1D9F800300693399B0397CDE992
S2140024100483339B0293329B0193319B00932A469D
S214002420309B01210AA81CF01BFA0246E0B9389B33
S2140024301D6070210AA81CF00BFA71E7002D81D0F0
S214002440B8F1000F3FF46AAF379B002B7FF47AAFEA
S21400245064E742F20402934204D184F0052383F435
S214002460801390E7002393E7389900230B60C9F8A0
S2140024700030DEE76FF08502DBE76FF089024FE79A
S214002480000140052DE9F04FABB0DDE938A4DDE9E9
S2140024903B658946099298460746002800F0A280C8
S2140024A0002900F09F80349B002B00F09B80369B19
S2140024B01BB9379B002B40F09580BAF1000F02D174
S2140024C0002C40F08F801DB93D9B002B40F08A8089
S2140024D03E9B002B00F086803A9B002B00F082800B
S2140024E0359A41463846FFF7B5FE0246002866D1C3
S2140024F07A88099BB3EBD20F4FEAD20B72D33D9B7F
S2140025009C4272D8AA4509D20AEB0402954205D22B
S2140025105146224628461EF0B2FEAA4670220021E8
S2140025200EA81EF0C6FE5A4649460DF13D00CDF8EF
S21400253060B01EF086FE2E4A28F47E1800219045D4
S214002540CDE90A11CDE90C1149D13A88B2F5105FF0
S21400255045D1379B0293369B01930AAF359B009378
S2140025602246CDE90457349B0696CDF80CA00EA85B
S2140025701CF076F90246C8B93A9B384603EB060CBF
S21400258090469C451FD11EB1314638461CF060F976
S214002590B8F1000F20D03E9A002313601CB12146EC
S2140025A028461CF055F96FF0940204E01EB131463F
S2140025B038461CF04DF970210EA81CF049F910465B
S2140025C02BB0BDE8F08F10F8011B13F801EB81EA81
S2140025D00E0148EA0108D4E73E9B1C60EBE76FF06B
S2140025E08502E8E76FF08602E9E76FF08902E6E722
S2140025F0000140052DE9F04F8FB09846DDF86CA03D
S214002600049093460023B8F1000F16D0D8F8004087
S2140026101029CDE90633CDE908330CBF0823102373
S214002620029300255D450AD3B8F1000F01D0C8F823
S214002630004000200FB0BDE8F08F4446E8E75CB1EC
S214002640199B1A9A1B5D525D013453400AF80530F7
S21400265004F00F040135E5E7FFF702FD4FF44043B1
S2140026604460036006461BF044FE029A049907463F
S21400267030461BF0E8FE06F18403184618990193CD
S2140026801BF08FFE3846ABEB05071BF036FE27F037
S2140026900F0706F1A0032F440593AAF11009BD42C7
S2140026A034D11A9B3B440AAD03F1100C18685968E4
S2140026B02A4603C2083363451546F7D10F2F0ED9B5
S2140026C00AEB070306AD103B0DF1280C2A4603CA99
S2140026D0624518605960154603F10803F6D106F105
S2140026E0800357440AEB0B0903934F4536D11BF082
S2140026F000FE1899054601981BF070FE28461BF050
S214002700FCFD3046FFF7B6FC5D468BE71BF0F1FD9F
S214002710224B039033653369DA07FCD41A9B05987D
S21400272059191BF03EFE0F2D0ED90DF1180C09EBB2
S21400273005020DF1280E634603CB73451060516009
S2140027409C4602F10802F6D106A906F180001BF0AD
S21400275045FE03981BF0D1FD1035A0E774B91BF0B9
S214002760C8FD0E4B336505463369DB07FCD403987A
S21400277019991BF033FE28461BF0BFFD04F1380301
S2140027800DEB0302199B12F8102C1B5D013453400D
S21400279007F8013B04F00F04A7E700BF4805030154
S2140027A02DE9F74FDDF848A0DDE90E74DDE9106885
S2140027B083461D46894621B96FF0860003B0BDE802
S2140027C0F08F002AF8D00FB9002CF5D116B9B8F161
S2140027D0000FF1D1BAF1000FEED02E4B9D4215D06E
S2140027E00BD82D4B25F4807199420FD003F58063EA
S2140027F09D420BD06FF08500E0E7284B9D4205D048
S21400280025F40071A3F580739942F2E7BBF8003017
S214002810B3F5105FEED1BBF80230B2EBD30FE9D3BD
S214002820802B02D0B3F5807FE4D124B3B7420AD21E
S2140028303B199E4207D24445BED83946224630460A
S2140028401EF01DFD3746164BBBF802B09D424FEA00
S214002850DB0BCFD14445AFD814F00F05ACD17319BC
S214002860009301227B19594648461CF032F830B9CD
S2140028701035AC42F3D8CAF8004000209EE7424626
S214002880002130461EF015FD0023CAF800306FF018
S214002890920093E70010C004004040040012C004F9
S2140028A0004440042DE9F04F91B0DDE91A4ADDE915
S2140028B01C56DDF8789007469B46884629B96FF087
S2140028C08608404611B0BDE8F08F002AF7D014B94C
S2140028D0BAF1000FF3D10DB9002EF0D1B9F1000F07
S2140028E0EDD0574B9B4515D00BD8564B2BF480712B
S2140028F099420FD003F580639B450BD06FF0850897
S214002900DFE7514B9B4505D02BF40071A3F5807390
S2140029109942F2E73B88B3F5105FEFD17B88B2EBC4
S214002920D30FEBD3802B02D0B3F5807FE6D1BAF17C
S214002930000F04D1C9F800A04FF00008C1E7AC4270
S2140029400BD204EB0A039D4207D2B245B7D8214604
S214002950524628461EF093FC2C46394B7F889B45F2
S2140029604FEAD70758D003F540739B4521D0374B25
S2140029709B45C3D1B245A2D81AF00F0B9FD1404653
S2140029803B4608AA39461BF0DEFF8046002898D151
S21400299005EB0B030093002204EB0B03394608A853
S2140029A01BF097FF804670BB0BF1100BDA45EFD893
S2140029B0C0E7AAF10D0AB2453FD801238DF81030C2
S2140029C00DF11102234604F10C0153F8040B42F8F2
S2140029D0040B8B42F9D11B7813704FF48073ADF85B
S2140029E01E300D3404ABCDE900334046CDE9024538
S2140029F0002352463946FFF7FDFDC9F800A0804681
S214002A0000283FF45EAF3246002128461EF051FCF7
S214002A100023C9F8003054E7AAF1100AB2453FF681
S214002A204EAF04AA04F1100C20686168134603C375
S214002A30083464451A46F7D1D4E76FF0890840E7B2
S214002A400010C004004040040012C00400444004CB
S214002A507FB5094B6A4603F1100615461868596893
S214002A60144603C40833B3422246F7D12846FEF77D
S214002A704BFE002004B070BD484D020070B5184BE8
S214002A8086B001AA03F11006154618685968144660
S214002A9003C40833B3422246F7D11B882380114B68
S214002AA0D3F8B420120316D5A3F500434FF6FF72F1
S214002AB01B88934208BF4FF4B4730B48ADF80A3036
S214002AC0FDF754FD2846FEF711FB3220FEF7BCF951
S214002AD0002006B070BDD3F8B830C3F30803ECE7A7
S214002AE0584D02000081E00F00F0490210B50C4876
S214002AF00C4C6FF00403A02113F0800F03F10102C9
S214002B0007D12344222A83F800131346F4D1002069
S214002B1010BD03F00F03043B034419761346EBE79E
S214002B2000ED00E000E100E007B500F05FFF6A4658
S214002B3000F0C2FF18B1044852211BF067FFDDE920
S214002B40000103B05DF804FB6A4D020008B500F012
S214002B5081FE18B102487A211BF058FF002008BDFC
S214002B606A4D020008B500F04FF80E4A536A43F467
S214002B70E0235362EFF308830B4A043B4FF0CD315A
S214002B8093420BD2FDF7A0FE084B01221A61FFF715
S214002B90DDFFBDE808400648FFF744B943F80419CE
S214002BA0EEE700BF00ED00E00000002000300E4021
S214002BB0904C020007B504220DEB020100201FF026
S214002BC048F8042804D0054840F267111BF01EFFA1
S214002BD0019800F0E7F903B05DF804FB6A4D0200C7
S214002BE010B50A0A41400748C9B2082301F001049B
S214002BF0490804B14140013B13F0FF03F6D181EAD6
S214002C00020010BD2083B8ED10B5FFF709F80446A2
S214002C10FFF700F8E30721D401221046114600FA18
S214002C2001F3234002F101021AD0214B33F8113090
S214002C302049062B19D040F20722934212D14FF0BA
S214002C4000524FF20F00548884420BD110889842ED
S214002C5008D14CF23C335380088010BD0021E4E7D5
S214002C60112ADBD1134A138012E04FF000534FF2C3
S214002C700F025888904218D11B88B3F5406F28BFC2
S214002C804FF4C0630B804FF000534CF23C325A8036
S214002C90084B1A8840F201739A4201BF064A074B56
S214002CA0D2E90001C3E90001D7E74FF4C063E9E7C2
S214002CB0D04D0200CE54002090100020C8390020CD
S214002CC010B504461BF01CFB194B4AF6E8529A60F6
S214002CD05A639A6B02F00F02022A13D1154AD2F8F1
S214002CE0C820520742BF144A012111641B6C03F02E
S214002CF00303013B012B9FBF104B0022C3F8702C2F
S214002D00C3F8802E4FF000534FF20F021C805A80FB
S214002D10BFF35F8FBFF34F8F09490A4BCA6802F4AF
S214002D20E0621343CB60BFF34F8F00BFFDE700BFE9
S214002D3000300E4000400E40004008400000C643F1
S214002D4000ED00E00400FA056B4A6C4B2DE9F041FB
S214002D5055685D65516A996569496A4CD1F8000203
S214002D60D865D1F804121966916A5966D16A9966CF
S214002D70116BD966516B1967D26B586B5A67D3E9DA
S214002D800E1210F0040F18BF11465F4A1A65002095
S214002D909142D8645DD301F12000A04259D88869D9
S214002DA01864C5F30805CE695E64062D55D1574DE7
S214002DB0A84252D3564DA8424FD205884DF64260DF
S214002DC085424AD11868C3F890005868C3F8940042
S214002DD040F20170A242154605D22E68B6F1CD3FEC
S214002DE002F10402F6D00022C3E91E22C3E9202223
S214002DF0C3E92222641BDFF814C1424DDFF810E15C
S214002E009C648D422CD8D3E91EC7D3E92065D3E94C
S214002E1022414FF0000E013AD2B2FF2A3BD1BEF15A
S214002E20000F05D0C3E91EC7C3E92065C3E92241E8
S214002E30B3F85430C3F30803DA1E0F2A52D8DFE87B
S214002E4002F03458414451515151514E5151515153
S214002E5051380021C3E910112B494FF42060B9E71F
S214002E6055F8044D6445CCD37445CAD2E607C8D598
S214002E70284F002657F8048FA045C2D00136062EEC
S214002E80F8D132B1013AD2B202F11E0643F826401A
S214002E90B7E70522F8E7E0464FF0010EBC46374696
S214002EA02E4625460C464146B5E740F60120BDE8CD
S214002EB0F081194BDB6913F0020F40F2025318BF82
S214002EC01846F4E740F60320F1E740F2017240F6B8
S214002ED00423B0F5206F14BF10461846E7E740F607
S214002EE00520E4E7013B40F60722302B98BF10464A
S214002EF0DDE740F60220DAE700ED00E000100020F3
S214002F0000E100E00010002000000020C8000000E3
S214002F10C04B0200741000200020054000F00CB8E2
S214002F2000F00AB800F008B800F006B800F004B8E0
S214002F3000F002B800F000B872B61EF0080F09D014
S214002F401EF0040F0DD0DFF850E0AEE8FF1F6FF064
S214002F5002000CE0DFF840E0AEE8FF1F6FF00E0066
S214002F6005E0DFF834E0AEE8FF1F6FF006006946C4
S214002F70EFF309828EE8070086460848084C854528
S214002F8001D3A54501D384F30888FFF7DDFE84F35B
S214002F900888FFF795FE0000001000204000002083
S214002FA00010002083B24BF6EF62002B08BF1346DA
S214002FB0044A000C13804FF6CE2308BF1846024B77
S214002FC018807047D0130020CE1300200B4BB3F9A7
S214002FD000201888002AB8BF80F0620042001A80DD
S214002FE0074AB2F9001013880029BCBF83F4805347
S214002FF083F00B035900118058407047D01300200F
S214003000CE13002008B500F043FF60B10A4B03441E
S214003010072B0DD8072B0BD8DFE803F00C060A08A1
S2140030200A0A0A04C12008BDC320FCE7C420FAE748
S214003030C520F8E7C220F6E7FF1FFF0F054B1A78FA
S2140030402AB95B78002B0CBF0320022070470120B2
S214003050704700BFB95800200329F8B598BF134B36
S214003060054698BF5C5C0E4688BF0024032805D83A
S214003070DFE800F002080B0E44F002040C4B1F6859
S2140030804FB9F8BD44F00804F8E744F02004F5E72B
S21400309044F08004F2E77B681A68144203D05B6849
S2140030A03146284698473F68EAE700BFF84D0200D9
S2140030B0FC39002038B5104D2B78ABB10F4C237877
S2140030C01BB11BF0DAFC0023237000201BF0D6FC9B
S2140030D00B4C50B100F082FA002320782B700121AF
S2140030E0FFF7BAFF0123237038BD064B01221A7082
S2140030F0054B22781A70F7E7B5580020B358002021
S214003100BB580020B6580020B758002010B51BF05A
S214003110F0F8064B1B7804461BB1BDE810401BF0C8
S214003120ECB8FFF7C7FF2046F7E700BFB25800200D
S214003130094A137830B101331370084B1B78012B02
S21400314003D87047013B13707047054B1B780BB9CB
S214003150FFF7B0BF704700BFB9580020BB5800202B
S214003160B658002070B5144E1BF0C3F833780546E9
S214003170ABB900F06FFB044620B128461BF0BDF843
S214003180204670BDAFF300800C481BF06BF800F0D3
S2140031903FFE0B4B1C6000F043FC0A4B186000F02F
S2140031A0C7F91BF06DFC084B1860012328463370E6
S2140031B000241BF0A2F8E3E7BC580020FC390020EE
S2140031C0D0390020F8390020D43900202DE9F84302
S2140031D0284A0138135C39B1274F39780133012961
S2140031E0135404D8BDE8F883013B1354FAE7FFF7FD
S2140031F025FF0128044635D8DFF888801BF079F8CB
S21400320098F80030054613B31C4E33781BB90122DC
S21400321032701B4A1370DFF8709099F8003023B1B3
S2140032201BF02BFC002389F8003028461BF065F8BD
S21400323001201BF023FC1BF05CF8337805461BB11D
S21400324000F0CCF900233370002388F800302846BD
S2140032501BF053F838788442C4D02146FFF7FCFEB2
S2140032603C70BFE70329F5D10228F3D100F002FA3B
S214003270F0E700BFB9580020BB580020B258002025
S214003280B6580020B5580020B358002038B51BF0BB
S21400329030F8094B1B78012B054604D81BF02DF897
S2140032A00024204638BD054B1C6800F0D5F90444C0
S2140032B028461BF022F8F4E7BB580020D03900203F
S2140032C038B5416004461BF014F82146054604480C
S2140032D01AF0CBFF2846BDE838401BF00EB800BFFA
S2140032E0FC390020054B1B68584300F57420044B3E
S2140032F000F23F20B0FBF3F0704700BFF839002023
S21400330040420F002DE9FF47EFF3108772B6AFF388
S21400331000801DF0C8FE002871D0714EDFF8E481F1
S214003320337823B10020FFF703FF00233370FFF745
S21400333085FE0446002869D0841EE4B2012C6CD9B0
S214003340FFF77CFE0128674CDFF8BC91054600F2CB
S2140033508E802078A84205D099F80030002B00F027
S214003360B2802570207800F061F999F8003013B12A
S2140033705D4B1B782370AFF3008007B962B6EFF39E
S214003380108772B6594B1A7852B100221A70564BF3
S21400339020781B78984203D101212170FFF75CFE4C
S2140033A0534800F091FA1DF08DFE05460028B7D16F
S2140033B0DFF8588198F80030A3B189F80000DFF8EC
S2140033C0409199F800301BB11BF057FB89F800506C
S2140033D000201BF053FB002879D000F0FFF80023F4
S2140033E088F80030337823B10020FFF7A1FE0023D1
S2140033F0337020780021FFF72FFE00232370AFF3F1
S214003400008007B962B604B0BDE8F0873378002BB9
S21400341096D0FFF78DFE347092E703A9002000F0E7
S214003420A1FA044600288BD1D8F80030039A9A42B5
S21400343005D80120FFF77CFE0123337080E72D4B73
S2140034401D6800F009F9039B05449D42F1D200F087
S21400345027F982000399264842F0020292B2CDE98B
S21400346000422346244A491B1BF00EFB68E7DFF8A0
S2140034709CA09AF80030CBB91BF0FCFA2078854265
S21400348003D099F80030D3B125709AF80030002B9D
S2140034907FF468AF194B1B7823B91BF0EDFA184B75
S2140034A001221A7001238AF800305BE720788542F3
S2140034B03FF458AF99F80030002B7FF452AF2946FE
S2140034C0FFF7CAFDE0E72946FFF7C6FD49E70120FA
S2140034D000F0ACF807B962B6EFF3108772B677E77C
S2140034E0B4580020BB580020B7580020B058002021
S2140034F0D8390020D03900200D310000B8580020FF
S214003500B3580020D4390020B6580020B558002003
S21400351010B51AF0EEFE054B00221C781A701AF051
S214003520ECFE00F095FB2043C0B210BDB158002061
S21400353008B5154B5A6A5A6AD3F8903003F004035C
S214003540002B124B14BF012200221A7005D04FF434
S2140035501670FFF7C7FE0E4B18600E4B1B68012057
S214003560C3F303239840C0F1010000EB80006430F1
S214003570FFF7B8FE084A136803441360024BD3F8FB
S2140035809020064B1A6008BD00400E40BE58002032
S2140035900C3A002000200440043A0020003A0020A4
S2140035A008B50B4B1B7893B1022000F003FC70B1FA
S2140035B000F008FA58B1002201210220FDF7E4FCD1
S2140035C01BF0A5FA034B1860034B01221A7008BDC6
S2140035D0BE580020083A0020BD58002038B50E4CD2
S2140035E00E4D23782BB92B781BB11BF090FA0C4BA1
S2140035F018601AF0A8FF2B786BB10A4AD2F8903000
S2140036001B07FBD51BF083FA054B1B68C01A064B3D
S21400361018600023237038BDBD580020BE58002017
S214003620083A002000400E400C3A002002280AD03B
S21400363003280BD001280CD1064A136923F0040393
S214003640136130BF70470020FDF78EBE0020FDF7E7
S214003650BFBE704700ED00E0044B1B680BB103EBE8
S214003660D303034A10681844704700BF0C3A002082
S214003670043A0020084B45F60E02D3F88011C3F832
S2140036808021064A126802F4A0721A66CA0744BF6E
S2140036900022C3F88021704700400E40003A002008
S2140036A0014B1878704700BFBE58002038B500F0B0
S2140036B01FFB094C094B1A6823680025C31A2AB158
S2140036C023B15169994203D3C91A5161206038BDAC
S2140036D055615B1A9268F2E7143A0020183A002007
S2140036E0C38870B504460D463BB9FFF7CFFD85424B
S2140036F0064602D21BF0B2F935460E4965610B68E4
S2140037008BB90C60A3600DE0AD1A9A686561184627
S2140037106AB113465A69AA42F6D930B18460521B80
S214003720A3605A6170BD0020F4E70C60F7E79C6068
S214003730A260F7E7183A002038B5134D2B685B698E
S21400374093B1124A146802201C4400F005FB204680
S21400375000F0D4FA0E492A6800230B70D088800740
S21400376009D501230B7038BD022000F0F5FA0220BF
S21400377000F018FBEEE79268002AF4D05069034484
S214003780012BEBD9EFE700BF183A0020143A0020CF
S214003790C058002070B516469DF814200271049A91
S2140037A00260C0E903360022BDF818308260044685
S2140037B00D46C380EEB900F09BFA2844A0619DB187
S2140037C02E461AF096FD0546FFF770FF3146204656
S2140037D0FFF786FF104B1B68A34201D1FFF7ACFF33
S2140037E028461AF08AFD02E0E36865617BB900208E
S2140037F070BD00F07DFA3044A061002DE0D1E36892
S2140038006561002BDDD0216820469847D9E72168FE
S21400381020469847EBE700BF183A00200C490B6893
S21400382000227BB183420AD183687AB193608368B1
S2140038301BB15A6941690A445A61002070471A460A
S2140038409B68EEE70028EFD0022070470B60EEE79B
S214003850183A002070B5154E1AF056FD3478054615
S214003860FCB9134B1C60134B1C60134B1C8000F000
S214003870FBF9012000F070FA00F0C4FA0F4B024684
S214003880186020B928461AF045FD232070BD23464F
S2140038900B4840F2E73105F03FFC0A4B1860012365
S2140038A0337028461AF036FD0020EFE7C158002096
S2140038B0183A0020143A0020D05400201C3A002069
S2140038C018FCFFFF103A002070B5044640B31AF00B
S2140038D010FD144E0546FFF7E9FE3068A04209D0F9
S2140038E02046FFF79BFF0446B0B128461AF005FDB8
S2140038F0204670BDFFF792FF04460028F5D13368D6
S2140039003BB9022000F036FA28461AF0F6FC0024EE
S214003910EEE7FFF711FFF7E73368002BF4D1F0E787
S2140039202224E5E7183A002038B50C460546A8B12B
S214003930A1B100230B701AF0E7FC094B1B680121AC
S21400394033B91AF0E7FC002038BD9D4204D121703F
S2140039502278002AF9D0F4E79B68F1E72220F3E703
S214003960183A0020F8B506460F461AF0CDFC134B61
S2140039701B680446002523B920461AF0CBFC1B2002
S21400398011E05A691544DA88B2420DD10C4E00F0A7
S214003990AFF93368C01AA8420AD3002320463B601A
S2140039A01AF0B8FC0020F8BDFF2EEFD09B68E2E7C7
S2140039B000F09EF933682B441B1AEFE7183A0020F4
S2140039C0143A002008B5074B187848B11BF09FF84A
S2140039D0054B1B689B69C01A02288CBF002001207B
S2140039E008BD00BFC0580020183A002070B51AF075
S2140039F08BFC064600F07CF9084B1D880446012027
S214003A00ADB200F0D7F918B100F072F901350446EE
S214003A1030461AF07FFC2046294670BDD054002060
S214003A20014B1868704700BF1C3A0020F8B50C4BD5
S214003A301B68834205460E460FD30A4B00241F68B8
S214003A4040F2E73021464FF47A720023E5FB070187
S214003A5005F062FB30602046F8BD2120FCE700BF81
S214003A60103A00201C3A0020014B1868704700BF2F
S214003A70103A00200F4B1A6810B59AB1531E4FF437
S214003A807A711342A0FB01010ED1B2FA82F2C2F1A2
S214003A901F04531CE040D24301FA03F3184321FAF3
S214003AA002F20243104610BD002305F035FB024625
S214003AB0F8E700BF1C3A002038B5154B8342154B7B
S214003AC08B41144621D3144B1A68F2B14FF47A7521
S214003AD0A0FB050305FB0131531E134211D1B2FAB8
S214003AE082F2C2F11F05531C01FA03F3D243E840E9
S214003AF021FA02F218431043E940C4E9000100200D
S214003B0038BD002305F008FBF7E72120F8E700BFE3
S214003B10EFA7C64B378941001C3A0020C2072DE9A3
S214003B20F84304460BD5474A138801339BB21380EB
S214003B30FFF7BCFD444B1B680BB1FFF7FDFDA30769
S214003B407DD51AF0E1FB0546FFF7B0FD4FF0000803
S214003B503D4F46463C680CB163698BB13B4B002237
S214003B60012E1A7003D118F0020F18BF1E70002C19
S214003B7061D0FFF7E1FD2846BDE8F8431AF0CABB5E
S214003B8023465A693AB91A792179914288BF1C4668
S214003B909B68002BF5D128461AF0BCFB2569DDB1E1
S214003BA000F0A6F8A269A0EB02084FEAE873A84561
S214003BB073F1000311DB23691344A361E368B4F8CF
S214003BC00680013613B12168204698471AF09CFB00
S214003BD00546FFF76BFDBDE7A8461AF095FB814644
S214003BE02046FFF71BFE48461AF094FB2369002B7D
S214003BF0E4D0A38BB5EB080533B1E28B13449BB23C
S214003C00B3F57A7F0FD2E3831AF07EFB294680460F
S214003C102046FFF765FDA36922691344A361404669
S214003C201AF078FBCAE7A3F57A73E383A369013B2E
S214003C30013DA361E8E7022000F09CF89BE7BDE8A1
S214003C40F88300BFD0540020183A0020BF58002048
S214003C5010B51AF059FB034B1C781AF05BFB204694
S214003C6010BD00BFBF58002010B51D4B86B01868A9
S214003C70596803AA03C2197AD3F809001170019093
S214003C80B3F80D201748DB7BADF8082001218DF82E
S214003C900A300024FCF7F2FE03A88DF80C408DF8DD
S214003CA01040FEF719F801A901208DF80440FDF731
S214003CB0F3FF0D4A536A23F4FF6323F007035362AE
S214003CC040F2FF73136201209460FDF7FFFF074B7D
S214003CD04FF00052C3F880211A6006B010BD00BF36
S214003CE0FC4D0200A00914000020044000E100E0A2
S214003CF0014B9868704700BF0020044010B504468A
S214003D001AF0F7FA124A9368516D9269520704D472
S214003D10CA1A032A01D899420DD1E21A022A98BF7C
S214003D20DC1C0B4BB4F1FF3F38BF013C5C655A6AA4
S214003D3042F004025A621AF0E0FA064A137833B1E7
S214003D4003490B6D43F002030B650023137010BD8F
S214003D5000200440021400208207054A00F00103F8
S214003D60516A48BF43F004030B435362704700BFD9
S214003D7000200440820700F0010309D5074A01210C
S214003D80117007490A6D22F0030243F004030A6526
S214003D9003494A6A22EA03034B6270470214002072
S214003DA000200440830742BF014B0422DA617047BB
S214003DB000200440064B01289B6904D0022805D148
S214003DC0C3F38000704703F001007047002070477F
S214003DD00020044010B51AF097FA094A9369044681
S214003DE0590703F0010003F0070348BF40F0020044
S214003DF01362FFF793FE2046BDE810401AF08ABA19
S214003E00002004400148FCF771BF00BFA009140061
S214003E100A4BD3F8883003F00703013B012B10B59B
S214003E200BD81AF066FA012104460220FFF7CEF9F5
S214003E302046BDE810401AF060BA10BD00400E40A3
S214003E401F282DE9F341054604D82C46204602B02B
S214003E50BDE8F0810B4E0C4FDFF8308000240023C5
S214003E60CDF8008038681A4619461DF058FD844281
S214003E70EBD2202CE9D056F8043BAB42E6D0013416
S214003E80EDE700BFE0500200C8100020FFFF0F0063
S214003E902DE9F04F644E654D3168286889B006F00C
S214003EA069FC0446002827D033689A69D3E90001E4
S214003EB01268904733689B6904A89B6898473368E4
S214003EC09B690220DB68984700243268059853688F
S214003ED0B3FBF0F3E7B2BB42916904F101044DD89D
S214003EE0CB680020984733689B695B6898473168C1
S214003EF0286806F03FFC0446DFF84C914C4FDFF88C
S214003F004C81DFF84CA10026F4B94A4B28689B5D2B
S214003F10002B00F08380D7F800B002AB03AA594606
S214003F2006F06AFE504507D070B9039B012B0BD0F4
S214003F302868594606F0A4FED9F8003028681A68A2
S214003F40594606F089FD04460136202E09F104097B
S214003F5007F1040708F10108D6D1374AB4FA84F30A
S214003F605B0913702B681B7C23B134484FF48B71AC
S214003F701AF04CFD204609B0BDE8F08F12680B69B8
S214003F8007FB00209847A0E73B6803AA194402AB4A
S214003F90019106F031FE5045019903462ED028685F
S214003FA02BB30BF1010B009B28685FFA8BF199424B
S214003FB0EAD3234B9B5D002BC6D0DDF800B0286803
S214003FC05FFA8BF37E2BBFD8396802AB594403AA3D
S214003FD0009106F011FE5045B6D00099286806F00C
S214003FE04FFE0BF1010B04460028E8D0ACE7039B1C
S214003FF07BB998F80020029B9A42D2D098F80030FD
S214004000D9F80020286806F08FFC0028C9D004469E
S214004010CFE7019106F034FE0199EFE7094B9B5D6F
S2140040200093A346BFE700BFA8100020C8100020DA
S214004030E0500200BE500200C2580020605102004C
S2140040409E5002005E5002000C4E02007E5002009F
S2140040500BE000F0F8B50D4616461F46FFF7F0FEDB
S2140040601F2804461CD8174B1B780BB3164B186832
S214004070164B53F82410164B1B5D3BB1324606F028
S21400408037FD0446A0B11AF066FD12E07F2D08BF8A
S21400409000253B46324651FA85F106F08FFCF0E7E4
S2140040A0FF2808D981B23B46EAB230461AF0CAFC6D
S2140040B000242046F8BD07484FF4A6711AF0A6FC67
S2140040C0F6E700BFC2580020C8100020E0500200EB
S2140040D0BE50020060510200F8B50D4616461F4657
S2140040E0FFF7AEFE1F2804461CD8164B1B7803B3FA
S2140040F0154B1868154B53F82410154B1B5D3BB138
S214004100326806F0A9FC044698B11AF024FD11E0C6
S2140041107F2D08BF00253B46324651FA85F106F052
S21400412003FCF0E7FF2807D93A46314680B21AF07A
S21400413092FC00242046F8BD06484FF4C3711AF0DE
S21400414065FCF6E7C2580020C8100020E0500200C8
S214004150BE5002006051020010B5FFF771FE0A4B18
S2140041601B7813B90024204610BD084B53F82010C6
S214004170074B0022186806F0F9FC04460028F1D028
S2140041801AF0E9FCEFE700BFC2580020E05002003A
S214004190C810002073B516461D46002B73D04BF290
S2140041A03463984210D1082D28BF082537492A467F
S2140041B030461DF046F836492A4630461DF04FF880
S2140041C030B3002002B070BDC9B27F2980B208BFEC
S2140041D00021984218D17F2241F202016846082346
S2140041E01AF030FC2A49082268461DF038F830B923
S2140041F008237F2241F2F01168461AF023FC6B4632
S21400420003CB30607160DCE741F2F01398421ED1B8
S214004210204B701ED3F8F010D3F8F4202C1F2B463A
S214004220013B9C4200F8011F4FEA11210CD1002CE3
S214004230C7D00423D9B20729F2544FEA1222C0D0BD
S21400424001339D42F6D1BCE7002BE9D1B9E700F473
S2140042507043B3F5805F0AD1C0F30B0404F17E64AB
S2140042602A4605FB014130461CF0EBFFA9E700F4A7
S2140042706043B3F5005FA4D1C0F30B0404F17E6481
S21400428004F58044ECE721209CE700BF0200E00F25
S214004290385202000081E00F2DE9F8431646C207A7
S2140042A004460F4604D52A4840F2D3111AF0AEFB56
S2140042B0F30704D526484FF4EA711AF0A7FB04F476
S2140042C07043B3F5805F24D1C4F30B04214A04F194
S2140042D07E64731E2344934215D82546DFF87090FB
S2140042E005EB0608A84529D156B17208394620467E
S2140042F01AF049FC20B116484FF402711AF086FBFA
S2140043000020BDE8F883124840F2D9111AF07EFB6F
S214004310E3E704F46043B3F5005F06D1C4F30B048F
S21400432004F17E6404F58044D7E709484FF4F07141
S2140043301AF06CFB6FF00F050024CFE715F8013B71
S214004340FF2BCFD04FF4F57148461AF05FFBC9E754
S214004350C9510200FF07E00F836970B513F001062C
S214004360044603F0020509D1EDB9C3695BB30EF04C
S21400437075FFE3692046BDE8704018471DB11B482D
S2140043809B211AF043FBA069C0F381001BF0A3FE3B
S214004390E3691BB91548A3211AF038FB20460EF036
S2140043A05DFF4DB916E0C3F307201BF0A6FEE369D8
S2140043B0B3B120460EF052FFE369607E9847BDE831
S2140043C070401BF08EBE0948A3211AF01FFB204642
S2140043D00EF044FFE36920469847002EEFD170BDEB
S2140043E00248A3211AF012FBE3E700BF485202007E
S2140043F008B50FF0CDF828B1BDE8084002483F21C7
S2140044001AF004BB08BD00BF485202002DE9F84F61
S214004410FF2B9DF82870DFF868B0DFF868A0044628
S214004420884691461D464FF0000612D1C0E900BAF4
S214004430C0E9066206618660C160FF2F07D0A369E7
S21400444043F0020323F47F4343EA0723A361BDE856
S214004450F88FFF2F03D00948BE211AF0D7FAAD0017
S21400446045F00105EDB2C4E900BA2661A660C4F8BD
S2140044701C90C4F80C80A561DFE700BF485202001C
S214004480203A00205943000010B5064C0460064C44
S214004490C2610023C0E9014303610123C160836157
S2140044A010BD00BF203A002059430000826938B58D
S2140044B002F00203D20704460D4620D553B9FF2961
S2140044C021D1A36913F00C0F17D01148FC211AF064
S2140044D09DFA12E00E48ED211AF098FAFF2DF0D062
S2140044E028461BF02FFAFF28054603D10848F52179
S2140044F01AF08CFA2DB204EB4514204638BDFF297D
S214004500FBD0002BECD10248F2211AF07FFAE7E745
S2140045104852020001481EF0A6BC00BF203A002008
S21400452001481EF0ACBC00BF203A002008B5064883
S2140045301EF06EFC1AF099FB1CF0F1FD1CF00AFE52
S214004540BDE808401CF009BE203A0020022808B545
S21400455003D11AF041FA014B186008BD503A00200A
S21400456008B506F007FF074B012018701AF08BFB02
S21400457002201AF088FBBDE8084003490348FEF70E
S2140045809FBE00BFC5580020D4100020543A00201B
S21400459038B50E4B1C786CB9204638BD1BF0DCF8DD
S2140045A004280FD01BF0D8F805461BF09AFD052D01
S2140045B00AD0F1E700201BF08EFD28B91BF0CCF8DE
S2140045C00228EBD11BF08DFD0024E5E7C45800203F
S2140045D008B5074B1B780BB1002008BDFFF7D8FFC6
S2140045E00028F9D101F0E8FD023818BF0120F4E7F1
S2140045F0C358002070B50FF033F80446FFF7E8FF05
S21400460014F0070F204D0CD158B10FF029F810BB4D
S2140046104FF0FF34FFF77EFF844228BF0446042C89
S2140046201DD82B7823B901201AF02DFB01232B70FF
S2140046301AF037FB044628B32B781BB91348F92128
S2140046401AF0E4F90EF074FF0446FFF763FF8442A5
S21400465028BF044616E00EF06BFF0446DAE7204655
S2140046601AF021FB0028DCD02B785BB119F041FE54
S214004670002106460120FEF7A9FD304619F03DFE52
S21400468000232B70204670BDC5580020BE52020085
S2140046901FB5FFF7AFFF0446FFF7E6F9A04228BFB5
S2140046A0204688B103A9FFF7C1F9034638B9CDE91A
S2140046B00000064A039906481AF0E6F918B10548BC
S2140046C092211AF0A3F9012004B010BD85EC010078
S2140046D0303A0020BE520200024A03480021FFF78B
S2140046E0D3BE00BF394700005C3A00200148FF21D6
S2140046F01AF0B4BA5C3A0020034B04480022FF21AB
S2140047001A701AF0A4BA00BFC65800205C3A0020FF
S214004710074B1B78032B08D8002B42F21072054873
S21400472008BF0022FF211AF081BAFFF7E5BF00BFDD
S214004730C65800205C3A0020F0B52A4D2B788FB082
S21400474023B309A81CF00CF8022309A88DF824301E
S2140047501CF0DCF9244B01AA064603F11007944628
S21400476018685968144603C40833BB422246F7D17A
S2140047701E4B05AA03F1100E174618685968144612
S21400478003C4083373452246F7D1CEB1012409A8E5
S21400479016F0C6FB28B9BDF8243013F0020F18BF78
S2140047A001242B781249002B08BF0021A0222046A6
S2140047B010F074FC90B92B7801332B700FB0F0BD5D
S2140047C0614609A81CF009FA0028DFD1394609A875
S2140047D01CF003FA04460028D9D0D7E7FFF798FF65
S2140047E0ECE700BFC65800203353020043530200D4
S2140047F000F8FF070A4B18220021C3E900121A7BB3
S2140048000AB9084A9A601A7C12B94FF47A72DA81A9
S21400481040F6B8325A8200229A829A75704700BFD4
S2140048207C3A0020E09304000A4B1B6810B57BB16D
S2140048301B78032B02D8B0F5007F09D1064C2368FD
S214004840034323606368184202D01AF0C0F8A082BF
S21400485010BD00BFE83F00207C3A0020024A1368E3
S21400486023EA0003136070477C3A0020024B0122C3
S21400487098601A73704700BF7C3A0020024B0122F2
S214004880D8811A74704700BF7C3A0020114B1B6811
S21400489010B5114CDBB11B78032B02D823689B059F
S2140048A015D51AF094F8A38AC01A638A80B2834298
S2140048B03EBFD4E900329343236016F0FBFA20B9DA
S2140048C0236813B9A37D012B01D1E08910BDA06830
S2140048D0FCE700BFE83F00207C3A002038B50446DD
S2140048E00D461BF0FCFB244B1B7813B120461AF038
S2140048F054FC402C26D006D87CB1312C17D0BDE80D
S21400490038401BF0EEBB872C03D07334E4B2012C86
S214004910F5D80220FFF7A2FFF1E74FF40070FFF78B
S2140049209DFF0220FFF780FF144B1C71E7E74FF452
S2140049300070FFF793FF0220FFF790FF0F4B002257
S2140049401A71DCE71BF071FB0028D8D10B4C2379D9
S214004950022001332371FFF781FF4FF40070FFF749
S21400496063FF2379AB42CAD31AF018FC0028C6D1DD
S2140049701AF0EDFBC3E700BFC7580020943A0020AA
S214004980024A03480021FFF77FBD00BFA5F10100E2
S2140049909C3A002038B500201BF09DFB124B1B688C
S2140049A093B11B78022B0FD91AF0D6FE022816D127
S2140049B00E4C2568FFF76AFFA842206008D02268E0
S2140049C00B48FF211AF032F9BDE838401BF089BBCE
S2140049D00748FF211AF042F90028F5D1EFE704480E
S2140049E0FF211AF034F9EFE7E83F0020943A002060
S2140049F09C3A0020034B1B681878012808BF022049
S214004A00704700BFE83F002001480DF07FBF00BFA1
S214004A10D254002070B5094E094D0A4C33782178DF
S214004A202A7804F0F9FA002333702B702370BDE85F
S214004A3070400548FF211AF00AB900BFE45800206C
S214004A40D9580020DA580020BC3A002008B5104893
S214004A50FF211AF0FCF80F4B1B7813F020000CD047
S214004A6001F07CF91EF079FD0120FFF7D3FFBDE8C9
S214004A7008404FF48060FFF7F1BEDB0603D5BDE8C3
S214004A80084001F073B90121B4201AF0F1FCECE7FC
S214004A90BC3A0020E4580020024A03480021FFF7F1
S214004AA0F3BC00BF4D4A0000BC3A002010B5184CBD
S214004AB02378DA0625D51E280ED065280CD00328C4
S214004AC020D143F020032370BDE81040114841F286
S214004AD08832FF211AF0AAB823F020032370FEF7CD
S214004AE075FA4FF4FA63B0FBF3F202FB1300C21838
S214004AF092B20848FF211AF099F8237823F01003A1
S214004B00237010BD1EF029FDAE20FFF783FFF4E7EB
S214004B10E4580020BC3A002011B1024B18607047E0
S214004B20014BFBE7DC100020E010002030B53B4CCA
S214004B302378DD1F012B8FB0EDB255D0042B53D058
S214004B40032B41F6041252D0991F4B424B415B0097
S214004B5013433348ADF80C301AF031FB48B9314BEB
S214004B602F4A03F1100153F8040B42F8040B8B4252
S214004B70F9D12378032B3CD0062B3AD02A4B0DF1E3
S214004B800E0203F1100153F8040B42F8040B8B429B
S214004B90F9D103A816F0C8FAB72804460BD1012DA0
S214004BA01FD8BDF80C3003A823F40053ADF80C3022
S214004BB016F0BAFA0446A4B9302016F08FF9044667
S214004BC078B91AF053FB012D0BD8184A10685168B3
S214004BD001AB03C32246164901A81CF04FF8A0B14A
S214004BE0182420460FB030BD43F60412ACE702236B
S214004BF0AEE70B4A0DF10E0302F1100152F8040B5A
S214004C0043F8040B8A42F9D1C3E70549224601A8B6
S214004C101CF034F80028E3D1E3E700BFE458002096
S214004C20C958002053530200645302007553020013
S214004C307E5302001FB50446252011F039F81C22C9
S214004C4000210D481CF035FB0C4B1878FFF7D2FE00
S214004C50022814BF0123042303208DF800301EF021
S214004C6048F904238DF808306846054B01940393F1
S214004C7001F004F804B010BDDC3A0020E45800202F
S214004C802D4E000008B50E490A78531CDBB2072BE0
S214004C900B7001D0092B04D19420FFF7BBFE9420A3
S214004CA008BD02F0FB02032A07D1064B186800284D
S214004CB0F2D0FFF7BFFF3D20F2E70020F0E700BF8D
S214004CC0E4580020DC10002070B5154C154E236803
S214004CD03268134321D0144B1B68F3B1134D2B7865
S214004CE0DBB91AF039FD90B94FF48060FFF79CFDF0
S214004CF0246844B101232B7001F030F82046BDE84B
S214004D007040FFF797BF042334682B70F4E7BDE8C4
S214004D1070400121B4201AF0ABBB702070BD00BFFC
S214004D20E0100020DC100020E83F0020E4580020BF
S214004D3070B5214D287838B12049214808221CF04A
S214004D408EFA003818BF01201E4C261D07E01B49AE
S214004D501B4808221CF083FA003818BF0120227A6C
S214004D602368D340DB0700D558B1304610F06CFFFF
S214004D70E8B92B78002BEAD1227A2368D340DA07E9
S214004D80F3D5114B1878FFF735FE012303220F49A0
S214004D9010F0B6FA0E4A13780133137058B1BDE816
S214004DA07040FFF737BEBDE8704000F013B8FFF75D
S214004DB069FF0028F7D070BDE3580020DB580020BC
S214004DC0EE3A0020DC3A0020E4580020E03A0020CA
S214004DD0D958002008B5FFF7A9FE88B90F4B1B78F5
S214004DE0032B12D89BB10E4B0E481B6840F8043BB1
S214004DF010F008FF68B1BDE808400120FFF70ABEC2
S214004E00FFF740FF0028E6D008BD072BEBD0064B87
S214004E10EAE7BDE80840FFF78BBF00BFE458002074
S214004E20E0100020DC3A0020DC10002010B5134C07
S214004E30237813B3838913F4407F1ED00368E3B945
S214004E4010F030FF0E4B187018B1BDE81040FFF799
S214004E50C1BF2378062B06D8032B06D9BDE8104021
S214004E60AB20FFF7D7BD082BF8D004232370054BE3
S214004E70BDE810401868FFF7DDBE10BDE4580020FE
S214004E80DA580020DC10002030B5394D2B7887B07A
S214004E9004462BBB01A81BF063FC022301A88DF877
S214004EA004301BF033FEB0B9324901A81BF095FE62
S214004EB088B1902C0FD1FEF789F847F23153B0FB3A
S214004EC0F3F202FB130000F51C50103080B200F025
S214004ED04DFF07B030BD912CFBD100F073FFF8E713
S214004EE0902824D1032B11D0062B0FD0224B1B78F1
S214004EF0DA070BD401A816F013F818B9BDF8043079
S214004F009B0703D42B7843F010032B70FEF75EF854
S214004F104FF4FA63B0FBF3F202FB1300C218174813
S214004F2092B2FF2107B0BDE8304019F07FBE0EF008
S214004F30F5FA0028CDD12B78013B072B11D8104865
S214004F4010F082FE40B1FFF79DFE0028C1D107B0E9
S214004F50BDE83040FFF73EBF07B0BDE83040FFF782
S214004F60E7BEAE2007B0BDE83040FFF753BD00BF38
S214004F70E45800207E530200C8580020BC3A0020A7
S214004F80E03A0020034A03460120C3E9032000223A
S214004F901A7070470100FEFF2DE9F0478AB0112213
S214004FA0FF2168461CF085F94FF000084FF0010914
S214004FB000F056F91FFA88F4A04214D8254F0026B0
S214004FC04FF01408C6F3CC0328336B4406F00702F0
S214004FD013F8283CD340DB072DD40136832EF1D1BD
S214004FE00AB0BDE8F087204605A900F085F8DFF88E
S214004FF064A00024C4F3CC0505F128030DEB0305DB
S21400500004F0070715F8286C26FA07F3DA070AD51E
S214005010514605A81AF0EEF828B109FA07F726EA6D
S214005020070605F8286C0134832C0AF1140AE1D12E
S21400503008F10108BCE708FB06750FCD05AC0FC4E8
S2140050402B68236005A800F0CFF94FF6FF7398424F
S214005050C3D1C5E79053020070B410B3164B417825
S21400506000221C465D788D421DD146885D88AE4282
S21400507019D186889D88AE4215D186799D79AE4233
S21400508011D106891D89AE420DD10346002103F8D1
S2140050900C1B142101FB0242D2E9030183E8030042
S2140050A0012070BC70470132832A03F11403D9D162
S2140050B070BCFFF767BF00BF9053020010B50C46E8
S2140050C002F05CF908B9032C12D11AF045FB04284B
S2140050D00ED01AF041FB05280AD0064801F0E8FC7D
S2140050E0B42801D11AF07CFFBDE8104001F0F0BCF6
S2140050F010BD00BFCBF10100C2280A4606D800F555
S214005100B03103481423006805F058BC704700BF50
S214005110C81000202DE9F04FDFF8A8B0274C87B064
S21400512000274FF0FF36BBF80030B8B2834209D8EC
S214005130731C3BD022483246FF2107B0BDE8F04F33
S21400514019F074BD01A9FFF7D7FF9DF8050001F01F
S2140051509FFAF8B19DF80480B8F1000F1AD1BDF897
S21400516010A0BDF8129019F037FC1821BBB24B43C3
S2140051700246E018E158007CA2EB010C4FF47A736B
S21400518050B103FB0AF363450ED30B44981A8642CC
S21400519028BF06460137C6E74D466B43FAD063453F
S2140051A0F5D31944881AF2E74046F0E70448FF2191
S2140051B007B0BDE8F04F19F04ABD00BFA8140020A4
S2140051C0F83A0020D4540020C2280A4606D800F533
S2140051D0B03103481423006805F0A6BB704700BF33
S2140051E0C81000202DE9F041014688B020B1022801
S2140051F009D008B0BDE8F081FF23154A1548009392
S214005200FFF704F9F5E70024134E27464FF0010890
S214005210A5B2284603A98DF80D70FFF76DFF9DF81F
S2140052200D0068B101F034FA20B19DF80C300BB9CE
S21400523086F810800134C32C06F11806E8D12546FE
S214005240064B1D8008B0BDE8F041FFF763BF00BF06
S2140052505D550000F83A0020A8140020D454002021
S214005260014B1888704700BFD45400202DE9F04F3A
S214005270437D077DDFF86C91002B036889B0598861
S214005280574B0093028A04464FF009030DBF0820CF
S21400529000204FF080084FF0400801F0E3FBA289A1
S2140052A0BB1C934205DB1BF094F8012009B0BDE857
S2140052B0F08F3946A0681AF0F8FE791C0546A289D8
S2140052C0A06889B21AF0EBFE0337012D0646BFB27E
S2140052D015D8236859885879238A0093324643465E
S2140052E01AF0E3FA824600283FD1862001F024FC1B
S2140052F0284601F021FC30461AF0B3FECFE78520A1
S214005300F4E703A9FFF7F8FE9DF80C30AB4222D174
S21400531023689DF80D105A7991421CD1BDF80E10E5
S2140053205A88914217D1BDF81020B24213D19DF889
S214005330122042450FD1BDF81410228A91420AD19C
S214005340B5B1BDF81810E288914204D19DF81A2034
S2140053501B799A4238D00BF1010BB9F800305FFA8E
S2140053608BF08342CDD88B20C0E74FF0000BF4E7DC
S214005370284601F0E1FB284601F0DEFB30461AF035
S21400538070FE9AF8020001F0D7FBBDF818001AF07C
S21400539068FEBDF81A001AF064FE9AF8020002F0E1
S2140053A0ABF900287FF47BAF9AF8020000F096FF76
S2140053B0079E0546002D3FF472AFF0B2013D01F0A6
S2140053C0BBFB360AEDB2F5E7002001F0B5FB012085
S2140053D001F0B2FB30461AF044FEBDF81C008BE725
S2140053E09E5E0200D454002038B5084D2C88C22C8E
S2140053F0014607D82046FFF7E7FE2B8801332B80AF
S214005400204638BD4FF6FF74FAE700BFD45400209C
S2140054102DE9F0431C4F91B069468046FFF76CFEBD
S214005420388800238DF80130431E98B280453880B6
S21400543009D169464046FFF7C7FE684619F0C3FE25
S21400544011B0BDE8F08305A9FFF756FE0F4C3E8865
S2140054504FF0180909FB06460FCE0AAD0FC596E8B1
S21400546003000AAE85E8030005A94046FFF7ACFE38
S2140054700FCE09FB08440FC495E8030084E8030038
S21400548038886946D7E700BFD4540020A814002007
S21400549038B5074D2C882CB90648FF2119F0D7FBE4
S2140054A0204638BD601E80B2FFF7B2FFF2E700BFAD
S2140054B0D4540020F83A00202DE9F347264F9DF8F3
S2140054C02890CDE900129A46182303FB0973144668
S2140054D0D3E902231BF035F8064620460D4602F0B7
S2140054E00BF904F0FD03382B80460FD10094DAF850
S2140054F0100032462B46002119F09FFEB8F1010F2E
S2140055001BD135431ED102B0BDE8F087392CDAF83E
S21400551010300BD107EE906A07EE103AF4EEC77A19
S214005520F1EE10FAACBF01200020E7E79E4275F1CD
S21400553000032CBF01200020E0E7B8F1000FE2D105
S2140055400028E0D0182303FB097701233B7402B040
S214005550BDE8F047FFF7DEBDA81400202DE9F04FA8
S2140055609FB00025DFF8B0910495A8462F462C463C
S214005570664B1B88A8B2834209D81CB16188207983
S214005580FFF79CFDFFF7C6FD1FB0BDE8F08F0CA926
S214005590FFF7B2FDAEB219F01FFA18237343834625
S2140055A009EB030A9DF8310059F80330059301F022
S2140055B06FF8002800F0A7809DF83020002A40F001
S2140055C0A280059BABEB0300BDF83C304FF47A722B
S2140055D05343834200F297809AF8103043B9BDF8DF
S2140055E03E30002B00F08F805343834200F28B80C6
S2140055F031230022CDE9013211AB00930DF11D02DB
S2140056000DF11E03E9B20CA8FAF75EFD002870D172
S214005610BDF81EB0ECB120799DF831306188834228
S21400562015D1BDF832308B4211D19DF83630B7EB2C
S214005630D31F0CD1BDF83830049A934207D1344BAF
S2140056401A880BF1030352FA83F3434545DDFFF74F
S21400565035FD01F04DFA04469DF936002D4B0093BA
S214005660C043C00F0A23BDF83820BDF832109DF89D
S2140056703670C00001F0F6F99DF8313023714FF412
S2140056808A53E380BDF838300493FF094FF0000AD0
S2140056904FF0FF0808A95FFA8AF01EF0F4FDB8B9CB
S2140056A09DF821109DF83120914211D1BDF82210AD
S2140056B0BDF8322091420BD19DF82D109DF82000A8
S2140056C022461AF08CFE404528BF40465FFA80F816
S2140056D00AF1010ABAF17F0FDCD1BDF834001AF0E6
S2140056E0C0FC9DF81D0001F027FA594611A801F0EC
S2140056F037FA18235E4309EB060300221A7419F0E2
S2140057006BF949F80600013532E700BFD454002093
S214005710D85400209E5E0200A81400202DE9F04315
S214005720DFF858810389B8F800908BB004460093E0
S21400573083798288418840781AF0B7F8002800F00C
S2140057409580E78927B1A389BB4200F291800027A4
S214005750B8F80030BDB2AB4214D84D460126E289F7
S2140057604FF6FF739A4226D146B9B8F80030AB42DE
S21400577002D92846FFF74CFEFFF7CCFC00200BB002
S214005780BDE8F08305A92846FFF7B6FC9DF814305F
S2140057907BB92268059B5340FF2B0AD86368069E98
S2140057A05E4036F07F4604D1BDF81C2023899A421D
S2140057B0D5D00137CCE7E2689A422BD0002E53D1E1
S2140057C0D4E90323CDE9082305A819F0FCFC00283A
S2140057D0D5D1B8F80030AB4204BF6B1CA8F8003037
S2140057E019F0FAF81823244A6B43D418D050002333
S2140057F0CDE9013300931A46E9B205A8FAF764FC2E
S21400580018B100220023C4E9022305A92846FFF7A1
S214005810DBFCB1E7234605AA04F1100C18685968AA
S214005820174603C7083363453A46F7D11868386009
S21400583005A8FFF711FC0028C0D0C22D1AD80023F7
S2140058408DF8143063788DF815306388ADF816300F
S214005850A388ADF81830A3798DF81A302389ADF8EF
S2140058601C300028B0D1ABE70020E6E7862086E7AC
S214005870872084E7892082E7A8140020D4540020DB
S2140058802DE9F04F437D057DDFF874A2002B8DB027
S21400589014BF80234023029303685988974B0093D4
S2140058A0028A04464FF007030CBF0820002001F0D0
S2140058B0D9F84FF00009A289EF1C974206DBB9F130
S2140058C0000F20D1484601F037F91CE02946A068B1
S2140058D01AF0EBFB691C89B2A2898046A0681AF010
S2140058E0DEFBB9B20646B8F1000F12D0B8F1010FD0
S2140058F000F08A80852001F01FF9404601F01CF96F
S21400590030461AF0AEFB1AF064FD01200DB0BDE87B
S214005910F08FA289A0681AF0C8FB291DA289074645
S21400592089B2A0681AF0BBFBA91D0390A289A068E3
S21400593089B21AF0B4FB083504903846ADB201F0CF
S214005940DBFE30BB384600F0C9FC2946034605900E
S214005950A289A0681AF094FB059B2B4483469DB24F
S214005960236859885879238A00933246029B19F097
S2140059709CFF80B18378BB420DD08D2001F0DCF80F
S214005980002001F0D9F830461AF06BFB4FF0010901
S21400599091E7C346E4E7483FFFB2092F06D840F236
S2140059A01133FB40DB0701D58C20E7E700238DF899
S2140059B01C3023685A798DF81D205B88ADF81E30A0
S2140059C0029B8DF82230238AADF82430039BADF875
S2140059D0283007A8049BCDF82CB0ADF82060ADF8B1
S2140059E02A30FFF79BFE834600283FF464AF5846F4
S2140059F001F0A2F8404601F09FF830461AF031FB5D
S214005A00BBF1850FC2D17EE7A289A0681AF047FBDA
S214005A100535BAF800208346ADB20023BAF8001068
S214005A209FB2B94206D8C22A39D9892001F084F833
S214005A300120A6E707A93846CDE90323FFF75CFB5C
S214005A409DF81C100129DDE9032326D1D4F800E0D7
S214005A509DF81DC09EF8050084451ED1BDF81EC0E9
S214005A60BEF80200844518D1BDF82000B04214D11B
S214005A709DF82200029988420FD1BDF824C0208AE2
S214005A8084450AD1BDF828C0E088844505D19DF834
S214005A902A009EF8041088421BD00133BEE74FF060
S214005AA001038DF81C30236859798DF81D1059882C
S214005AB0ADF81E1002998DF82210218AADF8241038
S214005AC0E188ADF82060ADF828101B798DF82A30F3
S214005AD0174607A8ADF82CB019F075FB83460028CA
S214005AE085D1BAF80030BB4208BF7B1C07A93846F0
S214005AF008BFAAF80030FFF767FBDCE69E5E0200F0
S214005B00D45400202DE9F04F89B09A46BDF848B02D
S214005B109DF84C60149C244B074688469146002509
S214005B201A88A8B2824235D903A9FFF7E5FA9DF88C
S214005B300C201D4BB2BB9DF80D10B94232D1BDF8FA
S214005B400E1041452ED1BDF8101049452AD19DF8BA
S214005B501210514526D1BDF81410594522D13046B1
S214005B60029200F0BBFBA6F14103012B01460AD8C6
S214005B7020461AF0A0FA0D4B0D4A204484420CD160
S214005B80029302AC0421EDB2009503AB32462046E8
S214005B90FFF792FC09B0BDE8F08F14F8011F4B40E8
S214005BA05343EBE70135BBE7D4540020C59D1C8169
S214005BB0930100011FB50F4C2478C4B142EA0322BA
S214005BC09DF818308DF8051042EA43220A4BADF8CE
S214005BD00C201A78094B8DF8061003EB0213079970
S214005BE000908DF80400DB6802916846984704B080
S214005BF010BD00BFE5580020E7580020183B0020E5
S214005C0073B51A4D1A48FF2119F021F82B7853B3B3
S214005C10184C194E2378180106EB0313305C1A7AD9
S214005C2059680EF021F84D281DD0E0B122780123E6
S214005C300021CDE900311201C0B2B25CFFF7BAFF15
S214005C4023780B4801330A22DBB2B3FBF2F102FBE6
S214005C50113323702B78FF21013B2B7002B0BDE877
S214005C60704018F0ECBF02B070BD00BFE5580020D1
S214005C70B83B0020E7580020183B0020F8B5104F2E
S214005C803E780A2E1AD00FC8DFF840C00D4D9CF89B
S214005C90004005EB0415013485E80F00E4B20A2342
S214005CA00948B4FBF3F2013603FB1244FF218CF8DB
S214005CB000403E7018F0C3FF0020F8BD0120FCE74E
S214005CC0E5580020183B0020B83B0020E65800208E
S214005CD0024A03480021FEF7D7BB00BF015C000064
S214005CE0B83B002037B5134D00232A78CDE90033A2
S214005CF00C461201104901238A5C01462046FFF734
S214005D0059FFA4B90D490A788AB12B7801330A20C5
S214005D10DBB2013AB3FBF0F400FB143308480A7018
S214005D20FF212B7003B0BDE8304018F088BF03B0E9
S214005D3030BD00BFE7580020183B0020E558002083
S214005D40B83B002008B5032014F0FEFA10B9024B49
S214005D5001221A7008BD00BFE8580020024B00223E
S214005D6018781A70704700BFE85800200246FF21D6
S214005D70014818F05BBF00BFD83B00200D4B1B78D6
S214005D8010B583B90C48FF2118F061FFFFF7DAFF62
S214005D90044640B1094B1B78DB0604D51DF0DDFB3D
S214005DA0204619F00EFA064BBDE810401868FFF7BB
S214005DB0DDBF00BFE8580020D83B0020E458002094
S214005DC0E41000200148FF2118F041BFD83B002016
S214005DD0054B1A7808462AB1032984BF00221A7098
S214005DE0FEF764BE704700BFE8580020024A03482A
S214005DF00021FEF749BB00BF7D5D0000D83B0020B8
S214005E00014B1870704700BFE9580020024B186815
S214005E1000B14068704700BFF83B00200B4B1B6882
S214005E2070B5044600257BB11E88002107E05A683D
S214005E3002EB0110013145B9021B554255418AB2A9
S214005E409642F4D89B68EEE7184670BDF83B0020F3
S214005E502DE9F04F93B01E469DF874300493022E41
S214005E604FF00003DDF87090DDF880A0ADF81E302E
S214005E7007468846144640F2B98099F800305A071B
S214005E802AD5042E40F2B28099F804B05B4B002568
S214005E9033F83520002A00F0AF8001350A2DF7D1FF
S214005EA0BAF1000F40F0A680FF25002320798DF878
S214005EB01D3008AA0DF11D011AF0AEF878B1BDF834
S214005EC02C309DF81D0023801AF005F98DF81C0073
S214005ED0C8B113B0BDE8F08F99F802B0D6E72079C4
S214005EE019F030FD3828059000F2828020791AF0EB
S214005EF004F98DF81C000028EBD1414A059B02EB03
S214005F0003135B88238062884FF6FF73002F08BF59
S214005F104346CDE9002300212388049A584601F021
S214005F2023FB18B1E38843F02003E380049BCDF8FD
S214005F303C9007A90DA8CDE90DA4ADF84080ADF8BA
S214005F4042608DF844708DF845301AF073F810B141
S214005F509DF81C00BDE7484601F05AFAA01D01F066
S214005F6045FA2246414638461AF039FAB04208D277
S214005F7074238DF81C30BAF1000F32D11AF0B1F844
S214005F80E6E79DF87C300393BDF8783002930DF178
S214005F901E03CDE900932246F3B24146384619F077
S214005FA0EEFA8DF81C00BAF1000F0FD070B9BDF8EC
S214005FB01E203AB1092D05D8124B03EBC50143F854
S214005FC035A08A801120FEF72FFCD7E7BA2808D123
S214005FD0E388DB06D2D5002301208DF81C30FFF7BE
S214005FE00FFF9DF81C30002BC8D1EBE7012070E7AF
S214005FF0A3206EE7B4206CE7EDB256E7003C002025
S2140060004C3C0020FC3B002010B500201AF063F842
S2140060100B4B1B6863B15878052807D860B904464F
S2140060200DF0FCFB20460DF02FFA01E0FF2803D010
S214006030BDE810401AF055B805240220F0E700BF6E
S214006040E83F002013B5124C00201AF044F82368ED
S2140060509BB101A819F0BCFB78B923681A789DF8A3
S21400606004309A4209D0D91E032906D9D11E012927
S21400607003D9012A07D1022B05D1032301A8ADF8C5
S21400608004300FF0F3F902B0BDE810401AF029B85A
S214006090E83F00200023044A194601330A2B91806A
S2140060A042F8081BF9D17047FC3B002030B50D467E
S2140060B085B004460EF006FF8DB10A4B1A889B7811
S2140060C08DF80E300323ADF80C200093002203ABAE
S2140060D036214FF6FC708DF80D401AF0BCFA05B06C
S2140060E030BD00BFCC5D02002DE9F04F85B0804684
S2140060F08946BDF838A00F9EBDF840102C481F46B4
S2140061001546002330F833208A4246D1294A52F8F1
S21400611033B0002330F833408C424FEAC30242D1FA
S214006120244900200A4441F83300908047B92B8860
S21400613033B9B5F90230002B02DB0820FEF774FBFA
S2140061400120FEF78BFB9EB13478E30710D514F0E0
S214006150040004D052460121304619F0A0FFCDE9D4
S2140061600170009653462A464946404619F02DFCD3
S214006170BBF1000F06D0CDE9006753462A464946D4
S2140061804046D847CDE9006753462A46494640462A
S21400619002F0A0FF05B0BDE8F08F01330A2BB1D1A5
S2140061A04FF0000BB5E701330A2BB3D1BEE700BFB3
S2140061B0003C0020FC3B0020014B1878704700BFD5
S2140061C0EA580020F8B506460C4619F023FF0546A7
S2140061D0C8B9304619F0B6FB382815D80B4B03EB78
S2140061E000131F7B87B95A8822809A8862809B7921
S2140061F023710121304600F07DFA39466071304641
S21400620000F078FAA07101252846F8BD4C3C002025
S21400621070B504460E46154619F094FB382802D988
S2140062204FF6FF7070BD094B03EB00131A7B002A74
S214006230F6D146B901222946204600F083FA002806
S214006240EED00088EEE7012EEAD1F4E74C3C0020C1
S21400625013B5FF230DF1070104468DF8073019F03A
S214006260D7FE18B19DF8070002B010BD074B03EB30
S21400627004131B7B0BB1FF20F6E7204600F0EAF87C
S2140062800028F8D0204600F02FFAEDE74C3C00201E
S21400629008B500F07DFCFFF7FDFE00F04BF802218C
S2140062A0084601F037FAFFF7AFFE094B41F2490204
S2140062B01A80084A52231380074A4FF4004013807E
S2140062C01CF014FABDE8084000201CF043BE00BFD6
S2140062D0FC130020F8130020F6130020064A0123C2
S2140062E0D15C814202D1054AD05C704702335D2BF7
S2140062F0F6D10020704700BFCE5D0200CF5D0200E1
S21400630070B50A4B1D780A4B04460022D0B285426F
S21400631001D8FF2070BD1E78A64204D10029F9D00E
S2140063205E7BF607F6D401321033EFE7EB58002019
S2140063304C3C00202DE9F0413A4BF6B06A4603F19A
S214006340380518685968144603C40833AB42224619
S214006350F7D11B782370344972223CA81AF071FFDB
S2140063607222324959A81AF06CFF314B0FAA03F17A
S214006370380518685968144603C40833AB422246E9
S214006380F7D11B7823702B4B1EAA03F1380518682B
S2140063905968144603C40833AB422246F7D11B782B
S2140063A02370254B2DAA03F1380518685968144642
S2140063B003C40833AB422246F7D11B7823701F4B29
S2140063C0DFF8808039221A701D4B6E463CAD59AC02
S2140063D00FA81EA92DAA00274FF0010E16F801CB14
S2140063E083F800C035F802CBA3F802C034F802CB1D
S2140063F0A3F804C010F801CB83F806C011F801CB4F
S21400640083F80DE008EBCC0C0137C3F808C0392F31
S21400641012F801CB83F80CC003F11003DED176B07E
S214006420BDE8F0812B5E02002AAF02009CAF02009E
S214006430655E02000EB0020047B00200EB58002076
S2140064404C3C0020A85E0200014B1878704700BF45
S214006450EB580020034B03EB0013587B00F00100C1
S214006460704700BF4C3C00202DE9F04F8DB0DFF8A0
S2140064701C8202939DF858300793804B06911B7838
S21400648008EB0313054616460A934FF000090A9BCD
S214006490984501D1862068E02B780393039A98F8F4
S2140064A00030D8F808A0934240F0E08098F80D300D
S2140064B0DC0709D59AF8043009934FF0000B099AC7
S2140064C05FFA8BF3934202D308F11008DFE7DAF89D
S2140064D00070142303FB0B772946384619F0BAF9E7
S2140064E0002800F0BE803B890893002308999AB2E2
S2140064F0914202D80BF1010BE1E70C225A430B93B1
S2140065007B6804929C1821462A463846059319F063
S214006510B8F922790B9B002800F09A80069B03B1FD
S2140065201C60900624D4564B09EB03080BE01A793E
S214006530910642BFDA7890441FFA88F80C339C42E2
S214006540F5D8504B9844079B63B32146384619F05C
S21400655078F9DDE90413B5F802905B5A024649461D
S214006560039819F042FD38B97E200DB0BDE8F08FD3
S214006570454B4FF00008E2E72379DA0639D4434664
S214006580B0461E46029AA378002A43D1E278A3F1C9
S2140065904101012940D8013AD2B24146304619F0AD
S2140065A04AFF00E00EB90020DFE72146384619F022
S2140065B048F9DDE90413B5F802905B5A02464946ED
S2140065C0039819F010FD0028CED02379DB06D9D524
S2140065D02146384619F035F995F80080E2786D883E
S2140065E00346CDE9006229462246404619F00CFDD6
S2140065F0BBE72146384619F024F995F800806D88E7
S214006600169603462246294640460DB0BDE8F04F92
S21400661019F0FCBC029ABAE7433B012B06D8023AB3
S21400662092B24146304619F01EFFBCE7079BE2785F
S2140066301BB9029B0BB193421ED341463046B8F1BC
S214006640000F02D11AF035FEADE71AF018FEAAE7E1
S21400665012F0300F02BFE2784A441FFA82F9013383
S21400666044E77B894B441FFA83F943E7BAF80630C0
S2140066704B441FFA83F927E7892076E7EB5800207A
S214006680ED580020EC580020D06E02004C3C002054
S21400669008B50021FFF734FEFF281BBF044B03EBB1
S2140066A000130846587B18BF00F0010008BD00BF65
S2140066B04C3C00202DE9F0410D4616461F4619F0C9
S2140066C041F938280AD8074C04EB00103B463246FE
S2140066D029468068BDE8F04119F001B90020BDE800
S2140066E0F08100BF4C3C0020014B0001185C704755
S2140066F04C3C002070B50C4619F024F938281BD8FD
S2140067000F4B03EB00139A68C2B1002315791846A5
S2140067101426D9B28D4200D870BD116806FB03114D
S214006720097B34B911F0800F1CBF0130C0B20133B1
S214006730EFE711F0400FF7E70020EDE71046EBE734
S2140067404C3C0020F8B50D46164619F0FBF83828E4
S2140067500BD80F4B03EB00134FF0140C9A68002372
S21400676017791C46D9B28F4201D80020F8BD1068B0
S2140067700CFB0300017B46B911F0800F03D0AC423E
S214006780F4D00134E4B20133ECE711F0400FF5E742
S2140067904C3C00202DE9F04F3F4BDFF8008193F88A
S2140067A000A089B006460024544507D2FF2E29D003
S2140067B0304619F0C7F83828044628D909B0BDE88D
S2140067C0F08F1B68142202FB05352B89B3F5967FE4
S2140067D001D918F042F900274FF00C0B2A89BBB2FA
S2140067E09A421CD809F10109029B43445FFA89F5D5
S2140067F09B681A79AA42E4D8FF2EDFD10134E4B2AE
S2140068005445DBD208EB04131B7B002B41D123013C
S214006810029308EB04134FF000090393E4E7BBB2BE
S21400682068680BFB03FE00EB0E010A79D30628D43A
S214006830039B93F800C08DF814C012F0400FB5F813
S21400684000C030F80E30ADF816C0284614BF4FF022
S214006850800C4FF0400CADF81A308DF818C018F0C8
S214006860F0FF5207CB78ADF81C000CD5022B8A68D7
S21400687000D91268012300930023194605A8FFF7E4
S214006880F3FD0137AAE7022B8CBF8A6801F10802E4
S214006890F0E70134E4B287E7EB5800204C3C0020D8
S2140068A070B5084D084E00242B78E0B2834200D81D
S2140068B070BD06EB0010437BDB0701D519F009F924
S2140068C00134F1E7EB5800204C3C00202DE9F04F56
S2140068D0B1F57C4F85B0CDE9023228BF2B4B019035
S2140068E04FF0000428BFB3F800A000940E4638BF4F
S2140068F04FF0010AA1464FF6FF78544503D34046B1
S21400690005B0BDE8F08FB6F57C4F0CD3204B029A4D
S214006910019803EB840331465B88FFF7CBFE054600
S214006920F0B1002718E0029A0198314619F028F8CD
S214006930F5E70C23BCB25C43D5F804B0039B3BF8E8
S214006940040098420BEB040105D3009B5BB9284674
S21400695018F077FFA0B901372A89BCB2A242E8D85E
S2140069600134A4B2C9E74845F5D8284618F069FFAF
S2140069700028F0D03BF80410494501D38045EAD9F9
S21400698001233BF8049000938046E4E7A05E0200F3
S214006990A25E02002DE9F04393B01646BDF86C7077
S2140069A0042F32D90DF1130403943125BDF8684045
S2140069B000940DF114080295CDF8048019F038FA09
S2140069C0044648B1304619F04CFB204600F0B4F8B7
S2140069D0204613B0BDE8F0839DF813902A46414642
S2140069E0484618F0F9FE0546304685B1043FAF42EA
S2140069F00DD3114F19F035FB3B88AA1CC3F1520387
S214006A009A4208DB892000F097F88924E0E719F01D
S214006A1028FB8924D9E7204600F08EF8484600F087
S214006A208BF83E8805482A46304441462E441AF0E4
S214006A3008FC3E80CCE700BFD8540020746C0020D1
S214006A4010B5044C20600448018004490A60044ADA
S214006A50136010BDE43F0020D6540020E03F002025
S214006A60DC3F002030B587B00AAC0D4654F8041B56
S214006A700093CDE9011413460949059402460948D6
S214006A800988006819F002FA074B1B681880074B44
S214006A901B684FF48A525D80DA8007B030BD00BFB5
S214006AA0D6540020E43F0020E03F0020DC3F0020DA
S214006AB0044A034611680448044A098812680068B4
S214006AC018F0A0BCE03F0020DC3F0020E43F0020A0
S214006AD0044B054A1B6812681988044B186818F09E
S214006AE01ABC00BFE03F0020E43F0020DC3F00204F
S214006AF0014B1868704700BFDC3F0020094B10B5FB
S214006B0000241C7018F026FE074B522218802146DF
S214006B1006481AF0CEFB064B1C80064B1C605C60D9
S214006B209C6010BDC86C0020DA540020746C0020F5
S214006B30D8540020DC54002007490B88512B9FBFF7
S214006B40064AD054581C80B29DBF088000F1FF3022
S214006B5080180020704700BFD8540020746C0020B6
S214006B60F8B5094F3B885C18512C0D460ADC074ED9
S214006B700A46A4B20146F0181AF081FB3C80641B5A
S214006B80A019F8BD0020FCE7D8540020746C002043
S214006B90024B034A1A600020704700BFE83F0020FF
S214006BA0A65E02002DE9F04F427D036890F814902F
S214006BB090F813B0866884895F88002A8BB014BF6B
S214006BC080224022054658790492C84600F0D6FB3B
S214006BD078B9BBF1050F05D86FF02D0343FA0BF318
S214006BE0DB0706D5032F04D00121284619F0F4FB55
S214006BF076E0EB7B73BB687D9B4AB0FA80F0400979
S214006C001380C000FFF798FFEB7B93B3288A19F038
S214006C1028FA8246A87CFFF78FFFBBF1160F00F21A
S214006C207C81DFE81BF0280080019E006100BA012D
S214006C309E007401C3017C01CC01D501DE01230155
S214006C40FC017A017A017A011202620212027902CA
S214006C502301FC012B8A002B00F05F81687D824BAC
S214006C60B0FA80F040090022C0001A8040F004000C
S214006C70C8E79A46CEE70120FFF75EFFDFF8E8A1F7
S214006C8008F10209A14529D841462246304619F0A6
S214006C9006FA2B6880465879BAF80030C3F15203DA
S214006CA09BB201932B8A00934246049B39461AF006
S214006CB0A1FA10B11FFA89F8E2E72B685879BAF8FA
S214006CC00030C3F152039BB201932B8A00934246D5
S214006CD0049B3946FFF75EFE8928EBD119F079FB55
S214006CE001200BB0BDE8F08F0420FFF725FFE31E60
S214006CF04FF000090693069B984526D22246414649
S214006D00304619F0CCF908F10201224689B28246D3
S214006D10304619F0CAF9069B0890A3EB080208F162
S214006D200301314492B2079118F056FDDDE90713CE
S214006D300590002853D18020FFF7FEFE09F10109D7
S214006D4050465FFA89F919F08CF9B9F1000FC5D1F0
S214006D50EB7B95F81480002B434B0CBF02220422D9
S214006D601A800420FFF7E8FE002305939946E31EE9
S214006D70079308F1030A544565D922464146304632
S214006D8019F08DF908F102010690224689B23046C4
S214006D9019F08BF9079B0990A3EB080206EB0A0192
S214006DA092B2089118F018FD8246002841D02A6851
S214006DB0099B08995079019102932B8A0093069AB1
S214006DC0049B394618F0E5FF48BB059B0133DBB250
S214006DD005930AF1030AC2441FFA8AF8C9E72A682B
S214006DE05079CDE901132B8A00935246049B39460D
S214006DF019F00BF8079058B1FFF79EFE504619F0B1
S214006E0030F9079B09F10109802B5FFA89F99CD0BC
S214006E10059B03F1030AC2441FFA8AF86BE7FFF7E3
S214006E208BFE09F1010906985FFA89F919F019F93C
S214006E30CFE78720FFF780FE09F1010906985FFA81
S214006E4089F919F00EF9BBF1050F3FF449AFB9F116
S214006E50000F7FF443AF059B0BB98021C5E648467B
S214006E60FFF76AFE3AE700BFD8540020BBF10C0FCC
S214006E700CBF0D201620FFF75FFE2246494630461F
S214006E8019F00DF92246804609F10201304619F044
S214006E900CF9BBF10C0F044635D1192828BF19246C
S214006EA0EB7BE4B2B3B12E8A4FF6FF739E4211D14C
S214006EB02868049B407942463946FFF707FDB042F2
S214006EC008D0BAF1000F05D028828AF80000000A20
S214006ED08AF801009B4B00201E88FFF72DFE2B68CA
S214006EE0ABF1150C5879DCF1000343EB0C03CDE94C
S214006EF001432B8A00934246049B394618F011FE44
S214006F00914B9855EAE6132828BF1324C8E728466D
S214006F10FEF7B6FC00287FF4E3AE812165E628463E
S214006F20FEF7A4F9F6E70A2FA4EB090A29D1DFF841
S214006F301CB29BF8003023B3EB7B13BBBAF1080FEF
S214006F401FD122464946304619F0A9F8C8B922464C
S214006F5009F10201304619F0A8F8804688B92246A1
S214006F6009F10301304619F0A0F8E22809D12246BB
S214006F7009F10401304619F08FF819F019FA8BF868
S214006F8000801FFA8AF206EB090138461AF034F937
S214006F9000287FF4A5AE002127E6A4EB090292B2F2
S214006FA006EB0901384619F058F8F1E7A4EB090298
S214006FB092B206EB0901384619F01CF8E8E7A4EB94
S214006FC0090292B206EB0901384619F039F8DFE7F4
S214006FD0A4EB090292B206EB090138461AF00EF944
S214006FE0D6E722464946304619F05FF822468046E4
S214006FF009F10101304619F058F82B680446587913
S2140070002B8A0193049B009342463946234618F088
S214007010C0FC22464146384618F0EEFF60E622469F
S2140070204946304619F041F809F10102A31AABF1BE
S2140070301604614261410091011E9BB2324418BFA2
S2140070400121384618F0DAFFA2E7224649463046C4
S21400705019F02BF82246804609F10101304619F056
S21400706024F8BBF1110F04463AD11220FFF764FD55
S2140070700026EB7BB3B1B5F810904FF6FF73994539
S21400708010D143463A462946304618F045FD484555
S21400709008D0BAF1000F05D0030A28828AF800004B
S2140070A08AF80130DFF89C90DFF89CB0B9F800A0B1
S2140070B0CDF80490CAF1510292B20AF1010300928F
S2140070C05B44CDE902843A462946304618F027FD4F
S2140070D0B9F800300BF80A000133A9F80030FDE5D6
S2140070E01420FFF729FD0126C3E72246494630460D
S2140070F018F0DBFF09F101039C4201D20020F0E505
S214007100E41AA4B2021E0094298A334418BF01224E
S214007110384618F077FF3BE722464946304618F0D7
S214007120C4FF09F101039C42E8D3E41AA4B2021E8C
S2140071300094298A334418BF0122384618F060FFAD
S21400714026E700BFD8540020746C0020C66C0020D0
S2140071500948037873B9094A1946D3720133042BD8
S2140071601173117051601181917202F11002F4D105
S21400717001230370704700BFC76C0020EC3F00205F
S21400718070B506460D46FFF7E3FF0A48002300EBFE
S2140071900514A17AB14205D1217819B12B4400EB30
S2140071A0031070BD0133042B04F11004F1D100204C
S2140071B0F7E700BFEC3F002030B5044685B080B34B
S2140071C0007B18F088FF184BE07A002503EB401090
S2140071D02570FF2117F03BFD144B284602019A5CF0
S2140071E022B901300428F9D1FDF738FB616899B15E
S2140071F0B4F9083022899B1303F002038DF804309B
S214007200C2F30E03ADF806304FF6FF73ADF8083044
S2140072100023039301A8884705B0BDE8304018F066
S21400722060BF05B030BD00BF2C400020EC3F002002
S21400723010B50446FFF78CFF0E4B9C4212D003F1AC
S2140072402002944210D003F1400294420ED06033E4
S2140072509C420DD10323084800EB0310BDE8104004
S214007260FFF7AABF0023F6E70123F4E70223F2E7BD
S2140072700020F3E72C400020EC3F002070B5074DBF
S214007280074E00242846324600210134FDF7FCF85C
S214007290042C05F12005F5D170BD00BF2C40002060
S2140072A03172000008B50268154B118819805188A4
S2140072B0598051791971117959714FF48A51D980D1
S2140072C0D28812F0200F0CBF0A464FF48B52DA8099
S2140072D081690C4A137831B90B49C088088023F0BD
S2140072E00203137008BD43F002031370074B152208
S2140072F00131184619F0C3FF002200F8012CF1E70F
S214007300DC540020C86C0020DA540020E954002029
S21400731010B5184C2368587918F014FB382822D872
S214007320154B03EB0010237F027B9A421BD1236888
S214007330428819888A4205D04FF6FF70814212D1E2
S214007340120410D42279023A012A06D9A37B63B923
S214007350BDE810400748FFF725BC1989587918F092
S2140073607EFE0028F2D1002010BDBDE81040014886
S21400737018F0F7BEB04000204C3C002008B518F0CE
S214007380E1FA382896BF024B0020185C08BD00BF03
S214007390CD6C002008B5002018F09DFEFF2018F0E8
S2140073A0F2FA18F09EFEFFF74FF801210246064853
S2140073B019F07FFF054B064A06485221FFF740FBAF
S2140073C0BDE80840FFF76CBACD6C0020DC54002006
S2140073D0D8540020746C0020034B18780130C0B2DB
S2140073E0187000F07F0070470314002038B1074B78
S2140073F01B78012B04D1038843F0400303807047B9
S214007400022BFCD1038823F04003F7E7CB6C002067
S21400741068B1074A1378012B07D1064B1B78137007
S214007420037843F01003037001E0022BF8D0704796
S214007430CA6C0020C96C002073B5244E3378D90777
S214007440024640D42249096881B10868C1888D0681
S21400745041BF204CE18841F02001E180C1884C0604
S21400746041BF1C48C18841F04001C1801A4D1B49EC
S2140074702878097840074CBFE9706970184913F0FE
S2140074800204098809D0144A164818F0C9FD337852
S21400749023F00203337002B070BD134B18884FF60A
S2140074A0FB73984208D8CDE900520B46094A0146BC
S2140074B0204617F07BFFEEE70092074B0A46054989
S2140074C017F062FFE7E70020E5E700BFC86C002082
S2140074D0AC400020DC540020746C00200414002013
S2140074E0D8540020E8540020DA54002070B5037900
S2140074F0012B04460D46164631D883681B78DB06FA
S21400750000D561B3A37B13B9E37C0B2B27D0154BB7
S21400751000221A80637DB3FA83F35B09D800E37B0D
S214007520ABB9FFF709FBA07CFFF706FB0B20FFF7C4
S21400753003FBE07CFFF700FB2846FFF7FDFA20463A
S214007540FFF7B0FE3046BDE87040FFF775BF40F06D
S2140075500400FFF7F1FA208A18F083FDE3E7002025
S21400756070BD00BFD8540020F0B4054618460F4B37
S2140075700F4E1B78012B0C46BDF8101001D0377843
S21400758027B1002333700020F0BC70470CB9002AE6
S214007590F9D143B14FF65743994204D02B462246C1
S2140075A0F0BC18F025BD0120EEE700BF0514002052
S2140075B0CC6C00202DE9F04F484E494C8446964648
S2140075C098460F460FCE25460FC596E80F0085B0A5
S2140075D085E80F00DDF83CA0BDF838300093CDE913
S2140075E001A4434672463946604618F0EEFFDFF8BF
S2140075F00081814670B90025FFF780FA1622002127
S214007600384819F056FE00232846C8F8003005B062
S214007610BDE8F08F344BA27C1A702046C8F80040B4
S214007620FFF740FE204619F0E0FD054630BBBAF1F4
S214007630000F25D12168E0880B880190BA1E498882
S2140076400091032A8CBF00220122E07C0121FFF773
S2140076508BFF38B923685B79FF2B3AD0FFF758FECB
S2140076600546C9E72368DB8813F02006F2D11F4DD4
S21400767001212046297018F0AFFE2E704D46BBE75C
S214007680BAF814309B07E5D4B5E75846FFF72CF850
S21400769082465846FEF7DEFE88B12368228A59885D
S2140076A0504618F052F950B13846FFF7FBFD2368F4
S2140076B089F804A083F805A0FFF72AFE00B928463B
S2140076C001360546FEF7C0FE5FFA86FB5845DCD855
S2140076D092E7034FDFF81C900026F3E794B0020011
S2140076E0B0400020E854002004140020CC6C002099
S2140076F0AC400020DC540020054A0023D15C8142C7
S21400770002D31A44507870470233DBB2F6E700BF64
S21400771080B00200034B1870034B1970034B002215
S2140077201A707047076D0020086D0020066D002057
S2140077302DE9F74FDFF89080224F98F800303C781C
S21400774005460E46002B3AD04FF6FB73984236D8C5
S214007750DFF878A04FF0000B98F800309AF8000099
S2140077605FFA8BF94B450ED948446946C0B214F00F
S21400777067FC08223146684619F071FD0BF1010BD3
S2140077800028E9D14C463B78A34208D198F800205F
S214007790631CDBB29A423B7004BF00233B709AF82E
S2140077A000301C44E4B23146204614F03DFD30B9AA
S2140077B02946204603B0BDE8F04F14F02DBC03B0B8
S2140077C0BDE8F08F066D0020086D0020076D0020D4
S2140077D0034B18780130C0B2187000F07F00704775
S2140077E0096D002030B585B00024ADF80A20021DD2
S2140077F092B2012A1D46ADF80840ADF80610ADF865
S214007800044003D94FF6FF72904207D1064A2B4632
S214007810127801A91CF001FC05B030BD014601AA92
S214007820204611F04DFCF7E706140020004870478C
S21400783006580020014B1878704700BF1914002026
S214007840014B1888704700BFDA130020014B1878E8
S214007850704700BF13140020014B1878704700BF14
S2140078600D6D0020014B1878704700BF0E140020E5
S21400787008B5084B00221A605A60FBF7A7FB064BB8
S2140078801870FBF7A3FB054B1870054B1A78054BD1
S2140078901A7008BD325400209E6D00209D6D002099
S2140078A00C1400209C6D002000B5002193B0084603
S2140078B06A460AF02DFB0146C8B90E4B0E4A0993DC
S2140078C00E4B0A930D920E4B0E4A0B930E920E4BD6
S2140078D00E4A0C93CDE90F230D4B11936A460AF01E
S2140078E0F7FD003818BF012013B05DF804FB012037
S2140078F0FAE700BFF32F0200296801007F3102007B
S214007900F9EE01007D3F0100FD3102004D770100D8
S214007910B5640100074B1878112803D8064B0341BD
S214007920DA0704D5A0F143035842584170470120B6
S214007930704700BFA06D0020CBFFFDFF08B5064BCB
S2140079401B78013B022B05D80020FFF7E3FF013828
S214007950C0B208BDFF20FCE7A16D00202DE9F74F5F
S2140079603A4B3B4F93F800903A4E3B4B3B4D3C4CCA
S2140079703C483D49DFF8F8C0DFF800E1DFF814A125
S214007980DFF814B101934FF00008019B20330193F8
S2140079905FFA88F3994507F1200706F1200605F1FE
S2140079A0200504F1200400F1200001F120010FD889
S2140079B02E4B2F4D1C782F4E2F4B304F002211464A
S2140079C0D0B2844203F1200338D803B0BDE8F08F6C
S2140079D02B4B2C4A47F81C3C002346E907232A4A2F
S2140079E047F820CC45E90723284A47F8103C44E9E5
S2140079F00723274A46F820CC40E90723019A45F892
S214007A0020CC47E9063E46E905E345E905E344E9B7
S214007A1005E340E905E341E908CA41E9063E44F8C2
S214007A2020CC40F820CC41F8103C08F1010842E98F
S214007A3008CB42E9063E42F8103CA6E743E9085662
S214007A4043E9061743F8101C0132B9E71C1400205E
S214007A50C84B0020A84B0020C84A0020884B0020B6
S214007A60284B0020084B0020E84A0020171400206E
S214007A7088540020C1A20100484B00209E5E0200F0
S214007A80473502004B3402005D6C01007186010030
S214007A9017070200A90F0200695B0100044B00F102
S214007AA0100250F8041B43F8041B9042F9D17047AB
S214007AB0A26D0020044B03F1100253F8041B40F89B
S214007AC0041B9342F9D17047A26D0020F0B5071D44
S214007AD00546002293B00C46384608211BF0FEF9F6
S214007AE06A7B0646D0070BD5687808A919F053FAC2
S214007AF0DDF83D306B60DDF841307B6080B101E041
S214007B00910702D42D2013B0F0BDD20002F08002FF
S214007B100121384619F046FAFF286870F2D0E6B11F
S214007B20192319466A7801A816F07FFF9DF81C30C5
S214007B305B0604D50B484FF4C07116F067FF23466A
S214007B4003AD07AC2A4603CAA24218605960154620
S214007B5003F10803F6D10020D5E708A919F01BFAAF
S214007B60CCE700BFC3B002002DE9F04307468BB058
S214007B701D4888461646FFF79DFF0025002D01ABE1
S214007B80194A0CBF36205C200024994612F8011BC7
S214007B900134E4B24140102C03F8011BF6D105A8CD
S214007BA01BF053FF4A46214605A81BF052FFBDB9FD
S214007BB041463A4605A81BF0B3FF05AC32460DF128
S214007BC0240C234603CB6345106051601C4602F12B
S214007BD00802F6D115B10BB0BDE8F0830125CDE75C
S214007BE032462146E6E700BFD26D00202DE9F04F71
S214007BF099B0DFF8E880DDF890909DF88CB09DF89D
S214007C00886088F800B0174682460C461D4620223B
S214007C10304B0F93002110A819F04BFB4F4504D0B2
S214007C202A463946484619F02AFB4FEA0B4303F426
S214007C307C1343F0A86343F480737819711B09EB37
S214007C40050C6CB30DAACDE90AB209EB060209923F
S214007C500EAACDE907120D22CDE9051CCDE9035089
S214007C60CDE900A21C49029710220FA8FAF748FB9C
S214007C7007460FA819F0E5F917F1950F24D02FBB8A
S214007C800E9B761BF6B29E4220D10CB398F80000ED
S214007C900D9B984214BF2120002019B0BDE8F08F3C
S214007CA00EAACDE90912BA19CDE905120D22CDE9C1
S214007CB00350CDE900A2CDE907BC07490297102280
S214007CC00FA8FAF7DFFBD3E72C20E6E72120E4E74E
S214007CD02046E2E700248000D26D00201D1400201C
S214007CE0F0B51B4B93B0002607460C4615463146AA
S214007CF020220AA8CDE9086319F0DBFA08AB1022A7
S214007D00DFB1CDE90523CDE90325CDE90164114BAB
S214007D101149009609A8FAF743FD044609A819F088
S214007D2090F914B9089B102B04D00C4840F23E2161
S214007D3016F06CFE002013B0F0BDCDE90323CDE9AC
S214007D400125044B0449009409A8FAF7ABFDE4E7C3
S214007D500024800000444004D26D0020C3B002001E
S214007D6030B5054689B0694618F061FF6B8804ACEB
S214007D70ABB122462946684618F0D2FE0E4A08AD38
S214007D80234603CBAB42106051601C4602F108024A
S214007D90F6D10948FFF782FE002009B030BD064D37
S214007DA06B461A4603CAA24228606960134605F16C
S214007DB00805F6D1EDE700BFD26D002050B10B4BA1
S214007DC00B4A03F1100153F8040B42F8040B8B42E4
S214007DD0F9D17047064B054A03F1100153F8040B1E
S214007DE042F8040B8B42F9D1704700BFD26D0020D9
S214007DF0B26D002008B51022024819F040FA0020A3
S214007E0008BD00BFC26D002008B508461022024912
S214007E1019F035FA002008BDC26D0020F0B587B015
S214007E20054603A80C4613F07BF80146002847D108
S214007E30BDF80C30980643D51022204619F039FAC2
S214007E4001A812F0D9F8B8B16E7B16F0020F05F152
S214007E50040706D0082201A9384619F000FA0028BF
S214007E602CD101AB03CB46F00206686079606E73D6
S214007E70238843F008032380238843F002032380EB
S214007E8011F0B0FC60601BF079F830B10D4B1B6848
S214007E90A360238843F0040323800B4B1A68D103A6
S214007EA05EBF238843F010032380130242BF23885B
S214007EB043F400632380002007B0F0BD2D20FBE7CD
S214007EC02420F9E7F84B0020FC4B00202DE9F04178
S214007ED0564C2369022B40F09C806369B3F5B27F51
S214007EE040F09780A369092B40F0938050484FF0EC
S214007EF0FF330022A2F11C0103298ABFA15C0021E6
S214007F00C9B24B40082613F0010118BF0146013ED6
S214007F1081EA5303F7D10132B2F5B27FEAD1E269C2
S214007F20DB439A4275D1DFF81481424D424F01235C
S214007F3088F8003018223946284619F090F90028AB
S214007F4067D1AA69EB699A4263DBAA692B6A9A42EF
S214007F505FDC0136092E05F1240507F11807E9D183
S214007F60D4F8A430D4F8C820134323F0FF6222F4D8
S214007F70FF2202B913B9002388F80030A26BE36D24
S214007F80D2B2052ADBB239D90A2A0BD8042B43D938
S214007F90053242F01002092BD2B233D8063343F032
S214007FA0100333E0102A0DD8042B35D9092B33D90A
S214007FB0053A42F020020F2BD2B20FD8043B43F012
S214007FC0200323E0172A0FD8042B25D9092B23D901
S214007FD00F2B21D9083A42F03002D2B2162B1DD808
S214007FE0073B43F0300311E0042B15D9092B13D9B6
S214007FF00F2B11D9183A42F05002EEE7042B04D9A1
S214008000092B09D90F2BE9D806E00133DBB29342DE
S21400801002D10A4B00221A70BDE8F0811E2B03D84D
S214008020173B43F05003F1E70023F0E7DCD20200F1
S2140080302083B8EDFCD2020060B10200E26D0020A1
S21400804008280CD8074B1B782BB1074B242202FBC1
S2140080500033986B7047054B53F82000704700209C
S214008060704700BFE26D0020DCD202003CB1020087
S21400807038B5F9F71DF80E480E4D0121F8F7FEFC4D
S2140080800122012411461046F8F77EFF22462146BB
S2140080902046C5F88040F8F777FF2046C5F88440AC
S2140080A022462146F8F770FFC5F88840002038BD04
S2140080B030053E0000400E40264B13B501225A64A0
S2140080C0F9F746FE044601A8F9F724FE8E2C1CD8C4
S2140080D02149D1F8B00040F00403C1F8B0301F4B7E
S2140080E04FF050121A601A631A66C3F89020C3F84D
S2140080F0C020C3F8F020C1F8B000174AD36A23F0B6
S2140081007F0343F02003D36201E08F2CF5D09DF867
S2140081100530012B01BF124AD2F8643143F0040344
S214008120C2F864310F4B0022C3F8B42AFAF7DEFC1B
S214008130FAF78EFCFAF7A2FCFFF79AFF16F03CFC63
S214008140FAF710FDF8F74AFA02B0BDE81040FBF760
S21400815009B800BF00000E4000400E4000A00040DE
S21400816000300E400000C64308B502F095FF024BF3
S21400817000221A7008BD00BFE36D0020F7B5C37C6F
S2140081801A2B04460D4614D1884A92F834303BB177
S21400819092F86C3023B192F8A430003B18BF01234C
S2140081A007EE903AF8EEE77AC5ED007A012003B0C4
S2140081B0F0BDC0880DF1020100F0D2F908B9002028
S2140081C0F5E7E37C032B3ED0E37C043B072B0BD880
S2140081D001A93C2000F0C4F90028F0D0E37CBDF8EB
S2140081E00420033B9342EADCE37C0C3B072B0BD8D2
S2140081F001A93D2000F0B4F90028E0D0E37CBDF8EA
S21400820004200B3B9342DADC617C032903D1BDF8E2
S2140082100230FF2BD3D0E67CA6F11803012B4BD8F7
S214008220634F002404F16D000DF1060180B200F0EA
S21400823097F9C0B90134072CF4D1002007EE900A54
S214008240F8EE677AB0E701A93C2000F089F900282B
S214008250B5D0E288BDF804309A42B0D2BDF80230FC
S214008260002BB1D1ABE7BDF8061037F814300B4041
S214008270E4D1032CDED8012B03F001028CBF4FF0B3
S214008280000C4FF0010C02EB420202EBCC0241FA6A
S21400829002F212F0070F0AD0192ECFD112F0060FF5
S2140082A005D0032CCAD1012BC8D80133E3E701332C
S2140082B0042BE0D10134B5E7A6F11403022B39D81C
S2140082C00DF10601482000F04BF900283FF46FAF8F
S2140082D0BDF80630022B3FF672AFCBB1BDF80220D8
S2140082E007EE902A012B16BFF8EE677AF8EEE77ACB
S2140082F0F1EE677AC5ED007AE37C152B0BD1F5EE2F
S214008300C07AF1EE10FA7FF552AF00232B604EE7ED
S214008310DFED287AEEE7162B7FF449AFF5EEC07A4C
S214008320F1EE10FA54BFDFED237AF1EE677AC5ED71
S214008330007A3CE7A37CBDF8022094ED007A1A414F
S21400834023891A40B4F90430134407EE903AF8EE45
S214008350E77A052967EE877AC5ED007A1BD1DFED4F
S214008360157A002AB7EE007A18BFF0EE477A012E8B
S214008370C5ED007A3FF41AAF022E7FF417AFD5EDA5
S214008380007AF5EEC07AF1EE10FA54BFDFED097A06
S214008390F1EE677A08E7012EEED1F5EEC07AF1EE3F
S2140083A010FA7FF503AF00232B60FFE6204C002079
S2140083B038B202000000000030B50B4D0246014402
S2140083C04FF6FF708A4200D130BD12F8013B0824F8
S2140083D0584010F0010F0CBF00232B4683EA5003D1
S2140083E0013C98B2F5D1EDE701A0FFFF431E0E2B2E
S2140083F088BF0120044B60F07F021A70034B40F0E8
S21400840050001870704700BF1F1400201E14002074
S21400841010B50D4B1B780B7003234B700B4B0C46A3
S21400842033F82020E27003EB8003110A9B78A170DA
S21400843000222271637106212046FFF7BDFFA0715E
S214008440000AE07110BD00BF1F14002070BC0200BF
S2140084500022054B80F8402080F84110382000FBB1
S21400846001339A86704700BF204C00202DE9F04764
S21400847090F84030DFF8E080DFF8E0905A1C80F893
S2140084804020C154054695F840400CB900204DE008
S21400849095F841602A7808EB86039F7899F80030B3
S2140084A09A424DD1012CF1D095F801A0BAF1830F74
S2140084B026D1022CEAD00521A142E7D82846FFF7AC
S2140084C07BFF00283CD1BAF1830F224A4FF03803D5
S2140084D023D0022013FB06032946134410FB075043
S2140084E0884225D138235E439319012483F834400B
S2140084F0935923449351002385F84030204615E0D5
S214008500BAF1030F1CD1022CC0D0AB78B3EB470FE7
S2140085104FEA470114D10531CEE703FB0623A978BD
S21400852083F8351085F840004FF0FF30BDE8F0873F
S214008530CF780C7944EA072423F8024F0231CFE7BC
S214008540621ED2B285F84020691C284618F097FEB5
S21400855099E700BF204C002070BC02001E140020CB
S214008560F0B5114C114D002226462B88AF78C31A61
S2140085709F420FD994F8347067B11C2000FB023379
S21400858006EB43064FF6FF73B0880880C01A18BF84
S2140085900120F0BD0132082A05F1040504F1380473
S2140085A0E3D10020F5E700BF204C002070BC02009D
S2140085B0F8B5054616F010FA244F044600F05CFCA9
S2140085C000F086FA3B68984208D000F081FA204A0C
S2140085D038604FF47A7303FB004313601D4E337804
S2140085E0E3B91D4B187890B9194A1368E31A002BA3
S2140085F007DA4FF47A722846FF21BDE8F84016F0F5
S21400860015BB3B684FF47A7101FB034313602146A8
S21400861000F0F8F8012333701E22ECE7204600F045
S2140086205FF90028F8D00C4A13780133DBB200213A
S214008630082B317001D01370EEE71170074A1368EB
S2140086400133136000F008FBE6E700BFE04D0020B2
S214008650E44D0020E46D0020E56D00203C4E002037
S21400866007B500F05DFA16F05EFA00F059FAFFF76B
S2140086702DFC00F0A7F918B9114A5368013353606E
S21400868000F026FA0F4B18600220FFF7D9FCFF24F3
S214008690C0B2FFF7ABFE00F051F800F07BFB0A4AD1
S2140086A00A48009400212346FBF7B0FE07486422E0
S2140086B0214616F0BBFA16F043FAFAF723FEFAE75D
S2140086C03C4E0020E04D0020B1850000E84D002023
S2140086D0154A136C13F4447F70B5936418BF134A9D
S2140086E0114E18BF5369124D104C1CBF0133536115
S2140086F033691B0600D470BD304615F07CFF2B781E
S2140087006268013262600B4A0133127803F07F031D
S2140087109A4217BF2A78A3690749D2B20BBF013322
S2140087208854A3612B70E3E7000001400C4E002044
S214008730306E00202F6E0020316E002010B5002015
S214008740FFF77EFCC0B2052838D90A2824D8431D76
S214008750DBB20122294C207101202270A370FFF7A2
S2140087606FFCC0B204282CD8431CDBB20022607118
S214008770012123486270E370F8F780F9E1786078A9
S21400878001230222F9F728F9A17820780123BDE811
S21400879010400422F9F720B9102803D8431FDBB293
S2140087A00222D7E7172897BFA0F10803A0F1180305
S2140087B0DBB2032284BFDBB20522CBE703460022EE
S2140087C0C8E7092803D8831DDBB20122CFE70F28AC
S2140087D003D8031FDBB20222C9E7162803D8C31F3B
S2140087E0DBB20322C3E71E2897BFA0F117030022BF
S2140087F0DBB2052288BF1346B9E700BFE66D00204E
S21400880000250A00F0B58BB006460F4615F071FD40
S214008810012104460846FAF7D9FC254D204615F0F6
S2140088206CFD24480121F8F729F90FCD03AC0FC4DD
S21400883095E80700204D84E807004FF4165303A977
S2140088402846059315F099FE1C4B1D489B885BBA7D
S2140088509BB2AB6703236B671A4B00241C701A4B42
S21400886031461C70FFF7F4FD184BAB64EB6C43F419
S2140088704573EB64164B4FF40062C3F880211A6010
S214008880144B1F60144B0122304601A91A70FFF7E3
S214008890BFFD124A13680133136001AE16F8011BC0
S2140088A02846013415F0ADFE082CF7D10BB0F0BD0C
S2140088B090BC02000022040000000140E66D00208B
S2140088C0ED6D00202F6E0020306E0020FFFF0100AF
S2140088D000E100E0084E0020EC6D00200C4E002069
S2140088E02DE9F8432D4E3378054613B90120BDE82F
S2140088F0F8832B4FDFF8C480DFF8C49000240DE027
S21400890094B93B782748DBB219F803103B7801335B
S21400891003F07F033B70FFF7A9FD04463A7898F80A
S21400892000309A42ECD154B11F4B002CCBBF9A6852
S2140089301A6901320132CCBF9A601A610BE01B4BF8
S2140089401B680820ED1AFFF77BFB854223D3164AE7
S214008950D3680133D360164B4FF40062C3F880200F
S214008960BFF34F8FBFF36F8F124D002428460021B0
S21400897015F0FCFD214610486C67F8F77FF815F0F7
S214008980B8FC214605460120FAF720FC284615F0DB
S214008990B4FC3470AAE72046A9E700BFEC6D0020BF
S2140089A02F6E0020ED6D00200C4E0020084E00209B
S2140089B000E100E00000014000220400306E0020CC
S2140089C0316E002073B5164E164D306804230DEB3D
S2140089D003024BF2025101F0F1FF04460520FFF7B7
S2140089E02FFB114B18600020287054B9019A40F6EE
S2140089F00B61501F884207D81A600120287002B009
S214008A0070BD0A4B9C42FAD1074A306804234BF2E9
S214008A10025101F089FFB0FA80F04009EEE700BF8E
S214008A20C8100020B16E0020284E00200BE000F099
S214008A3007EE900AB1EE047AF4EEC77AF1EE10FA79
S214008A4012DB9FED0A7AF4EEC77AF1EE10FA0BD835
S214008A50BCEEE77AB8EE477AB4EE677AF1EE10FA33
S214008A600CBF0120002070470020704700006145C1
S214008A7037B506EE900AFFF7DBFF044618B9002468
S214008A80204603B030BDFCEEE67A0E4DCDED017A01
S214008A9017EE903A2A68934203D10B4B1B78002BB3
S214008AA0EED10A48042300680DEB03024BF2025194
S214008AB001F03AFF0028E2D1019B2B60024B012215
S214008AC01A70DDE7284E0020B16E0020C810002086
S214008AD0014B1868704700BF284E00200C4B5B6A9D
S214008AE0DB0713D50B4A936823F001039360BFF3AB
S214008AF04F8FBFF34F8F0849084BCA6802F4E062F5
S214008B001343CB60BFF34F8F00BFFDE7F7F7ACBE54
S214008B1000300E4000000E4000ED00E00400FA05B4
S214008B201FB5134B0FCB6C4684E80F004FF416624C
S214008B3040F628232046CDE90132F8F79BFE0D4A81
S214008B40D2F88030002BFBD00020F8F7C1FE0028BA
S214008B50FAD0094B0322DA621A6B42F001021A635A
S214008B60064B002283F8002301221A6004B010BDD1
S214008B70ACBC02000000C64300300E4000E100E03E
S214008B802DE9F04385B004469DF8309048460D46E2
S214008B9016461F46FDF7A2FB042880460ED804237F
S214008BA00093324603AB2946204617F061F928B9F0
S214008BB04246394603A818F052FB60B1CDF8009043
S214008BC03B4632462946204617F00FF918B1034AAD
S214008BD053680133536005B0BDE8F0833C4E002077
S214008BE070B5184E337804466BB90123164D3370B2
S214008BF0164B18602B6B01332B631BF053FB78B1BD
S214008C006B6801336B600AF081FC70B9104B3070F2
S214008C1018700D4B98630F4B04F57A741C6070BD8A
S214008C20FCF736FC0028EBD1EDE7084A1368E31A98
S214008C30002BF4DB04F57A741460BDE870401AF07B
S214008C408CBC00BFB26E00203C4E00202C4E002094
S214008C50B36E0020344E00202DE9F0472DED028B38
S214008C60474C9FED488ADFED488ADFF824A184B0A0
S214008C704FF0000803A92046FFF780FA94F81190F9
S214008C80267C6789A9F10403012B054639D8A8B3C9
S214008C9000231A468DF8093030238DF80A200093F9
S214008CA067220DF1090339463046FFF769FF18239E
S214008CB000936F220DF10A0339463046FFF760FF36
S214008CC0B9F1040F24D10DB9CDF80CA039230093C7
S214008CD003ABA28939463046FFF752FF08F1010878
S214008CE0B8F1820F04F11404C4D1284A9369013301
S214008CF0936104B0BDEC028BBDE8F0870723022227
S214008D00C8E74FF40043ADF80A3098B929230DE0C0
S214008D10002DE3D0DDED037AF5EE407AF1EE10FAA1
S214008D2014BF012300238DF80A30102300930DF1A1
S214008D300A03CEE7E3899DED037A07EE903AF8EE54
S214008D40E77A67EE877AF4EEC87AF1EE10FADDDBA2
S214008D50F4EEE87AF1EE10FAD8D8F5EEC07AF1EE35
S214008D6010FAB6EE007AACBF77EE877A77EEC77A5F
S214008D70FDEEE77A17EE903A1BB2ADF80A30C5E77B
S214008D8048B2020000FEFFC600FEFF463C4E002032
S214008D900000C07F30B5324D324C286885B00423C1
S214008DA003AA4BF2015101F009FEB0BB2E4B039A09
S214008DB09A423DD1012323700620FFF741F9FBF7C5
S214008DC055FDFA20FBF75AFD0320FFF739F900217D
S214008DD0FBF7A2FE0420FFF733F90121FBF79CFE08
S214008DE000200CF043FB15F0F7FD204B00F51C505F
S214008DF010301860FFF76CFE07EE900A3923F8EE85
S214008E00677A0093552203AB0E210120CDED037A3D
S214008E10FFF7B6FEFFF720FF08E0154B984207D095
S214008E2000232370134A53680133536005B030BDE6
S214008E301BF038FA0028F3D1FCF72AFB0028EFD104
S214008E40094B03932868042303AA4BF2015101F04F
S214008E506BFD00280CBF012300232370ACD0E1E794
S214008E60C8100020B46E002003534D42344E00203C
S214008E700BE000F03C4E00202F4B1B782DE9F04114
S214008E800446002B41D00AF041FB2C4D28616B694B
S214008E900646B3B12A4B1B68E31A002B11DB4FF0D2
S214008EA000084FF48030C5F81480FBF7D7FC15F0A7
S214008EB020FA414607460120FAF788F9384615F0A9
S214008EC01CFA204B1B7823B12046BDE8F041FFF783
S214008ED087BE032E1BD11C4B1C4E1A782AB90122C2
S214008EE01A70EB6A34601344EB62336807204FF461
S214008EF07A72E31AB3FBF2F3AB63FFF7A1F83368B9
S214008F00134AE31A50438342DED2BDE8F081022EB4
S214008F1003D10D4AAB631370F7E7002EF5D10D4A67
S214008F201368E31A002BF0DB04F56A44603414601F
S214008F30FBF7CAFEE860E8E7B46E00203C4E00206F
S214008F40384E0020B26E0020B36E0020304E002057
S214008F5080EE3600344E002073B5054615F03CFD15
S214008F60902D044626D1274D274AAB680133AB60C7
S214008F7000231370254AAB6313706B696BB915F049
S214008F80B8F9012106460846FAF720F9304615F0EA
S214008F90B4F94FF48030FBF747FC01236B6104F50E
S214008FA092241B4B04F578741C6002B0BDE8704038
S214008FB0FFF752BE912D12D10DF106000DF080FC88
S214008FC0BDF806200F4D4FF6FD739A42686308D031
S214008FD00138C0B2022804D82046FFF701FE02B0CE
S214008FE070BD0A4E3378002BF9D00AF08FFA0028AD
S214008FF0F5D1054B30701870064BA86304F57A74EB
S2140090001C60ECE73C4E0020B36E0020B26E0020E1
S214009010384E0020344E0020014BD860704700BF09
S2140090203C4E002008B5104B9A6A01329A625B6982
S214009030BBB1837BABB9437D9BB9C27C062A05D006
S214009040152A0ED8094BD340DB070AD515F0C4FC09
S214009050074A00F5EA301368C030C31A002BC8BFB1
S2140090601060002008BD00BF3C4E002000112A0002
S214009070384E002038B50446012CBDF8100002D04A
S2140090800024204638BD0E29FAD1552AF8D1402BA7
S214009090F6D10028F4D19DF81430392B13D19DF861
S2140090A01830042B0FD1079B1D682846FFF7C0FC1D
S2140090B058B12846FFF7DCFC0028E1D1044A536883
S2140090C001335360DDE78D24DBE78724D9E700BF53
S2140090D03C4E002010B5148802989DF80C10B4F58C
S2140090E0827F10D1022B0ED903785C070BD18378D0
S2140090F00A2B08D1D3885B0605D5064B596221B9E1
S214009100DA690132DA61002010BD1A6A01321A6289
S214009110F9E700BF3C4E002053B94AB9002908BF02
S21400912000281CBF4FF0FF314FF0FF3000F06AB947
S214009130ADF1080C6DE904CE00F006F8DDF804E0A9
S214009140DDE9022304B070472DE9F047089D0C4680
S214009150002B4ED194468C458646B2FA82F262D9EE
S2140091604AB1C2F12003914020FA03F30CFA02FC44
S214009170194300FA02FE4FEA1C471FFA8CF6B1FBB1
S214009180F7F44FEA1E4307FB141143EA014304FBBE
S21400919006F199420AD91CEB030304F1FF3080F074
S2140091A01381994240F21081023C6344591A1FFA17
S2140091B08EF3B1FBF7F007FB101143EA014300FB07
S2140091C006F69E420AD91CEB030300F1FF3180F03D
S2140091D0FD809E4240F2FA80634402389B1B40EAC0
S2140091E0044000211DB1D3400022C5E90032BDE88D
S2140091F0F0878B4205D90DB1C5E90001002108466C
S214009200F5E7B3FA83F1002946D1A34202D3904290
S214009210C0F0F180861A64EB03030120002DE6D02F
S214009220C5E90063E3E7002A40F09180A1EB0C0457
S2140092304FEA1C481FFA8CF70121B4FBF8F64FEAF8
S2140092401E4308FB164443EA044307FB06F0984215
S21400925008D91CEB030306F1FF3402D2984200F251
S214009260CE8026461C1A1FFA8EF3B4FBF8F008FBD5
S214009270104443EA044300FB07F79F4208D91CEB5F
S214009280030300F1FF3402D29F4200F2B180204671
S214009290DB1B40EA0640A5E7C1F120068B4022FA18
S2140092A006F71F4320FA06FC04FA01F343EA0C0310
S2140092B0F44000FA01F8380C4FEA1349B4FBF0FE0C
S2140092C01FFA87FC00FB1E4449EA04440EFB0CF917
S2140092D0A14502FA01F20AD93C190EF1FF3A80F0D4
S2140092E08580A14540F28280AEF1020E3C44A4EB9C
S2140092F009041FFA83F9B4FBF0F300FB134449EAB0
S214009300044403FB0CFCA44507D93C1903F1FF30C9
S21400931068D2A44566D9023B3C4443EA0E40A0FB13
S2140093200293A4EB0C049C42CE469C4652D34FD0EC
S21400933055B1B8EB0E0364EB0C0404FA06F6CB400A
S214009340CC401E43C5E900640021BDE8F087C2F1A9
S214009350200320FA03F10CFA02FC24FA03F39440EB
S2140093600C434FEA1C4800FA02FE1FFA8CF7B3FBC8
S214009370F8F008FB1031230C43EA014300FB07F129
S214009380994208D91CEB030300F1FF362CD2994210
S2140093902AD9023863445B1AA4B2B3FBF8F108FB7F
S2140093A0113344EA034401FB07F3A34208D91CEB3C
S2140093B0040401F1FF3613D2A34211D902396444E2
S2140093C0E41A41EA004138E70446EFE6084605E7B6
S2140093D0C845ADD2B9EB020E63EB070C0138A7E720
S2140093E03146EDE7034698E73046D4E7D6467EE7B3
S2140093F0634402384CE70646234608460EE7023E1C
S21400940063442FE7704700BF08B5064B044613B108
S2140094100021AFF30080044B1B6803B19847204639
S21400942014F027FF00000000B44F002070B50D4D6B
S2140094300D4C641BA4100026A64209D10B4D0C4C03
S2140094401BF0BEFB641BA4100026A64205D170BD0F
S21400945055F8043B98470136EEE755F8043B984725
S2140094600136F2E75014002050140020501400205B
S21400947054140020024B0146186800F00FB800BFD5
S214009480E8100020014817F01CBF00BFB56E002092
S214009490014817F017BF00BFB56E002038B5054667
S2140094A0002941D051F8043C0C1F002BB8BFE4182B
S2140094B0FFF7E8FF1D4A136833B963601460284657
S2140094C0BDE83840FFF7E4BFA34208D9206821185A
S2140094D08B4201BF19685B6809182160EDE71A46E0
S2140094E05B680BB1A342FAD911685018A0420BD1A1
S2140094F020680144501883421160E0D118685B6808
S214009500536008441060DAE702D90C232B60D6E7D4
S214009510206821188B4204BF19685B68636004BF2B
S214009520091821605460CAE738BD00BF784E002095
S2140095302DE9F04F14469B46C36B87B005465B6922
S21400954060680E46012202A99847EB6B01225B6910
S21400955003A93046984702A818F065FA074648B1AE
S2140095600023A37563754FF0FF33A360002007B098
S214009570BDE8F08F03A818F063FA0123A375237ED5
S21400958004EBC303DE611F846368B3420ED1206020
S21400959003A818F077FA4FF0FF332075A360237DF9
S2140095A0043B022B25D80023A375DFE723681A1A8D
S2140095B053425341A37503A818F064FA237D8342EF
S2140095C018BFA77503A818F03FFA074602A818F0B8
S2140095D03BFA87421CBF0023A37503A818F03CFA89
S2140095E0074602A818F038FA87421CBF0023A37566
S2140095F0D5E703A818F028FA80B1EB6B02225B6966
S21400960004A93046984704A818F02DFA0346207D92
S214009610032839D8DFE800F03838040903A8F3E750
S214009620237E04EBC303CC221A8401F037FC109B84
S2140096301870277E03A818F0FBF904EBC70787F815
S2140096402200237E04EBC30303A8B3F8209093F80C
S214009650227018F0F9F9804603A818F0FDF9824642
S214009660B8F1000F15D0EB6B02225B6904A93046F7
S214009670984704A818F0BCF96075637D6BB90023A1
S214009680A3754FF0000838E0227E04EBC202138474
S214009690CBE703A818F097F9EEE794F81680B8F130
S2140096A0000FEED0B9F1000F09D1DFB10123E37549
S2140096B0637E002B4FD1012F42D1677614E06B6C8E
S2140096C006EB0A02594286EA020008421CBF002145
S2140096D0A175591E0A409B1A9945D0D8A37D002B28
S2140096E0E3D1CEE7E37D43B94FF000084B46524640
S2140096F03146284617F01AFFA060A27D12B12369F2
S2140097004B4423611949237E097899422AD90133AB
S2140097102376BBF1000F27D032B3E37D23B3B8F135
S214009720000F21D1032F1FD0A1684B1C1CD0109B0B
S2140097300093224601232846FFF7FAFEA07513E0A1
S21400974095F8343063B9EB6A0133CFD1032FCDD10E
S2140097500123A376C8E7012FCFD0032FC4D1F7E7A4
S2140097609846C3E70023A375A07D00E7204C0200BF
S2140097702DE9F04F8BB00E46044698464FF0FF3169
S2140097800023104617468DF8133001F071FBB6F52E
S214009790801F3BD3B21C53D1E56A6B1C57D1616A5C
S2140097A0204617F009FE0546B31C18BF0123DFF854
S2140097B014910193636A626C0293236802FB053A74
S2140097C0E36B05A95B6905225046984705A818F083
S2140097D0E3F918F006FA504618F00EFA4FF0000BB0
S2140097E0824601464B1C05D0636C81EA0A025B4246
S2140097F0134232D02946204617F0DEFD029BAB42CC
S2140098004DD0BBF1000F4DD10546D3E7314605AA32
S21400981004F1080018F0BCF80146481C10D0384681
S21400982001F026FB0DF1130301223946204617F0FE
S214009830F8FE28B19DF8133088F80030002003E0C9
S214009840237C002BA8D11D480BB0BDE8F08F236801
S214009850ED1A636CB5FBF3F5A6E7484601F008FB86
S2140098600DF11303019A4946204617F0DAFE034627
S21400987090B1B21C03D0D9F80020B2420CD10393A9
S2140098800F4B9DF8132088F8002049461A68384682
S21400989017F0D7FC039B9B46D9F80810A2E7BBF14C
S2140098A0000FD0D0B6F5801FC8D298F800307A687E
S2140098B0314604F1080001F01FFABFE70BE000F0A4
S2140098C01C4C0200743800202DE9F3410E461B4D57
S2140098D0816A044617469846E36A8B422AD04B1C98
S2140098E018E0284601F0C4FA0DF1070301222946C4
S2140098F0204617F096FE30B19DF8072043462946CD
S2140099002046B847B0B1A9684A1C05D0012E0AD037
S214009910E36A9942E5D10DE06968204617F0D9FD63
S214009920012E0146D8D16B6881EA0302636C5B4264
S2140099301A42D1D002B0BDE8F08100BF48380020FE
S2140099402DE9F041036B07689046826B9A4288BF08
S2140099508363426C436A02FB0377C36B90B05B6918
S2140099600E46052201A904463846984701A818F075
S21400997013F901280146307057D0656CE26B2368F6
S214009980606AD2F814C005FB0030052206A9E0473D
S21400999006A818F001F901284FF0000523D0D4E9F5
S2140099A00A3201219342CDE90B458DF834800E959D
S2140099B08DF83C102AD11946204617F08AFD236BF5
S2140099C0626CE06214339B1A23630C9B53B99DF8B8
S2140099D03C303BB1626A616C2368E06B01FB02318C
S2140099E018F092F80C9DE36B05225B6901A93846D6
S2140099F0984701A818F0D0F83070236BA26B284661
S214009A009A4288BFA36310B0BDE8F081237C33B9C7
S214009A101C490BAA04F1080001F0BEF9D5E71A4A62
S214009A200BAB2046FFF750FFCFE7237C23BB17493D
S214009A30224604F1080001F0AFF9616A204617F0EB
S214009A40DCFC616A421C204617F0A5FC054620B9DE
S214009A50236B626C1344143B2363A16A204617F001
S214009A6038FD2368A062C01A636CB0FBF3F0606236
S214009A70204617F071FDB6E7054A00232046FFF79B
S214009A8023FFDAE741A40000BDA30000AB160200E6
S214009A904716020073B50D46D11E4A421C461B7E71
S214009AA04A419A4226D129682368994222D363689C
S214009AB099421FD8114E0DF107033246FFF758FEA4
S214009AC0C0B972686B689A4214D19DF80730DA1EE6
S214009AD053425341227E93420CD163690133636142
S214009AE0D4E90323934205D2A268296842F82310DA
S214009AF001332361012002B070BD00BFA0380020F2
S214009B002DE9F04F8BB0DFF858B19A469DF85030EB
S214009B100293DBF81030534580460D461646C0F0DB
S214009B209980DBF804300193D146B9F1000F00F0BC
S214009B308D80D8F83C3001985B69012207A99847C8
S214009B4007A817F07DFFDBF80030984240F08580CC
S214009B5007A817F081FF0428074614D107A817F0B6
S214009B6082FF019B029A04463B44002A3FD186426C
S214009B7012D9361A14460199404617F0AAFCA9EBEA
S214009B8004090190D1E7D8F83C3001985B690222BD
S214009B9008A9984708A8E2E7841B544528BF5446FE
S214009BA0032C03EB0607AAEB040A4FEA94021CD91F
S214009BB0D8F83C3029465B693846984724F00303BA
S214009BC004F003061F441D44002ED4D0D8F83C30C1
S214009BD001225B6908A9384698473246284608A9F4
S214009BE0354417F02EFB0026C5E72646ECE700F0C6
S214009BF00302039203442A18074604920593049B23
S214009C00DD1B059BD81B039B9F420FD1002FB2D0B4
S214009C10D8F83C30012208A95B6998473A4608A95B
S214009C20284617F01CFB78B93D44A4E7D8F83C302A
S214009C30012208A95B699847042208A9284617F05C
S214009C400EFB08B9043FDAE7DFF8189048460BB079
S214009C50BDE8F08FDFF81090F8E7DFF81090F5E732
S214009C60CC38002012E000F011E000F022E000F016
S214009C702DE9F0410F4688B016469846044660B374
S214009C8090F83450FDB1012117F05BFB0E9BCDF828
S214009C900480CDE902379DF83C308DF81C30237CDB
S214009CA004960021CDE905118BB90D4901AA04F1EE
S214009CB0080001F071F8DDE90553E06B002E08BFDF
S214009CC01D4617F000FD284608B0BDE8F081054A9D
S214009CD001AB2046FFF7F8FDEDE70546F3E700BFCA
S214009CE075160200959A00007FB590F842600192C2
S214009CF004460DF10B030A463046124917F0EBFCFA
S214009D00012EE36B054619D15B69324603A99847D5
S214009D109DF80B10039B019A59B19BB243EA02438C
S214009D200393E36B9B69012203A92846984704B076
S214009D3070BD1B0C1B0492B21343F1E79B69012212
S214009D4001A9F3E7CC3800202DE9F04F99B00F4673
S214009D5009920A69416C0E931439D31DB3FBF1F3D3
S214009D60013302EBC302036B93420446C0F00D823C
S214009D700023DFF820940D93E36A079319464846BC
S214009D8001F076F8D7E9033604930E9B022B4ED1EA
S214009D90CC2E40F08A81099B002B42D039462046C3
S214009DA017F0F0FC656C079A14906B1E1340ED1AC2
S214009DB0E36B78685B69012216A9984716A817F026
S214009DC043FE00280CBF04230823782E06933DD9B3
S214009DD00123002505934FF0080A3B6805990E9865
S214009DE0C9F80030C9F8106017F050FE4FEA9A0321
S214009DF01093DDF81CB089F8140000230B930F9322
S214009E0008930C93616C4A1E0BEA02028B1A002E12
S214009E1038D05544AB4240D8236B5B1A13442363B7
S214009E20ABE0049B1B68149308230693D0E7656C8D
S214009E30079A6B1E1340782EA5EB030516D8FB7DFC
S214009E407BB9099B002BB3D104230693331DAB4289
S214009E5010D9A6B1082DBBD8042500230593AA4621
S214009E60BBE7099B002BA3D10823EEE7099B002B39
S214009E709ED1D9E7002505954FF0040AADE70425E5
S214009E800596F9E75345C7D30BEB0A030393B04691
S214009E90089B002B18BF032313E0A3EB0A039E4284
S214009EA0B0460BEB0A0228BF98469E420392EFD9B3
S214009EB0D9F810200123964289F8173071D1C9F8D5
S214009EC004B0089399F81730002B6CD099F8182036
S214009ED00899D31C09EBC3030132C3F804B0A3F8F6
S214009EE00880997289F81820B8F1000F14D00E9BDC
S214009EF0022B5BD10B9B7BB90F9B4344032B0BD9E7
S214009F00E36B03989B69012214A99847054600282D
S214009F1040F03D8101230B93089B0193059B009322
S214009F2099F814203968434616A800F057FFE36BEB
S214009F30109A9B6916A958469847051E0D9B18BF90
S214009F405B460D93524643465946204617F0EEFAB6
S214009F50236BC9F8080008F10302A3EB0A0322F0FA
S214009F6003029B1A2363002D40F011810F9BDDF83E
S214009F700CB04344A6EB08060F935946204617F04C
S214009F80A8FA00258346002E7FF43CAF814A396844
S214009F909368E36252680E9B04F1080000F0ACFE82
S214009FA0DEE002238DE7C9F804B09DE7099B002B8D
S214009FB030D1049BB8F1030F43440A9327D9E36BCF
S214009FC0DDE903019B694FEA980298470546002899
S214009FD065D118F003025FD0049B28F003052B44DC
S214009FE00493039B1D444FF0FF330499159315A863
S214009FF017F027F9E36B28469B69012215A99847B5
S21400A0000A9B04930546002D86D0039B99E7039D83
S21400A0104246E8E7039B0A9307F120031193FB7D72
S21400A02078689BB13D7E0C9A0023D9B28D4211D937
S21400A030119931F83310914203F1010C26D907EB40
S21400A040C3030699D8690A44104403E00C9B069A99
S21400A05013441844E36B01225B6915A99847159BC6
S21400A06013930C9B0A9804330C93E36B01229B69B1
S21400A07013A99847039B0A9A43449B1A042B054648
S21400A08007D978B9134604330A93C8E7521A6346C9
S21400A090CBE70A9B0393B6E70A9B04933CE70A9B2D
S21400A0A00493B2E70A9B0393AFE73B4E04F1080321
S21400A0B003932368079A606CA2EB030ABAFBF0FAD4
S21400A0C000FB0A3017F098FDE16A8046204617F03C
S21400A0D000FAA26A82424AD0626CD9F80830256833
S21400A0E0E062511E0B40216B891A0B4423630D9BC3
S21400A0F05D1BB5FBF2F5AA4536D1079BB3EB080A04
S21400A10012D0E36B4FEA9A029B6941469847E36A8E
S21400A110079A5344E362236B9B1A434483462363A4
S21400A120039817F005FCDA462368616CE06B01FBC8
S21400A130053117F0D6FC204617F00EF9204617F02A
S21400A1400BFA2063BAF1000F11D03A69616CD31D87
S21400A1501439B3FBF1F3013302EBC3029042A8D2E9
S21400A160304619B0BDE8F08F4FF0000ADCE73A69D8
S21400A170616CD31D1439B3FBF1F3013302EBC30258
S21400A180236B9342BFF4F8ADEAE7044EE8E72E46A9
S21400A1908CE700BF7438002023E000F006E000F0F3
S21400A1A02DE9F3471E4643699DF82890B3420446BE
S21400A1B0884617463DD300258DF80750204617F0F1
S21400A1C097F8D4F830A082450AD2236AB5EB430F3D
S21400A1D006D200220DF107012046FFF7B1FB30B38F
S21400A1E09DF80730012B05D100220DF1070120460E
S21400A1F0FFF7A6FBB9F1030F06D03146204617F04D
S21400A20062F8256B854218D30D4D4FF0FF31284676
S21400A21000F02EFE4B46002229462046C5E903766E
S21400A220C5F8008002B0BDE8F047FFF78DBD0135E8
S21400A230C4E7044802B0BDE8F0870348FAE700BF69
S21400A240A03800200FE000F006E000F02DE9F0470F
S21400A25090F8426086B0012E05460391A1EB0207F6
S21400A26015D1B7F5807F28BF03264FF06408DFF8C6
S21400A27048A100244FF6FF7995F84230012B14BF11
S21400A280322364239C420AD35FFA88F415E0B7F5BC
S21400A290803F34BF012602264FF03208E7E705ABC1
S21400A2A022465146284617F04BFA95F84230012BC5
S21400A2B0059B34D14B452DD1E4B295F84230012BA5
S21400A2C00CBF64223222121BB24217D3012E39D1A0
S21400A2D00022012B05978DF8132027D1082205A907
S21400A2E00DF1130017F0DFFB9DF81330059A42EAD4
S21400A2F0032221462846FFF7F7FC40B102232E49E9
S21400A30000930968CC2303AA2846FFF749FF06B046
S21400A310BDE8F087DBB203B902340134ACE7591C60
S21400A320CAD09BB2002BF8D10134F6E7102205A95B
S21400A3300DF1130017F0B7FB9DF81330059A42EAAB
S21400A3400342D6E7039A0592012B23D10823202245
S21400A35005A90DF113008DF8133017F0A4FB9DF836
S21400A3601320120221462846FFF7BEFC95F842301D
S21400A370611C012BC9B21AD10028BFD1BDF8142028
S21400A3802846FFF7B1FC0028B8D10234BDF81620E5
S21400A390E1B2AFE71023202205A90DF113008DF8D6
S21400A3A0133017F080FB9DF813201204DAE700281C
S21400A3B0A4D1059A9EE700BFCC380020032A2DE9D9
S21400A3C0F34106460D4617461C4606D1237A012B56
S21400A3D023D0012002B0BDE8F081DFF86080096874
S21400A3E00DF107034246FFF7C3F960600028EDD180
S21400A3F09DF80720237A032AE8D0D8F804106A6864
S21400A4009142E3D1012B2969D4F80CC007D17269B7
S21400A4100CEB0103934202D92074207CDAE7083162
S21400A4206144E1603B46012229463046FFF78CFC3A
S21400A43060600028CAD00020CCE700BFA03800200B
S21400A4402DE9F341089C032A2668174606D1237A8D
S21400A450012B24D0012002B0BDE8F081DFF8908007
S21400A4600DF1070342463046FFF782F96060002888
S21400A470EDD12568D8F80400A96AD5F844C0227A38
S21400A4804840CCF100031840E1D1012A09D1E26826
S21400A490D8F8103013447269934202D92074207C95
S21400A4A0D9E72868EB6A1B1A081AB3FBFCF3B0FB63
S21400A4B0FCF083420BD1706CF36A421E1340326B81
S21400A4C0121A13443363284617F003F8E862D8F8E4
S21400A4D01020E3680649206808321344E36001222E
S21400A4E03B46FFF731FC60600028B0D00020B2E7A2
S21400A4F0A03800202DE9F04F4FF0FF334FF6FF72E3
S21400A500002500F10806C0E9092387B00446C362A7
S21400A5100562056330460F4617F00AFA204616F025
S21400A5201BFF28BB2046394616F096FF204616F03D
S21400A53013FF28BB8A4D204617F041F8ECE0E26B8B
S21400A5402368606CD2F814C001A9052200FB053010
S21400A550E04701A817F020FB012828D1294620460D
S21400A56016F04BFF421C2946204616F014FF013514
S21400A570E3699D42E3D3204616F0EEFE0028D1D0D4
S21400A58000254FF6FF73C4E908534FF0FF39CA465B
S21400A590A846E369984514D3A5EB0905012D37D8DD
S21400A5A0636A4FF6FF72934247D16E4DC3E717F0CA
S21400A5B01DFB0028DBD02946204616F01EFF02466B
S21400A5C0D1E72368E26B606C576901A9052200FB9E
S21400A5D00830B84701A817F0DFFA834601A817F03D
S21400A5E0B2FA0746584617F0FCFA70B15745236A88
S21400A5F038BFC4F82480B94503F1010328BFB94623
S21400A600BD42236238BF3D46BA4608F10108C0E79E
S21400A6104FF6FF7363620025E3699D42C0D2676C04
S21400A6202068E36B05225B6901A907FB05009847D4
S21400A63001A817F088FA0135EEE7E26B676C206830
S21400A640556901A9052207FB0300A84701A817F0D2
S21400A6507AFA626A2368606C434D00FB023017F09A
S21400A660CBFA4FF0FF33A062E3622A460DF10303F4
S21400A6706FF001012046FFF77BF8002850D1AD6847
S21400A680E5622946204616F043FE206320B9E16ABB
S21400A690204616F01EFFE0622946204616F019FFF7
S21400A6A00546A36A9D423DD16569626CE91C143A71
S21400A6B02046B1FBF2F105EBC1050335B5FBF2F51B
S21400A6C016F07DFF0235A84280463DD2616A2046DC
S21400A6D016F072FE0027064604F1400A474512D3DC
S21400A6E0626C236802FB0639E36B05225B6901A9ED
S21400A6F04846984701A817F026FA534602464946A8
S21400A700E06B17F07BFA3146204616F055FE01370F
S21400A710AF420646E2D3154D284607B0BDE8F08F97
S21400A720A56AADE72946204616F0F2FD236B0344E2
S21400A730294607462363204616F0CBFE0546002F23
S21400A740AFD1C4E90B07ACE7304617F0F1F80023A9
S21400A750074A19462046FFF7B7F80025EBE600BF84
S21400A76003E000F016E000F0A038002013E000F050
S21400A77011160200634A00232DE9F04117681360A2
S21400A7800E46044618B9604D2846BDE8F08190F89C
S21400A79034500DB309680268914240F0AA8071688F
S21400A7A04268914240F0A580B1688268914240F0CC
S21400A7B0A080F168C268914240F09B80316942698E
S21400A7C0914240F09680B169C26B914240F0918010
S21400A7D0726982611D46D7E750222946D0F8388034
S21400A7E016F067FD336823607368636033696361DE
S21400A7F07369A361D6E9021204F10800C4F8388030
S21400A80017F0A8F8B369E36304F140009B68984723
S21400A81094F8432020B1E561002AB4D03B4DB3E75D
S21400A820656C002DF7D06668B6FBF5F3E361002A89
S21400A830A9D0B542F2D82268B2FBF5F105FB112289
S21400A840002A58D105FB1363002B54D1204616F07E
S21400A8504FFDA369043303449E424ED3636940F61A
S21400A8603472CC3B93424AD8B5F5007FD6D3032149
S21400A870204616F066FDE36BD4E900011B68984796
S21400A880E36B0546DB68022098471DB1002384F879
S21400A89034301EE039462046FFF72CFE1C4B98420B
S21400A8A0054604D139462046FFF724FE0546636C6C
S21400A8B0143B002DEAD1226A204602FB03F616F06E
S21400A8C017FDA369043303449E4206D284F834502D
S21400A8D0104DE06B16F0F7FE56E70F4A012384F89A
S21400A8E034301368D4E900010133136013F0F9FC27
S21400A8F0EFE70A4D48E70A4D46E7064D44E7094D9F
S21400A90042E700BFBC4F002009E000F004E000F082
S21400A91013E000F002E000F0B84F002008E000F07E
S21400A92001E000F005E000F02DE9FF410F469046FB
S21400A9301E46054698B390F8343093B3B1F5801FA1
S21400A94031D21A4C022116F0FCFC22460DF10F0300
S21400A95039462846FEF70CFF024678B101230093DD
S21400A9604246334639462846FFF71AFC0446E86B4B
S21400A97016F0A9FE204604B0BDE8F0819DF80F3021
S21400A980012BEBD12169B142E8D100934146334611
S21400A9902846FFF7B5F804460028DFD1E7E7044C61
S21400A9A0E8E7044CE6E7044CE4E700BFCC380020B8
S21400A9B009E000F007E000F00AE000F02DE9FF41B2
S21400A9C00C4616461F46054688B390F8343083B3C7
S21400A9D0B1F5801F2FD2DFF87C80012116F0B1FC84
S21400A9E021460DF10F0342462846FEF7C1FE0446F7
S21400A9F070B99DF80F30012B11D1D8F81030BB423A
S21400AA0013D10090024631462846FFF779F80446EF
S21400AA10E86B16F058FE204604B0BDE8F081074CFF
S21400AA20074A022B08BF1446F2E7064CF0E7064C2E
S21400AA30F1E7064CEFE7064CEDE700BF0BE000F051
S21400AA400CE000F011E000F009E000F007E000F094
S21400AA500AE000F0CC38002070B586B00E460392AF
S21400AA600546A0B390F834309BB3B1F5801F32D2C0
S21400AA70022116F066FC194A0DF1170331462846E6
S21400AA80FEF776FE044618B99DF81730032B0ED154
S21400AA900223009303AACC2331462846FFF780FB07
S21400AAA00446E86B16F00FFE204606B070BD022B7B
S21400AAB00BD10A49284616F065FE039981420246E4
S21400AAC0EFD02846FFF7C2FBEAE7054CE9E7054C5E
S21400AAD0EAE7054CE8E7054CE6E700BFCC3800207F
S21400AAE00DE000F009E000F007E000F00AE000F0FA
S21400AAF073B50C461646054630B390F834302BB383
S21400AB00B1F5801F24D2012116F01BFC2146114A04
S21400AB100DF107032846FEF72BFE044680B99DF884
S21400AB200730032B0CD0022B0CD10A49284616F00E
S21400AB3029FE3060E86B16F0C6FD204602B070BDF8
S21400AB40054CF7E7054CF5E7054CF6E7054CF4E74A
S21400AB50054CF2E7CC3800200BE000F00DE000F0EA
S21400AB6009E000F007E000F00AE000F0F7B50C4658
S21400AB701646054668B390F8343063B3B1F5801FC7
S21400AB802BD2022116F0DDFB154A0DF107032146F4
S21400AB902846FEF7EDFDC0B99DF80730032B14D00C
S21400ABA0022B14D10E49284616F0ECFD471C02462F
S21400ABB039462846FFF74AFB044606B13760E86B7D
S21400ABC016F081FD204603B0F0BD064CF7E7064CB4
S21400ABD0F5E7064CF6E7064CF4E7064CF2E700BF4E
S21400ABE0CC3800200BE000F00DE000F009E000F0AB
S21400ABF007E000F00AE000F02DE9F3411F460023CD
S21400AC000C4616463B60054650B390F834304BB3BE
S21400AC10B1F5801F28D2DFF86480012116F091FB81
S21400AC2021460DF1070342462846FEF7A1FD0446DD
S21400AC30A0B99DF80730032B10D0022B0AD10123B0
S21400AC40336004233B60E86B16F03DFD204602B0FF
S21400AC50BDE8F081D8F810303060F3E7034CF2E737
S21400AC60034CF3E7034CF1E7034CEFE70BE000F08F
S21400AC7009E000F007E000F00AE000F0CC38002021
S21400AC8030B50C4685B0054628B390F8343023B36B
S21400AC90B1F5801F23D2022116F053FB0DF10F03EE
S21400ACA0104A21462846FEF763FD034688B99DF8FC
S21400ACB00F20032A0DD00322009221460246284682
S21400ACC0FFF76EFA0446E86B16F0FDFC204605B06A
S21400ACD030BD054CF7E7054CF8E7054CF6E7054CA4
S21400ACE0F4E700BFCC3800200BE000F009E000F0ED
S21400ACF007E000F00AE000F02DE9F04346688EB366
S21400AD00056898464FF0000CA946AE4655F83C40FC
S21400AD10C4F3130701340CF1010C01D0B94218D06A
S21400AD2066450EF1080EF1D12F46002403E0A64238
S21400AD3007F1080713D055F83430013304F1010445
S21400AD40F5D1C1F3130141EA0851C7E90012BDE885
S21400AD50F08341EA0851CEE90012BDE8F083B8F16D
S21400AD60030F03D101230372BDE8F083002303E041
S21400AD709E4209F10809F5D055F83340C4F307544C
S21400AD80032C03F10103F3D1C1F3130343EA085381
S21400AD90C9E90032BDE8F0832DE9F043476883B087
S21400ADA0CFB10646884691460024336853F834509F
S21400ADB0C5F30752C5F31301013503EBC403304650
S21400ADC004F1010405D05B68CDF80090C04710B1CF
S21400ADD07768BC42E9D303B0BDE8F08373B5044698
S21400ADE022489DF81850012A00EAC11123F07C4041
S21400ADF007D9961E012E28D9073303F07F0319437F
S21400AE0008E09DF81C30DB060A4303F0C0531343EA
S21400AE1043F060410023C4E900108DF80730B5B157
S21400AE20202221460DF1070016F03DFE1A220DF1F4
S21400AE300700211D16F037FE63689DF8072043EAD9
S21400AE4082636360082002B070BD1143E2E71B22F4
S21400AE500DF10700214616F026FE23689DF8072010
S21400AE6043EAC26323600420EDE700BF80FFFF07CC
S21400AE7038B5094B04461A680D46002116F019FA33
S21400AE8000234FF0FF322383C4E900252361A2602C
S21400AE90E382A37638BD00BF1C4C02000138C0B266
S21400AEA005289ABF014B185C01207047BCBC020005
S21400AEB02DE9F0410E46596888B007461546490AFE
S21400AEC00024012922464FEA510104F10104F8D872
S21400AED0DC7899781B882403C90201F4006104F425
S21400AEE080540C43C3F30A035203234492B29C18C3
S21400AEF0284B03934FF0000825F0784302A90DF184
S21400AF0007001B2202938DF8078016F0CCFD9DF8F3
S21400AF100720029B8DF80780ED4343EAC26302A92F
S21400AF200DF1070025F078451B220493029516F0D4
S21400AF30BAFD9DF80720029B6FEA044443EAC26309
S21400AF4005936FEA14444FF0FF3306930794BB69EA
S21400AF5007A9012206F110009847BB6905A9044617
S21400AF60012206F108009847BB69404518BF044611
S21400AF7004A90122301D9847BB69404518BF044606
S21400AF80012203A930469847404508BF204608B02E
S21400AF90BDE8F08101009AB213B50446694616F082
S21400AFA07DFE204617F079F8FF28024606D09DF869
S21400AFB000102046F6F7C6FF02B010BD0048FBE7BB
S21400AFC00080FFFF2DE9F0411B4A8AB001AC054620
S21400AFD00B4602F1200C274610685168264603C629
S21400AFE0083262453446F7D1002B08BF3B4610684E
S21400AFF03060002703F10C061C46384690B95FFA0D
S21400B00087F821884246284617F0EFF850B9E188BD
S21400B0104246284617F0FAF820B9424631462846F6
S21400B02017F006F90137032F06F1080604F10204AB
S21400B030E4D10AB0BDE8F081CCBC0200F0B589B01E
S21400B04005460E4617F003F9044600BB06F10C074A
S21400B0500FCF01AC0FC497E8070084E8070001A9EA
S21400B060284617F087F9311D284617F02CFA0446B3
S21400B07048B90849284603F0D1FE044618B92846C0
S21400B08004F0CAF9044631682846FFF79BFF2046BD
S21400B09009B0F0BDC4BC0200014916F065BE00BF91
S21400B0A0E5F3000070B5164E0328337804460D46C7
S21400B0B01ED023FA04F202F00102AA421DD053B1B8
S21400B0C00122A24023EA0203A5402B43DBB23370E1
S21400B0D04BB1012070BD2DB10A4B01201B6898476B
S21400B0E03378EDE73570074B00201B689847F0E78C
S21400B0F09A07DED003F0FC03E9E7002070BD00BF2E
S21400B100B66E0020FC4F002038B504460D4604F00D
S21400B1103BFA60B104F0DAF848B9012D07D80120EF
S21400B12017F05FF80D4B1B6823B15B6898470C4B14
S21400B1301C7038BD13F0EBFC0A4B1A68801A1860B6
S21400B140F8F798FC084B1B684FF47A7202FB003045
S21400B15016F008FE012004F0C1F8E8E7E0500020F1
S21400B16021140020F44F0020F84F0020F8B5124FAD
S21400B17005460C4613F0BDF83B78064633B1012D64
S21400B18004D01CB90D48F8F79FFB3C7021462846B2
S21400B190FFF788FF0A4B1B7804463BB93B782BB970
S21400B1A017F014F810B1074B1B689847304613F099
S21400B1B0A4F82046F8BD00BFB76E0020D04F002090
S21400B1C0B66E002038110020054A0B46117831B1C2
S21400B1D000211170034A1878526801211047704701
S21400B1E0B76E002038110020124B0239012910B525
S21400B1F018701ED804F0C8F9D8B104F067F8C0B1CA
S21400B20003F0A8FEA8B90C4B1C6834B12368984715
S21400B210BDE81040002016F0E4BF16F0A1FD074B75
S21400B220186013F074FC064B1860204604F056F8BD
S21400B230EEE710BD21140020E0500020F84F00205B
S21400B240F44F002038B5044680B113F052F80121BF
S21400B25004460846F7F7BAFF012108460A4A13F0E3
S21400B26008FC2046BDE8384013F047B813F041F814
S21400B270214605460120F7F7A9FF0120024A21468C
S21400B28013F0F7FB2846EDE7F0BC0200F0B5324DB0
S21400B29085B013F02EF82B78044623B12F48F8F724
S21400B2A013FB00284AD1F8F7BBFB02AA03A916F045
S21400B2B077FF0346002832D016F086FF029B98429E
S21400B2C01ED10020264B03991B68264E99423070EB
S21400B2D021D9C91A00270123CDE900771F482B7012
S21400B2E0214A334613F0EFFB00282FD11F4A13786C
S21400B2F0D90717D4204613F000F8002005B0F0BD9B
S21400B30016F060FF029B98421ED0154B154A1B682C
S21400B3100393002010700121FFF7C4FEEAE72046E1
S21400B3202B70E8E731780029E4D103F0FE031370B0
S21400B330002BDFD10E4B1B689847DBE7204612F048
S21400B340DCFF032005B0F0BD0220BBE70323204648
S21400B3502F703370F3E700BFB76E0020D04F002089
S21400B360F04F002020140020C9B10000B66E002067
S21400B370FC4F002038B5104D12F0BBFF2B7804466A
S21400B3809BB90E4A0E4913700E4B0F4A1A600F48AF
S21400B3900F4A5A60F7F794FF0E490F48F7F790FFE9
S21400B3A00E4B0F4A1A6001232B70AFF30080204625
S21400B3B012F0A3FF002038BDB86E0020B76E002044
S21400B3C0F8BC0200381100208DB20000C04F0020EB
S21400B3D06DB1000000BD0200C84F0020FC4F0020E9
S21400B3E045B20000431C08D0044AD2F83C311B0C7E
S21400B3F01B0480B20343C2F83C317047004008404B
S21400B40030B5074B85B00C46D3F8C45000950022E3
S21400B410694616F0C7FC0CB100B9256005B030BD12
S21400B4200081E00F054BD3F8B400431C14BFC0F3F3
S21400B43080700120A622312104F0A0BA0081E00F1E
S21400B440034B1A689B88026083800020704700BF09
S21400B450DE1300200F4B0628D3F8883104D183F47E
S21400B4600013C3F340507047022805D113F4400F71
S21400B4700CBF01200020704750B9074AD2F8D4000C
S21400B48010F0010005D083F48003C3F380507047AA
S21400B4900020704700400E400081E00F0C4A5288A2
S21400B4A0B2F5E16F94BFC8225A2210B594BF782433
S21400B4B0502490428CBF172210220A70054A034679
S21400B4C0107818B19C422CBF0020012010BD00BF90
S21400B4D0DE1300202514002013B5204B1B780E2BFE
S21400B4E0044628D00DF10701FFF7D8FF9DF8073076
S21400B4F01B4A1B021E2C43F440434FF001011CD98B
S21400B500184CC4F8081188B14DF60170C2F8040151
S21400B510C4F80431C4F82011114A4DF60171C2F87E
S21400B5201C1102F10072C2F81C3101E0C4F82011AF
S21400B5300823C2F8943002B010BDC2F8081148B112
S21400B5404DF60170C2F804010648C0F80431C2F88E
S21400B5502011E1E7C2F82011EAE700BFDE13002061
S21400B5600040084400400846084B094AD3F8883192
S21400B570DB4303F4FE1343F40053B3FA83F30E33B2
S21400B580A3EB4313013B1370704700BF00400E400F
S21400B5902414002002280CD0062802D020B1002057
S21400B5A07047054B18787047034B18780430C0B2C4
S21400B5B070470720704700BF241400202DE9F7438A
S21400B5C03A4E3B4F96F8009015463A4AD2F8E0209D
S21400B5D0B9F1020F0446884607EA02071AD147EA7D
S21400B5E0006788F80000002372882B60B2F5E16FD0
S21400B5F094BFC8225A2227F47F57944227F00807A0
S21400B6009ABF380A00F47F5043F6C870384303B038
S21400B610BDE8F083284A1278904228BF144604EB0F
S21400B62083030B70F4B1013CE4B24FF030632B603F
S21400B6306A4601A9204616F0EEFBDDE9002347EA3C
S21400B64003671E4B98F800101B7847EA823747F4CA
S21400B6507F5747F008073BB90029194B18BF4FF032
S21400B6607F43C1E7164BE2E7164B1748B9F1060FC2
S21400B67008BF03462AB90029114B18BF4FF07F4375
S21400B680B2E7B2FA82F2C2F11F02D2B29B5CDBB220
S21400B69039B15A1ED2B2FD2A05D81B0643F0040360
S21400B6A0A2E7074BA0E74FF07F439DE7DE1300209D
S21400B6B03F00C0E0000F002124140020BB6E0020D5
S21400B6C00400000BB883E00FB083E00F73B50446A8
S21400B6D0C820FFF701FF224B224D18780E2801D014
S21400B6E0FF2C04D1FF242C70204602B070BD022827
S21400B6F01BD1072C204628BF072001284FF0000347
S21400B70001AA0DF1030138BF0120FFF757FF164BC2
S21400B710019AC3F85821154BC3F8E0009DF8034082
S21400B7202C702046FFF7D8FEDEE798B9052C32BF0E
S21400B730002601260420201A334601AA0DF1030133
S21400B740C0B2FFF73BFF4FF4800336B1084AC2F899
S21400B7500831DCE700263046EDE7064AF7E700BF8B
S21400B760DE1300202614002000400840000F0021B1
S21400B770004008460040084408B501F045F9094B6A
S21400B780094A002818BF1A46136823F47F115B087D
S21400B79003F4FE130B431360044B4FF00072DA61A0
S21400B7A008BD00BF0041084018410840004008405E
S21400B7B008B501F029F9064B4FF4001228B1C3F87A
S21400B7C000214FF000621A6208BDC3F81821F8E79E
S21400B7D000400844014B1868704700BF0050002026
S21400B7E0036C012B38BF01232DE9F0479A46454BE1
S21400B7F0454F9B69454E464D03F4E073A3F5C07272
S21400B800804644485142514102685245424A0FD14F
S21400B81014788C420CD198F8CCC03C78A44507D15B
S21400B82098F815C03478A44502D1A888BDE8F087FA
S21400B830B3F5C07FC0F800A0117047D1D8F890408B
S21400B84024B12368082B55D994F838400F21204698
S21400B85016F0C3FABAFA8AF300284FD0B0FA80F28C
S21400B8609B1A002BC6BFD840C3F10F094FF00F0933
S21400B870504501D909F1FF39224B2004D86603F15F
S21400B880806340F6FF729A6603F100734FEA09215F
S21400B890996616F0D3FAA88000F0F6FD09F01F09A5
S21400B8A04FF4FA7304FA09F45C4341F66A03B0FBFA
S21400B8B0F3F00A23B4FBF0F45C43184B1C6098F8D2
S21400B8C0CC303B7098F815303370AEE798F8CC3033
S21400B8D0062B06D1124B1B78002B0CBF9624C824CF
S21400B8E0B4E7022B08D00E4B1B78002B0CBFB424F9
S21400B8F0F024ABE70024A9E73224A7E74FF00F09AE
S21400B900BAE700BF0060084023140020221400207D
S21400B910DE13002040110020BD6E002000500020E5
S21400B920BB6E0020FF2908D00B0103F4F87301F06A
S21400B93007010B430749C1F8E830FF2A08D0130176
S21400B94003F4F87302F007021343024AC2F8E43025
S21400B95000207047000F0021F8B5134B134E1F68E8
S21400B960134D384601F03CF83378C4B2A34201D1F7
S21400B9702B78A3B1092C14D80E4B012C195D05D1D8
S21400B9800D4B1B78022B01D141F0400101F00F0254
S21400B99038460909FFF7C6FF002334702B700020D5
S21400B9A0F8BD0024FA21F1E7E8500020BA6E002026
S21400B9B0B96E002008BD0200DE13002070B50446F4
S21400B9C0364E00F059FD364A36490023C6F8E030B8
S21400B9D0C2E90133344B25781A78521B18BF01226E
S21400B9E00A7022681A60C820A2889A80FFF774FD41
S21400B9F02E4BD6F8E020FF2119702D4B2D49062D31
S21400BA0003EA02032C4A1CD14FF4EE40C2F824018C
S21400BA104FF48A42C1F8242143F08043012243F0C8
S21400BA202003C1F820211D4AC2F8E030224B032231
S21400BA30C3F85821FFF790FF204B01221A70002010
S21400BA4070BD022D4FF0070013D10324C2F8000189
S21400BA50C1F80041C2F80C010620C1F80C011849D3
S21400BA60C2F808114FF4404143F00303C2F8041132
S21400BA70D9E70424C2F80001C1F80041C2F80C015D
S21400BA800520C1F80C01C020C2F8080143F080432D
S21400BA90812243F01403C1F80821C4E7000F0021F7
S21400BAA0E00F0021B96E0020DE13002026140020CF
S21400BAB02800C0A00040084600400844BC6E002095
S21400BAC0C1004000014B1870704700BFBB6E0020DD
S21400BAD02DE9F8432A4D2B4B2B6000F0D5FC4FF494
S21400BAE0FA6307464FF47A76B0FBF6F62648274AFE
S21400BAF07343190E1B02181841F100010023FDF7CD
S21400BB000BFBA0F580730446AB6220B966222B219E
S21400BB1003F034FF01244FF47A7262434FF00009B9
S21400BB204B4650083102FDF7F7FA194B1960194BCE
S21400BB30B7F57A7F4FEA0465804618604FEA14240A
S21400BB4005D276222B21484603F018FF01264FF433
S21400BB507A72A5FB023102FB04117208981841F1B3
S21400BB60000132460023FDF7D7FA0B4B044A196052
S21400BB700A4B186008F1FF331363BDE8F88300BF73
S21400BB80005008400211010020A1070040420F00AB
S21400BB90105000200C5000200850002004500020B8
S21400BBA0044B4FF08052C3F880211A60024B0122EA
S21400BBB05A60704700E100E000500840074B4FF025
S21400BBC08052C3F88021C3F88020BFF34F8FBFF3A5
S21400BBD06F8F034B04225A60704700BF00E100E0FD
S21400BBE000500840034699423CBF044B1B6BA1EB38
S21400BBF000003CBF0133C018704700BF005008402B
S21400BC0038B502010A4B01259D500A4A4FF480734D
S21400BC1083405366044612F06CFB074A1378A5402F
S21400BC2023EA05031370BDE8384012F066BB00BF78
S21400BC307450084400500840BE6E00202DE9F843BA
S21400BC401646054688461C4612F053FB022E00F0A8
S21400BC5083804E4A4E4B11684E4A9B6907464FF00A
S21400BC60000C10684FF00042E1FB032CD8F80020CF
S21400BC70012E08BF013200FB03CC08BF6244ACEBC8
S21400BC80020C08BFC8F80020BCF1804F78D34249A8
S21400BC90DFF82491D1F800C04049D1F800803C4933
S21400BCA04FF00040D1F830E00021ECFB020108FB29
S21400BCB00211374A714588BFA1EB0E0102EB051C45
S21400BCC005F1070088BF01F1FF3102EB0010CCF848
S21400BCD080104FF0110CC0F804C09069D2F85CE0F8
S21400BCE04FF0010CC91A0CFA05F8C31A99F80000AF
S21400BCF05FFA88F848EA0000994289F800002AD8D6
S21400BD004FF48073AB401EEA030F24D1002E28D0D8
S21400BD10E007136608D5224B224941F61F7240F20F
S21400BD200110DA66C866DA66A10706D51C4B1D49FF
S21400BD301D4A1E48DA66C866DA66620742BF1C4BB2
S21400BD4001229A60230706D5212000F0E3FA104B63
S21400BD504FF480325A60384612F0CFFA0120BDE820
S21400BD60F88314492D0141F805C0536612F0C1FA54
S21400BD7099F8003023EA080389F8003012F0BDFA7B
S21400BD80384612F0BAFA0020BDE8F88304500020C6
S21400BD9000500840085000200C5000201050002092
S21400BDA0005008440050084600001F1F0000010114
S21400BDB00040084074500844BE6E0020024B1878BD
S21400BDC0003818BF01207047BE6E0020024B0001ED
S21400BDD0185800F00100704774500840034B01F4F7
S21400BDE06001000141F0030119507047745008408B
S21400BDF0014B9869704700BF0050084070B5184C5A
S21400BE00E66B26BB202000F085FA164B10251D6039
S21400BE1001F0CAFF144B4022C3F8802101F04EFA0D
S21400BE2038B132460020082102F07CF90F4B6566D7
S21400BE309D660F4A536803F07063B3F1807FF9D9AB
S21400BE40074B0C4ADA6641F201421A6770BD01F0F0
S21400BE5035FA0028F4D0054A074B63669366EFE789
S21400BE60005008400040084600E100E00050084648
S21400BE7000400840011B01181000000208B52120F0
S21400BE8000F048FA024B4FF480325A6008BD00BFFB
S21400BE900050084008B5222000F03CFA024B4FF450
S21400BEA080225A6008BD00BF00500840064B10B5FF
S21400BEB01C68064B19684FF000420023E1FB002384
S21400BEC004FB003010BD00BF0850002004500020C6
S21400BED0014B9869FFF7EABF005008400A4B0B4930
S21400BEE010B51C6802464FF000430020E4FB023009
S21400BEF00346086800FB0230054B1B6B984284BF64
S21400BF00C01A00F1FF3010BD0C5000201050002069
S21400BF100050084038B5054603F0D8F90B4C40B938
S21400BF2020616061A0612846FFF7D8FFA06100206D
S21400BF3038BDFFF743FE0023236128466361A361F3
S21400BF40FFF7CCFFA061FFF72BFEF0E7005008409C
S21400BF50F8B5194D0646286820F4700040F4A00095
S21400BF6028609DF81C401F1E9DF818304FEA0424D8
S21400BF7044EA036444EA021408BF002144EA074482
S21400BF800C43EC64EC6AFF2C40F2B5224FF018012B
S21400BF908CBF0020012003F0F1FCAC635FB1B068F9
S21400BFA0412838BF4120FFF799FF013084423ABF4D
S21400BFB00023EB63E863F8BD0050084038B504463C
S21400BFC012F0A2F914F4C00F05464BD0284B99681E
S21400BFD00804C1F38912274948689B6944BF6FEA81
S21400BFE082526FEA925213F0800FD9B2224B33D1AD
S21400BFF0DB6D12F5007F03F4801333D0B2EB810FB4
S21400C00030DC10F0506F04D000F07060B0F1806F3C
S21400C01028D13BBBFFF73EFF174BDA6DD10221D488
S21400C0201A6F12B1134A01219160144ADA664FF46E
S21400C030E0025A66A20207D55A6D12F0706F1EBF54
S21400C0405A6D02F17F425A6524F4C0042C2044F451
S21400C050801400F05FF905E061F0FF0111F1460F72
S21400C060DB6DC6DA284612F055F9204638BD00BF0B
S21400C07000700840004008400050084000000101E1
S21400C080F8B5184DAB691B04044626D500F05AFBDC
S21400C090AB6913F0787FA0FB04464FEA9367C3F3BF
S21400C0A04450C3F3044505D140F25E422B2103F011
S21400C0B065FC0120AD01B5FBF0F010EB871005D153
S21400C0C040F263422B2103F059FC01200246002374
S21400C0D020463146FDF720F8F8BD00F08BFAA0FBAD
S21400C0E00401F9E70070084030B50C4C0246012008
S21400C0F0A0F12003C0F1200524FA05F504FA03F3A5
S21400C1002B4304FA00F595428B4100D330BD0F282F
S21400C11001D00130ECE7FF20F8E700BF40420F00F7
S21400C12010B50C46FFF7ACFFC30943EA4163C01ADB
S21400C13061EBD111FFF7D8FFFF2812D00B4B4FF45D
S21400C14070629A6103F100730002986103F17A430A
S21400C1509B69DBB2802B06D02046BDE8104000F07D
S21400C160DDBA012010BD0220FCE700BF00700844C5
S21400C1703B4B082270B501210546C3F8C820394854
S21400C180394CF4F77BFC394B1D702378013B012BAF
S21400C1900CD8237CE07B01229A400C21302313FB31
S21400C1A0001303F1884303F520431A60304B002246
S21400C1B05A677DB92F4A4FF6FF71D16702F10072B8
S21400C1C0F821D1675D672C4B4FF08042C3F894206E
S21400C1D0002070BD636853B300F056F9626800EB48
S21400C1E05203B3FBF2F3013B1B0243F0F80326783D
S21400C1F02049224A022E1CD0032E1D484FF6FF75FA
S21400C20021D0012E27D143F00203CD67D367072341
S21400C2104367237CE07B01229A400C21302313FBEA
S21400C220001303F18C4303F520431A6011E0F82352
S21400C230DDE743F001034FF6FF70C867D3670C4B8A
S21400C24005225A67E5E743F00503CD67D367012368
S21400C25043670B4BB8E7CD67D3670023F8E700BF0B
S21400C26000400E4600250A0014500020BF6E002035
S21400C270000008400000084400400844000008464B
S21400C28000400846F8B5064604460FCE1C4F3D460D
S21400C2900FC533682B601B4B1B480822C3F8C82009
S21400C2A00121F4F7EBFB194A00235367A37BE17ADD
S21400C2B01B0443EA0123217A0B4393673B78032B45
S21400C2C01BD8DFE803F01402080E617B207B0023F6
S21400C2D00422F5F781FB217CE07B00230422F5F79E
S21400C2E07BFBA17A607A01230422F5F775FB084BE5
S21400C2F01878BDE8F840FFF73BBF0120F8BD00BF47
S21400C3001450002000400E4600250A000000084099
S21400C310BF6E0020044BD3F89430002BBCBF034BF9
S21400C320C3F88000704700BF004008400000084087
S21400C33008B5064B06491A684FF00450920014F0F0
S21400C34080FFBDE8084000F0C9BC00BF34BD020055
S21400C35038BD020007B501A8F5F7DCFC194B1A4AF0
S21400C360C3F8442148F2E672C3F838214FF4086255
S21400C370C3F83421154AC3F8A0209DF80530012BD8
S21400C380134B05D19DF80420012A9CBF28221A656C
S21400C3904AF63F429A600F4B4FF0C0729A62A3F57E
S21400C3A040530022C3F8FC200B4AC3F89C200B4BDA
S21400C3B07F225A6203F1007323225A6203B05DF8AB
S21400C3C004FB00BF00400840C0E653517A27000F28
S21400C3D00030084000700840806D63030030084459
S21400C3E008B50D4B40F2FD12C3F8C8200B4B0C4AA3
S21400C3F0C3F8942000F0A6FBFFF7ACFF094B03221E
S21400C400C3F89820A3F500530122C3F894204FF4F4
S21400C4106072DA6008BD00BF00400E46004008406B
S21400C4200048F000006008460F4B002210B5C3F825
S21400C4308820C3F88C20C3F890200C4A0121D160D4
S21400C4405A6812F0706FFBD14FF00452DA6701247D
S21400C45002F6B872C3F880401A66054B1B68984708
S21400C460044BDC6010BD00BF00400840004008469A
S21400C4704411002000400844024B40F2FD12C3F86D
S21400C480C820704700400E4608B5F4F733F8044B52
S21400C490D3F81031C3F308230133B0FBF3F008BD23
S21400C4A000400E4070B5044618B1284D2268531C53
S21400C4B000D170BDC2F30063110C35F8130011F003
S21400C4C0FE0F93B243EA0043606818D00434CAB241
S21400C4D0022A216808D9D4E90160033AC3E90016A4
S21400C4E098600C340C33F3E704D16268C3E9001299
S21400C4F00834DBE7012AD9D104341960D6E7120FD5
S21400C500072AF5D8DFE802F00704090D1013181DF6
S21400C510C04303F180631860EAE71A6842401A6075
S21400C520E6E703F1C063F6E715F0AAFCE0E70122B0
S21400C530824003F1C063F2E70122824003F1806388
S21400C540EDE71A6830EA0202FBD1D1E71ABD020015
S21400C550024B0122C3F89420704700BF00400846F3
S21400C560024B0122C3F89420704700BF00400844E5
S21400C570024B4022C3F89420704700BF0040084496
S21400C580024B4022C3F89420704700BF0040084684
S21400C59008B50C4B1B68D3F8903023B11A68022AF2
S21400C5A001D9186A08BDFFF76FFF074B1B6B0246E1
S21400C5B098B20028F6D0C3F30743D2085343B3FB20
S21400C5C0F0F0EFE7E850002000600840074B5B689B
S21400C5D0C3F30363984208D1054AD2F8803023F0AB
S21400C5E0F00343EA0111C2F880107047004008408B
S21400C5F0000F002138B5154B1B68D3F890302BB1CF
S21400C6001A680A2A02D91C6C204638BD104B9A6B51
S21400C6105B6BC2F34544C2F3CD010134C3F344154A
S21400C62001FB0444C3F3822103F01F0305FB01331F
S21400C6305C4302F00702074B9B5C5C436400E3D05C
S21400C640FFF722FF6843B0FBF4F4DDE7E850002074
S21400C6500060084012BD02002DE9F0470E46FFF7C5
S21400C66037FCDFF8B090DFF8B0A08046002511F068
S21400C67040FED9F80430C3F30363012B07460BD101
S21400C680711C1AD0FFF724FCA0EB0805384611F001
S21400C69034FEAE42EBD80DE0052BF1D00B2BEFD0DD
S21400C6A0023B012B0CD9013602D0FFF711FC3846AD
S21400C6B011F023FE1648BDE8F08711F01EFED6E7FF
S21400C6C0DAF808301A04C3F389140FD4013602D0FE
S21400C6D0FFF7FEFB384611F010FE24B2A4F1C800A6
S21400C6E06FF4FF739842B8BF1846E4E7731C03D094
S21400C6F0FFF7EEFBA0EB08056FEA84546FEA94544C
S21400C700384611F0FAFD14F5007FC2D0E6E700BF08
S21400C71000FEFFFF004008400070084010F1800F48
S21400C72004D04D28DABF323040B27F20044BFF22BF
S21400C7309A6103F10073C0B298610020704700BF91
S21400C740007008440B4B0C499A6B70B502F0070258
S21400C7509E6B8C5C9D6BFFF797FEC6F3CD0606FBC3
S21400C7600444C5F3454505FB04448001B0FBF4F0E2
S21400C77070BD00BF0060084012BD0200074BD96FB5
S21400C780074B5B680246C3F3036301F00F0002B178
S21400C7901370984208BFC1F303107047000F0021C2
S21400C7A000400840064BD3F8883001F0800103F4BF
S21400C7B080030B4302BF034B4FF400129A6170478D
S21400C7C000400840006008442DE9F0411F4CDFF8A7
S21400C7D09080069F0646A2FB03502C1960F1000EBF
S21400C7E09C46A0454FF0000373EB0E0E07D24FF4A5
S21400C7F0B4720E21184603F0C1F802201BE000298F
S21400C800FBD0C6F3130601EB5C04B4FBFCF4A4FBFC
S21400C8100646E40C44EA46340D4E34600D4C226065
S21400C8200D4A914209D10D4AA5FB025302FB003383
S21400C8309B093B600020BDE8F081C4040A46E8047A
S21400C84044EA5531FCF768FC3860F3E700C9E8763F
S21400C850285000202C50002000F049020A3BB2DF8E
S21400C8600046C32338B5164D2B780C4623B9154B16
S21400C8701B6D03F03F032B70134BD3F894305B050E
S21400C8801CD5124BB0FBF3F040F24D534343A3F5D7
S21400C89046430C3B584300F5C91000F5556028B9CF
S21400C8A040F21B322B2103F069F801202B78084A4E
S21400C8B05343B3FBF0F30020236038BD0220FCE7AF
S21400C8C0C36E0020003008400040084000366E016D
S21400C8D08096980070B5374C374B256B374C1B68E5
S21400C8E02468ED024CBF1B191B1BB3F1804F04D804
S21400C8F0002B3AD1324E1C460AE0B3FA83F4314E8E
S21400C900C4F10204E340304DAB4201D901345B0868
S21400C91003EB5605B5FBF6F52C4EB34234BF0026A6
S21400C92001262403013D44EA86242C430C60D8B13A
S21400C930B3FBF0F1642400FB11336343984288BFD5
S21400C94001F1FF314808013801390728204D214CF4
S21400C9504FEA510311D9002129700621C4F894101A
S21400C9601B0243EA0013136070BDB3FA83F4D4F1DC
S21400C9700204134EC6D50024C5E71029EBD068B1D3
S21400C980012129700621C4F894101349097800295A
S21400C990E6D012490224C1F89440E1E7012914BF09
S21400C9A00121002129704FF00601C4F89410ECD143
S21400C9B0D6E700BF003008402C500020285000204A
S21400C9C0E0673500C0CF6A003FBE4025401B5F13BE
S21400C9D0C06E002000400844C16E0020004008469B
S21400C9E0084B5B6B03F00700C3F3C20213F0380F6B
S21400C9F018BF5043C3F3821213F4E07F18BF5043AE
S21400CA00704700BF00300840034BD3F8380180F071
S21400CA101000C0F30010704700400840174B4FF45A
S21400CA20002210B5C3F89420154C164BB0F1804F79
S21400CA3088BF1C46144BDA6CD2071DD51B6F134AF1
S21400CA4004F5F42404F59074B4FBF2F4033CE4B269
S21400CA5003F00703A34202D02046F4F741FE0C4B36
S21400CA601B784BB10B4B4FF47022C3F8942003F1A4
S21400CA7000732404C3F8944010BD00BF004008466D
S21400CA80E0673500C0CF6A0000300E4040420F001D
S21400CA90C26E0020004008447FB50446F3F760FDF0
S21400CAA01C4B06462C3358680093A37922683146FF
S21400CAB0FFF78AFE054648BBA379012B14BF16492B
S21400CAC016491022C1F83821206815495843FFF747
S21400CAD0C9FE03AA02A93046FFF7FCFE0F4A43F63A
S21400CAE0FF53C2F8A4300C4B0299C3F8A4104FF4BD
S21400CAF0EE611163039A1A632068FFF78FFF094BF4
S21400CB00A2881A6203F5405300229A63284604B0AE
S21400CB1070BD00BF00300840004008460040084492
S21400CB20503008400000084008B5044B01221A7037
S21400CB30034B1868FFF772FF002008BDC26E002086
S21400CB402C500020024B4FF48062C3F894207047AC
S21400CB50004008460D4BD3F80421D3F8B030D2B2CB
S21400CB60FF2A03D043F30743591C01D1902219230F
S21400CB70074903EBD37302EB6302022381F88E307E
S21400CB80232381F88F2081F88D3070470081E00FD5
S21400CB90000F0021044A5368C3F30363022B04BF4B
S21400CBA08023936000207047004008402DE9F04F36
S21400CBB0384C0A4685B00D460021814614F079FBB4
S21400CBC0D4F8C83043F0CC029A4204D00025284658
S21400CBD005B0BDE8F08F304BDB68D907F6D402F01D
S21400CBE06BFD0028F2D0D4F81061C6F30826002E9C
S21400CBF0ECD12A4C2A4BD3F81880D4F88430019311
S21400CC00284B4FF060529A6103F100734FF00062B8
S21400CC109A612423C4F88430234B04221A604FF40C
S21400CC20804A4FF48053C4F868A0B3466362AB45AD
S21400CC3012D31E4B04221A60184A019BC2F8843095
S21400CC40184B4FF06051996108EA010318498B614F
S21400CC504FF480439366BAE7226E5204FCD52268EE
S21400CC60D305F9D5C4F868A00136D4F88820039215
S21400CC70012EDCD9A5EB0B07042FA8BF04273A46E4
S21400CC8009EB0B0003A95F4414F0DBFA1FFA87FBDD
S21400CC90CDE700BF00400E400040084000000840BE
S21400CCA00060084000600844004008460040084411
S21400CCB000600846074BD3F8D8304FF604014FF60D
S21400CCC005029BB28B4208BF1346034A01209365B8
S21400CCD0704700BF0081E00F00500840F0B5294BB8
S21400CCE0294D93E8070085B001AC84E8070084224C
S21400CCF02648002114F0DDFA254BDFF8A0C01A689C
S21400CD004FF0045392001A44043A4FF6CE264FF6DC
S21400CD10CF274BF6D02E93420BD3FFF71BFF1D4BAE
S21400CD201B7823B194E80700164B83E8070005B08C
S21400CD30F0BD9988B14214D1B3F9021000290EDA79
S21400CD4011F1740F0BDB188820F4E06080B2B0F5A8
S21400CD50404F04D12944080C98805980043302338C
S21400CD60D9E7B942FBD1598801EA0C017145F6D1E1
S21400CD70198821F0040189B249F601008142EED1FA
S21400CD800549E8E7E00F0021A45000207C0F0021B1
S21400CD9034BD0200BC6E002058110020D0BACFFA75
S21400CDA00A4B197801F0FF0229B1002119700849D1
S21400CDB09202C1F8A020597801F0FF0229B10021A3
S21400CDC059709302024AC2F8A4307047C46E00201D
S21400CDD00000084608B511F08CFA0F4B1A78B2B965
S21400CDE00E4A126812F4843F11D10D4A1021C2F87F
S21400CDF094101B786BB9094B1B68DB0509D4084BEC
S21400CE002022C3F89420BDE8084011F076BA054AFF
S21400CE10ECE7044BF4E700BFC86E0020F0260020C5
S21400CE20004008440040084610B511F062FA0E2192
S21400CE3004460320FFF7CAFB044B40F201222046BB
S21400CE405A62BDE8104011F058BA00BF0000084012
S21400CE50044B00221A70044B197811B11A70FFF7B0
S21400CE60B9BF7047C76E0020C86E002008B511F025
S21400CE7040FA234B4FF00062C3F88020BFF34F8F79
S21400CE80BFF36F8F8022C3F88020BFF34F8FBFF3AE
S21400CE906F8F0222C3F88020BFF34F8FBFF36F8FD0
S21400CEA00822C3F88020BFF34F8FBFF36F8F102286
S21400CEB0C3F88020BFF34F8FBFF36F8F4FF08052C1
S21400CEC0C3F88020BFF34F8FBFF36F8F4022C3F8A5
S21400CED08020BFF34F8FBFF36F8F2022C3F88020D0
S21400CEE0BFF34F8FBFF36F8F4FF08042C3F88020A1
S21400CEF0BFF34F8FBFF36F8FBDE8084011F0FDB949
S21400CF0000E100E008B511F0F4F90A4B4FF00062BA
S21400CF101A6080221A6008221A6010221A604FF0E7
S21400CF2080521A6040221A6020221A60BDE808402B
S21400CF3011F0E3B900E100E070B5084C012323705E
S21400CF40074B1E68074BD3E9005332401940284070
S21400CF5001F0E8F80023237070BD00BFC66E002005
S21400CF60A4500020F02600202DE9F047DDF820A090
S21400CF7003EA0108099B06460D4602EA000703EA93
S21400CF800A09BAF1000F40F04481031F0B4300F07A
S21400CF900A81052871F1000380F0DE8050EA010363
S21400CFA000F05781431E0B4300F01881FFF75EFF29
S21400CFB0A94AD2E9004323EA050343EA0808A74B37
S21400CFC0A74D24EA06041E6826EA0A063C4346EAFB
S21400CFD00906C2E900481E60FFF7FCFEA14814F0EF
S21400CFE02A4F14BF48F202024FF40042B307C36E42
S21400CFF048BF42F4005282EA030123EA0203EB66CA
S21400D000994B81660A40DA66C4F38042120327030E
S21400D01048BF42F48072E50648BF42F40052A006BC
S21400D0209248934D48BF42F40072610648BF42F4EE
S21400D03080622306D0F88C3048BF42F4006282EA51
S21400D040030123EA0203C5F88C30C8F34025AD047B
S21400D050E704C0F8881048BF45F48035A00302EA0C
S21400D060010248BF45F48015824B834FC3F88C20DD
S21400D070A10748BF45F4001514F4001F05D0386812
S21400D08015F017F908B945F400257C497C48E202FA
S21400D09048BF45F4003518F0100F0A6A18BF45F46B
S21400D0A08005730748BF45F0040585EA020323F0B0
S21400D0B001031A4002621D40CB61724B7248734AEC
S21400D0C01D6216F0010F724B724D18BF1346826E2A
S21400D0D083EA020122EA0302AA666F4A41660B400F
S21400D0E000F500509366C26B04F0010305F5005589
S21400D0F083EA020122EA0302EA63684A81630B407C
S21400D100D3633A68200248BF654B92F8E52058BFC3
S21400D110644B610748BF43F4806322B114F4C06FC8
S21400D12018BF43F480736048604CD0F8EC103207A8
S21400D13048BF43F0004383EA010222F4A0221140D4
S21400D140C4F8EC101340C0F8E820594ABDE8F04790
S21400D150C2F8EC30FFF7D6BEA0F580630B4306D0CE
S21400D16020F48063A3F500730B437FF41FAF11F028
S21400D170C0F83949D1E9003223EA060322EA05025B
S21400D18042EA08023B43C1E900323B4A126892F881
S21400D190E5200AB313F4C06F1ED0454B4FF48072DF
S21400D1A0C3F8EC2014E011F0A4F82B4AD2E90031C1
S21400D1B023F004033B4341EA080157EA0807C2E9A3
S21400D1C0003114BF3A4A394A4FF48063C2F8EC3053
S21400D1D0BDE8F04711F091B8344BDFE711F089F85D
S21400D1E01D4AD2E9003123F001033B4341EA08011E
S21400D1F0C2E900312F4A57EA08074FF0010315BF6E
S21400D20093632D4902F1C062CB6314BFD36393636B
S21400D210DEE750EA01037FF4C9AEBAF1010F7FF4EE
S21400D220C5AE11F066F80D4A136823F0010343EA11
S21400D23009031360144A4FF48063B9F1000F04D059
S21400D240536602F1C0629366C2E712498B66536664
S21400D250BEE7BDE8F08700BFF0260020A4500020FF
S21400D260000008440000084000000846006008402F
S21400D2700060084400600846E8500020004008406F
S21400D280004008440040084600500840001C70005B
S21400D2900018700000500844005008460070084609
S21400D2A00D0A0A09090A0A09001008400010084475
S21400D2B0001008460070084000700844024B58688A
S21400D2C0C0F3C000704700BFF0260020024B18686D
S21400D2D000F00100704700BFF0260020024B58689F
S21400D2E0C0F3C030704700BFF026002010B50446DB
S21400D2F0FFF776F8FFF7BAFD04F1480002F060FC8D
S21400D300FFF792F8FEF7E4FBFEF74AFC02F0BAFEDF
S21400D3101049114AD1F8F010072304F1A00002F0DA
S21400D320D9FE4FF440010020FEF758FD4FF40011DF
S21400D3300120FEF753FDFFF7BDFC20B940F2E722BF
S21400D340142102F01BFBFFF7EFFBBDE810400120A5
S21400D350FEF70EBF000F0021900F0021074B802222
S21400D360C3F8882003F17E430822C3F88820044AC5
S21400D370136823F020031360704700BF0040084680
S21400D3803050002008B510F0B4FFFFF7E7FF034B5E
S21400D39001229A60BDE8084010F0AFBF0040084088
S21400D3A0F8B5194C05462078B0FA80F040F20642EF
S21400D3B03E21400902F0E2FA55B96078B0FA80F0F2
S21400D3C0BDE8F84040F206423E21400902F0D6BAD7
S21400D3D00E4F0F4DD7F8A0304FF44066C3F38123AD
S21400D3E02370C5F8A0606078B0FA80F040F206427C
S21400D3F03E21400902F0C2FAD7F8A430C3F38123D5
S21400D4006370C5F8A460F8BDC46E00200000084034
S21400D410000008440C4BA82210B5C3F88820102240
S21400D4201A600A4C0A4A0B4B93666366FFF7B8FC11
S21400D430094B1B7813B90320FEF7E2FB0023236792
S21400D440BDE8104001F0A4BD00400844005008406C
S21400D4500050084410000002CB6E0020F8B50B4CBC
S21400D4600B4DD4F888300B4F0423C5F88830D4F819
S21400D47088305B0300D4F8BD0426C7F88860022015
S21400D48014F0FEFCC5F88860F1E700BF00400840D5
S21400D490004008460040084410B508B901B910BD60
S21400D4A0194A1A4C5368C3F30363032B04D1E36F82
S21400D4B003F00F03032BF5D151B90028EFD0124A21
S21400D4C053681B0E13F00E0FE9D113689A06E6D4C4
S21400D4D0FFF7AAFC0C4C0020FFF750F9032801D0F8
S21400D4E0092806D1D4F88C30DB03F4D4636F0C2BF8
S21400D4F0F1D9FFF7B3FF064B0122DA6003F17E4352
S21400D5000422C3F88820CAE700400840000F002124
S21400D5100040084608B503210920FFF757F8024BDC
S21400D52020229A6008BD00BF0040084038B5054676
S21400D53010F0DFFE044602F0FFFA35B1FFF788FC74
S21400D5402046BDE8384010F0D8BE084B1B78002BAC
S21400D550F6D0074B1D78002DF2D1FFF779FC2A464E
S21400D5604FF480400021FFF7E7FCE9E7C76E002094
S21400D570C66E0020524B2DE9F047D3F88830064699
S21400D5800D461446002A40F0988013F0A00F14BFF2
S21400D5904FF001094FF00009DFF83C81494F01F0D8
S21400D5A0F7FCA023C8F888300320FEF729FB0420E8
S21400D5B0FEF726FBFFF74CFC434BFB6600233B675E
S21400D5C0FFF74CFF414A136843F020031360FF2324
S21400D5D0C8F800303A4B4FF480724FF0040A9A6055
S21400D5E0C8F888A0FB6813F0060F04D0FEF752FCBC
S21400D5F05046FEF705FBB9F1000F08D0344B4FF448
S21400D6000062C3F88820334B4FF400425A6666B176
S21400D610304B5B6C180701D4FFF706FCFFF77AFF68
S21400D6200420FEF7EDFAFFF7BBFB254BDA68D107BF
S21400D63041D55A6812F0706FFBD1274B274AC3F8C2
S21400D6408820274AD2F8803023F0F003C2F88030D2
S21400D65015B12046FFF76AFF224BD3F8B4305A1CA8
S21400D66001D05B0002D51C4B0122DA601CB3194BBB
S21400D670DA6E9A66124A136A23F00103D3611A4BD4
S21400D680D3F88C20C3F88820A3F54053DA6F9A6746
S21400D690A3F50053D3F8EC20C3F8E82003F5C04305
S21400D6A0DA6B9A63A3F50053104A5A660A4B4FF694
S21400D6B00842C3F88820BDE8F0874FF000096BE702
S21400D6C00040084000500840000001013050002093
S21400D6D000400846000008400040084410003000A3
S21400D6E0000F00210081E00F006008405000F002AB
S21400D6F0794B2DE9F74F196EDA6E01EA0209C3F885
S21400D700689003F58053D3F8E070D3F8EC20174008
S21400D710C3F8E87003F5A043D3F88010D3F88C2044
S21400D72001EA020AC3F888A0A3F5005359691A6AE9
S21400D73001EA0208694A08EA0202DA61684AD2F88F
S21400D7400CB0D66D916E0E4026F4800121F4006177
S21400D7505166B9F1000F00F0BB8019F4004400F0E8
S21400D760AF80D3F8884014F4E05540F09780FFF778
S21400D77051FE4FF0807419F0020F16D0594B5A49DB
S21400D780D3F8883003F46042C1F88820002A00F0FD
S21400D79099801D0400F1998013F4005F0CBF4FF0D0
S21400D7A000534FF000631C430025C9F340394FEA8D
S21400D7B049094E4B3B40002B4AD017F4206F0AD045
S21400D7C040F60F020621002002F0D8F80020FFF7EE
S21400D7D0ADFE27F48027F80506D5434BFF221A60D6
S21400D7E044F4C064FFF720FB17F0090F0AD040F698
S21400D7F024020821002002F0C1F8FFF78BFE3C4B04
S21400D80001229A6217F0106F0CD040F62D02092103
S21400D810002002F0B3F8FFF77DFE00221146104606
S21400D82002F062F917F4202F0AD040F635020721DD
S21400D830002002F0A3F80020FFF778FE27F48027E8
S21400D840F90301D502F0B2FA002FB8BF49F0080973
S21400D8507A070DD5264B5B6A13F4005F14BF254A82
S21400D860254A4FF400531ABF536244F4000453622F
S21400D8707B0548BF44F0040417F4802700F09F801F
S21400D88002F04CFA0138062838D8DFE810F07D019F
S21400D89080017D018301860189018901FFF7BAFDB8
S21400D8A0114BC3F8885014F4805507D114F4806FD8
S21400D8B00CBF4FF080544FF080645CE74FF080441C
S21400D8C0002558E74FF000736DE74FF000436AE716
S21400D8D04C464D466DE700BF000008400000F7FFCD
S21400D8E0005008400040084000400844090B0B89DF
S21400D8F000100840001008440010084640F6660273
S21400D9000321002002F03AF8AC4A136ED2F88000E9
S21400D91003F007030633012101FA03F3C0F30C00FA
S21400D9201B1A9BB2032B13D9A54BD3F88830580289
S21400D9300ED4A448136B126DC06C58B103F00703E5
S21400D94006339940C2F30C03C91A89B2052901D8D7
S21400D95044F400749C4B1B78002B30D0974BD3F8C4
S21400D960E03013F4A02F2AD1984B994A1B788BB934
S21400D970F3040FD413786BB1E308964943EA457372
S21400D98083F00103096A03F001035B0021FA03F345
S21400D990980714D10420FEF733F98F4B8F49D966C8
S21400D9A0FFF756FA8A4A13782BB98D4B8D4A1B68B7
S21400D9B02340134201D144F4804426F48056BAF141
S21400D9C0000F1DD01AF4805F18BF44F480241AF4A8
S21400D9D0807F18BF44F400241AF4005F18BF44F098
S21400D9E010041AF4007F18BF44F020041AF4806F65
S21400D9F018BF44F040041AF4006F18BF44F08004C7
S21400DA00B8F1000F3BD018F4802F18BF45F400750E
S21400DA1018F4803F18BF44F4805418F4801F18BFD1
S21400DA2044F4003418F4001F18BF44F0020418F43D
S21400DA30003F18BF44F4801418F4800F18BF45F058
S21400DA40100518F4002F1AD0624B1B6813F0C00F95
S21400DA5015D05B4B5A68C2F30362032A01D0072A2B
S21400DA6008D1D3F88C20D10604D4D3F8902012071E
S21400DA7040F199804FF40022DA6128F40028002E45
S21400DA8000F0EA80300529D50320FEF7B9F8524B9E
S21400DA905548DA6812F0060F02BF544A41F61F7165
S21400DAA0D1664FF400625A66DA68514912F00602EF
S21400DAB008BF1A67C28A12F4006377D00B7822F484
S21400DAC00062C28203F0FF0A002B73D1FEF7E2F970
S21400DAD0FFF7A0FC5246202314431D43B1010BD58B
S21400DAE02E20FEF717FC414A4FF00073936602F1B2
S21400DAF07C4245F008055366F20608D52B20FEF753
S21400DB0009FC3A4A1023936602F17C42536616F4E7
S21400DB10E00F06D1F30440F198801BF0060F00F0EA
S21400DB20DE803046FEF74AFA0646B00210D52920B7
S21400DB30FEF7F0FBFFF7C2FB40B12E49264A2E4BFC
S21400DB4053668B661E494968490459D445F0040556
S21400DB5016F4800BDFF880A05ED00420FEF750F8A5
S21400DB602720FEF7D7FBFFF755FC4FF48003CAF8D3
S21400DB706430184B1A6A500600F1AB801F4B022225
S21400DB801A6045F002055DE044F48034BCE644F4D7
S21400DB900064B9E644F48064B6E644F48074B3E600
S21400DBA044F00804B0E644F4001468E70A784FF43A
S21400DBB0005291E74FF4004200238DE70010084022
S21400DBC00040084000000840C86E0020C76E0020D5
S21400DBD0C96E0020305000200050084000000101AF
S21400DBE0F0260020088D0100A850002000500844B0
S21400DBF0CB6E00200050084610000002004008448B
S21400DC005B4920208B665366FEF784FB2D2045F08B
S21400DC100C05FEF77FFB9BE7F20245D50420FDF7D7
S21400DC20EFFF2820FEF776FBDAF87030002B38D1AD
S21400DC30FFF7F0FB4E4A4F4B936602F17C4245F0ED
S21400DC40010553664C4B00221A65730504D5022065
S21400DC50FDF7D6FF49F001094A4620462946FFF758
S21400DC606BF90FB102F094F818F4002F7AD0434BFA
S21400DC704FF40022DA6118F0206F76D018F0007F9B
S21400DC8001D0FDF779FD18F0006F01D0FDF790FD8B
S21400DC90002200204FF4006103B0BDE8F04FFFF70C
S21400DCA04BB9CAF870B0C5E7F304CBD50420FDF72E
S21400DCB0A7FF334BCAF86C30FEF7ECF8DAF85C30A6
S21400DCC013F4A00FBED12A20FEF724FBFFF7A2FB19
S21400DCD04FE71B6899063FF554AF2A4B4FE70420E1
S21400DCE0FDF78EFF0320FDF78BFF234B244ADA66F1
S21400DCF010F0FFFA82460DF10700FEF73FFD224BBB
S21400DD001B7883460BB1FFF78FF8BBF1030F0ED1DC
S21400DD10DFF868B00020FEF731FD032807D1DBF8F6
S21400DD208C30DA03F6D4DBF874300C2BF2D99DF87D
S21400DD300730032B08D1154B012250461A7010F0FD
S21400DD40DCFA00231C4380E7114BD3F8E03013F4D1
S21400DD50A02FF0D1FFF77CF8504610F0CEFA4FF423
S21400DD608043EFE7B8F1000F85D103B0BDE8F08F30
S21400DD7000500844100000020050084000400840D0
S21400DD800000010100400846CA6E0020C76E002051
S21400DD9000100840034A0123136202F17C42D3615B
S21400DDA0704700BF004008440B4B10B55C691A6A08
S21400DDB01440A2B2DA61E20704D55868C0F30360E3
S21400DDC0FFF7E8FF630706D5BDE8104004220020F1
S21400DDD00021FFF7B1B810BD004008400C4A08B556
S21400DDE0136BD16B0B409363DB070FD5094B187889
S21400DDF040F6AC22122100F0010001F0BFFDBDE8A4
S21400DE000840002201200021FFF796B808BD00BF99
S21400DE1000700840F0260020044BDA6FD207FCD4CE
S21400DE201A6FD96F0A409A67704700BF00300840E3
S21400DE3070B50D46144610F05CFA054B1E6874402B
S21400DE402C4074401C6010F058FA05EA060070BDBD
S21400DE5030500020034B1B6899430CBF0120002064
S21400DE60704700BF305000202DE9F04190460A432D
S21400DE70012A9DF818409DF81C60089D1F4626D86C
S21400DE80B44224D2082E22D8032B20D8FDB10A464D
S21400DE90002100F0E5FF04F180410E4AFF00FF205C
S21400DEA00931B84001EBC801C04302EB8102013DD5
S21400DEB052F8043F15F8011F01340340B940E4B29C
S21400DEC01943A6421160F3D10020BDE8F08101207D
S21400DED0FBE700BF3050002009490A4AD1F8EC00A1
S21400DEE010B504230124C2F8EC308C624FF40051C4
S21400DEF05162410744BF02F10072C2F8EC3010BD17
S21400DF0000100840001008442DE9F3478F780F2FC3
S21400DF1080460E4603D9012002B0BDE8F08727B937
S21400DF2001234D4A00201370F6E70C784D780CBBA1
S21400DF30002DF0D196F90310F088FEF7F1F80128CD
S21400DF40E9D0464BB0889A69454BDFF824A11A60A1
S21400DF5054EA050913D0FDF7C1FFBAF800204FF6C2
S21400DF6004039A4272D1A5422A4683B238BF22469B
S21400DF70002550E0082CCED8082DCCD8DAE7FDF7DF
S21400DF80ADFF3849896D024683B289B24FF6040464
S21400DF904FF60500A14208BF0146AAF80010494600
S21400DFA0B3F5807F01F1010015D8CCB2082C2D49BD
S21400DFB014D1FF22B3F5807F8A6518BF01334FF472
S21400DFC000024A6518BF9BB222460125013BFF2B83
S21400DFD028BFFF2321E05B080146E1E70125002C6E
S21400DFE032D005FA04F0B3F5807F886505D14FF48A
S21400DFF000024A6508221446E8E792B2013C224134
S21400E00002F001021A4493B2164A4FF40001516519
S21400E010082201251446002BD8D11249013FCB62B5
S21400E020FFB20023019300970123214608F1A000C8
S21400E030FDF78EFF1DB10C4B4FF48012DA640B4BCC
S21400E040B2681A6002236CE78D65DDE705498A65CC
S21400E050AAF8003087E700BFCC6E002000700840AA
S21400E060D05000200050084000500846C450002001
S21400E070E413002037B50C4641B90A460721FFF7DE
S21400E080D7FE1D4BC3E9004403B030BD072211463E
S21400E090FFF7CEFE194B1A4D07225A60237985F8F2
S21400E0A06C3063790193012101A814F0F5FA019B05
S21400E0B0C2B2D34000F00F0040EA031085F86D00AE
S21400E0C0A27985F86E20E27985F86F2020682867A7
S21400E0D083B1028801218B4205D82379013B134482
S21400E0E0084A9361D0E730F81150AA4228BF2A4662
S21400E0F00131F0E71A46F0E79C5000200000084483
S21400E1003050002000000840431C07D0044B6FF03E
S21400E110FF029A6103F1007310409861704700BFD8
S21400E12000700844394B2DE9F3410C461D6840F257
S21400E130032300F0010123400B430646174639D05F
S21400E140A00709D0DFF8E080D8F80000FFF7DCFF72
S21400E1504FF0FF33C8F800304FF0000801B300233B
S21400E160002201200021CDE90088FEF7FDFE414691
S21400E1702846FEF771FA41466883012001F0A2FAAC
S21400E180696B05F1A000FEF70DFB21490868FFF753
S21400E190BBFF4FF0FF330B602B7C43F004032B7464
S21400E1A0A20507D50121284613F09DFD24F400742E
S21400E1B006430C43D5E93C233240234052EA030190
S21400E1C003D01449284609688847FB070FD512492B
S21400E1D0124A0868136800211160114A0121117063
S21400E1E003B198470F4B00215B680220984717F051
S21400E1F00E0F08D040F2F3123B21002002B0BDE81B
S21400E200F04101F0BBBB02B0BDE8F081E850002051
S21400E210881100208C110020D8500020DC500020EF
S21400E220CF6E00203811002084110020F7B5044678
S21400E230D4E93CC71046DDE908268CEA020587EAE1
S21400E24006010540194085EA0C057940C4E93C51B1
S21400E25023F4004106EA010320F00100002543F400
S21400E2600073024043F00303CDE90055FEF77CFE41
S21400E270237C9A0717D5D4F8F4309B0513D54FF4B2
S21400E2808811204613F02FFD237C65F34103237489
S21400E290D4E93C2302400B4052EA030103D0034971
S21400E2A0204609688847002003B0F0BD8C11002086
S21400E2B038B10368044A002B08BF1346034A1360AC
S21400E2C07047014BFAE700BF511F02008C11002077
S21400E2D0024BD3F8800000F00F007047000F0021BB
S21400E2E00F2938B505460C4610D801F00BF8012862
S21400E2F00ED1084AD2F8803023F00F032343C2F829
S21400E3008030284613F0B2FF002038BD0120FCE71D
S21400E3100220FAE7000F0021014BD3F88400704773
S21400E320000F0021024B0020C3F88410704700BF86
S21400E330000F002103282DE9F7434ED8294B1F5C18
S21400E340294B1E5C294B13F800900FF0D2FF804635
S21400E350FEF7BCFF054640B10023CDE9003300229E
S21400E360002301200021FEF7FFFDFEF7B7FF48B1AE
S21400E3700023CDE900330022002300204FF40041A3
S21400E380FEF7F2FD66B31A4B5C6C04F00804194BFA
S21400E39031465C643846FFF77FF84A4631463846D1
S21400E3A0FFF7E8F8144B5C6465B1144B1868416BD2
S21400E3B0A030FEF7F7F912490868FFF7A5FE4FF000
S21400E3C0FF330B6040460FF098FF37B10D490868E1
S21400E3D0FFF79AFE4FF0FF330B6003B0BDE8F08303
S21400E3E03446D4E726BD020022BD02001EBD020050
S21400E3F0000008400000084400000846E8500020DE
S21400E40088110020841100200F4AD2F8883013F0BB
S21400E410A00F15D1D2F88C0010F0040012D10B4BCF
S21400E4201B6A23F07F4323F0FF035BB15368C3F3FB
S21400E4300362092A07D0B2F10C0018BF012070470A
S21400E44000207047012070470040084030500020F0
S21400E45070B50D46064620B9194B1B68A3B10320BC
S21400E46011E000F04FFF012828D1164B93F9004029
S21400E470C4F11C04641BC4F11C03002BB8BF5B4230
S21400E480232B0CDD012070BD81EAE173A3EBE17361
S21400E490DBB2232BF6D80B4B19700020F3E7B574CC
S21400E4A00FF027FF084A5369E40223F4FF2304F41D
S21400E4B0FF241C4354610FF020FFEEE70220E2E742
S21400E4C0E8500020CD6E00200070084018B9034BBD
S21400E4D093F90000704790F912007047CD6E002047
S21400E4E008B50FF006FF064A136823F020031360F2
S21400E4F00FF003FF034B02221A60002008BD00BF86
S21400E5003050002000400846064BDA69920206D4D6
S21400E5109B6C13F4706F14BF01200020704701201D
S21400E520704700BF00600840F8B5436B02EA01047C
S21400E53023EA0103234343632B4A01F00B030D46F2
S21400E54023EA0401516402F100722340690706467B
S21400E550536411D50121FFF7D7FF68B1FEF77EFFA0
S21400E56014F0040F14BF214A214A4FF40073D361FC
S21400E570204B0422C3F88820EA0606D514F0100FB4
S21400E5801D4B14BF00221B22DA642B0618D5270663
S21400E59011D5164B4FF400129A610FF0AAFE0E2109
S21400E5A007460320FEF712F8134B40F201225A6288
S21400E5B038460FF0A2FE214606F1A000FEF7F2F85C
S21400E5C0E80503D5E10509D5FDF7CAFFAA0503D579
S21400E5D0A30506D5FDF7D4FF0020F8BDFDF7B8FF6C
S21400E5E0F4E7FDF7C5FFF7E70000084400600846BB
S21400E5F0006008440040084400000840014B1868CA
S21400E600704700BFD450002037B5012300240022F5
S21400E610CDE90034002310461946FEF7A5FC02207B
S21400E620FDF7EEFA054D064B21461C6002206B688E
S21400E63098472B6803B0BDE83040184738110020D3
S21400E640DC5000202DE9FF41022903900C461546B8
S21400E650984605D1FFF7D8FF002004B0BDE8F0814A
S21400E660194E0FF046FE336807463BB1AB4205D065
S21400E6700FF043FE002333600120EEE7134B3560B6
S21400E680C3F8008001230022CDE9003300231046A2
S21400E6901946FEF769FC0E4B002502201D70FDF79B
S21400E6A0AFFA22462B4603A90220FDF7C7FA094B0C
S21400E6B0039A1A60084B1B680446984738460FF0C2
S21400E6C01CFE002CC8D1D5E7DC500020D850002016
S21400E6D0CF6E0020D450002038110020044BDB6D94
S21400E6E05B055ABF034B1878012000F00100704705
S21400E6F000500840CF6E0020014B986913F0CDBB48
S21400E70000600840014B986913F0DABB00600840CF
S21400E71070B50E460FF0EDFD054600F017FE0446F8
S21400E72020B128460FF0E9FD204670BDFEF796FEA4
S21400E730114932780B6A022A23F0F00317D0A2F1AF
S21400E740040CDCF1000242EB0C02520043EA021316
S21400E7507278022A0DD0101F42424241520043EA0C
S21400E76082130B62054B0422C3F88820D9E70122E6
S21400E770ECE70122F3E700BF3050002000400844D9
S21400E78070B50E460FF0B5FD054600F0F7FD0446E1
S21400E79020B128460FF0B1FD204670BDFEF75EFEA4
S21400E7A0104932780B6A022A23F00F0316D0A2F122
S21400E7B0040CDCF1000242EB0C02520013437278A8
S21400E7C0022A0DD0101F42424241520043EA820301
S21400E7D00B62054B0422C3F88820DAE70122EDE736
S21400E7E00122F3E73050002000400844F8B50E78C8
S21400E7F090F8CC70044630460D46FCF72BFE0028F9
S21400E80044D094F8CC30B34208D1AA88236C9A42FC
S21400E81004D16A88B4F8CE309A4235D084F8CC60F9
S21400E820AB88A4F8D0306B88A4F8CE30AB882364CD
S21400E830FF236375304613F0E0FA04F1CC0520752B
S21400E8402846FDF7BBF810BB2846FCF7F9FDF0B9E3
S21400E850D4F88C3053B194F8CC10B94206D0B3F942
S21400E86012202046F3F7EEFA84F8D5002046FCF78F
S21400E870B7FF0949A4F8D000084AD1F8F0100123E0
S21400E88004F1A00001F026FC0020F8BD01200E23B4
S21400E89084F8CC30F9E700BF000F0021900F00216C
S21400E8A070B5054690F8CC000E280C461DD0FF2902
S21400E8B01DD01AB10F4B4FF0FF321A6013F09DFABD
S21400E8C0064695F8CC00FCF765FE844228BF044651
S21400E8D0E4B2B44238BF3446E0B26875FCF7F6FEE0
S21400E8E0A0F1FF035842584170BD0220FCE701200A
S21400E8F0FAE700BF40110020C36B012B01D10020B6
S21400E900704770B5364BD0F88C60D3F8F030C0F84E
S21400E910903086B03146058B044613F0F6FAB3897C
S21400E9208DF80600D6E90121EB1A9BB201FB032203
S21400E93068460021ADF804300092FEF7ADF838B90D
S21400E940284B228BDA63FDF707F820B106B070BDBE
S21400E950022006B070BD227C60F34102227413F0E0
S21400E9609AFAD4F88C305969431EDBB209680291D2
S21400E970FD2B02460BD9CD1C09D91B4B01311B6858
S21400E9800CD0D81C07D802A92046029301E002A9A1
S21400E990204613F007FA002006B070BDD91C04D834
S21400E9A002A92046029313F0FDF9D4F8F4309B0533
S21400E9B004D4237C43F002032374ECE74FF4803145
S21400E9C0204613F090F9D4E93C2302400B4052EA6B
S21400E9D00301E0D00549204609688847DBE700BF09
S21400E9E0000F002100300840481100208C11002044
S21400E9F038B505460C4641B113F0F4FB28B14FF488
S21400EA0000312846FFF726FA04342046FDF766FA5A
S21400EA10024B40421861002038BD00BF3050002035
S21400EA2070B54830814214BF0C46002416460FF0DD
S21400EA3060FC0D494A684FF49C53C2F30362D3400E
S21400EA40DA07054603D5D1F888309B030AD420465A
S21400EA500122314601F048F8044628460FF04DFCE6
S21400EA60204670BD0324F8E7004008402DE9F8432F
S21400EA7006461546084611B90120BDE8F883002A67
S21400EA80FAD0032904D8002101F0A4F90028F3D015
S21400EA90B0F9001083780488002903F00702C0F25A
S21400EAA08880D01F41424141052A29738CBFC3F399
S21400EAB000110021C3F3801069739909287401F0CE
S21400EAC00201C3F3C000C3F34013AB7401433A4BD7
S21400EAD06974DB6BAB820023EB74736BD90654D47A
S21400EAE0063A012A51D8354BDB6C354B5F6B1B6BF6
S21400EAF003F0070306334FF0010808FA03F808F19D
S21400EB00FF38063C04EA080447F00057002017F8D0
S21400EB100490A860B9F1800F737C18BFA9F1320980
S21400EB2004F1010414BF4FFA89F96FF07F0904EA73
S21400EB30080413B9385D4000C0B2D6F898300BB15F
S21400EB4049469847631C03EA0803E87385F80E9065
S21400EB50F95C013303EA0803FA5C013303EA0803AD
S21400EB6041EA0221FA5C013303EA080341EA024162
S21400EB70F85C6A7C002341EA0061304601F068FBDD
S21400EB8004232860AB71002077E70023EB730D4B5E
S21400EB90DA68C2F30723120448BF63F0FF035AB2D1
S21400EBA012F1800F1CBF323B5AB20020AA730346F4
S21400EBB0E7E7022061E700BF003008400000084099
S21400EBC0001008400070084038B58D880C4613F0D9
S21400EBD010FAEB0080B1B3F5803F0DD8074A430921
S21400EBE002FB053322680009B3FBF0F31A4407233F
S21400EBF02260A371002038BD0220FCE720A1070098
S21400EC0070B50A4B0A4DD3F8EC604FF48064C5F833
S21400EC10EC400020FEF78AFC4FF400536B6573054A
S21400EC2044BF044BC3F8EC4070BD00BF0010084062
S21400EC30001008440010084611F5004F1FBF01F3EE
S21400EC400E01044BC1F30E01002014BF196401200D
S21400EC50704700BF00300840F8B504460E4611B9AC
S21400EC60037C5A063FD4A18BD4F890704FF6FF73FE
S21400EC70994204D0304B1B680BB1204698472F4D65
S21400EC802B68BB424CD02E4B1B683BB11FB13A6879
S21400EC90002A47D0BF6839462046984707272046AF
S21400ECA0FCF79EFD002E31D0264B94F9122093F9E6
S21400ECB000302549D4F89000C3F11C039B1A4A691A
S21400ECC0DB0222F4FF2203F4FF2313431F4A4B61A7
S21400ECD01F4B286006211167204601221A7013F088
S21400ECE0C5FA0020F8BD154DD0F8907061F3861374
S21400ECF003742B684FF6FF729F42828317D0104B27
S21400ED001B68002BC2D1FCF76BFD0727114B124A7C
S21400ED10D3F8F01004F1A0003B4601F0DBF9C3E79E
S21400ED200127BCE71746394620469847B6E7FCF762
S21400ED3057FD0127EAE700BFCC500020C050002056
S21400ED40C8500020CD6E0020007008400000084427
S21400ED50CE6E0020000F0021900F002102484822AE
S21400ED60002112F0A6BA00BF54500020002373B54D
S21400ED7083746423C0E92B33C0E92D334FF0FF358D
S21400ED80C0F8A830A0F8BC300E264FF6FF73C0E9D6
S21400ED90075580F8CC60056485828375044611208B
S21400EDA0F1F702FF04282FD12046FEF79FFA2046EF
S21400EDB0FFF7D4FF94F912102046FFF749FB144AD8
S21400EDC06023536402F5805240F6FF71516251652C
S21400EDD0104A5364104B4022C3F88820626B2946C1
S21400EDE02046FFF7A1FB002240F2032310461946F7
S21400EDF0CDE90066FEF7B8F8FCF7B6FB204602B091
S21400EE00BDE8704000F0A0BD022002B070BD00BF9B
S21400EE1000000840000008460040084410B50C46B4
S21400EE20FFF79CFFB4B1A378082B15D8E278082A20
S21400EE3012D843EA021313F0FF03084A14BF6168AE
S21400EE4019465162217882F86810617882F8691054
S21400EE5082F86B30002010BD0120FCE73050002007
S21400EE60012A10B512D8032B10D803EB8202084CE7
S21400EE700123934094F86A00DBB221B1034384F87F
S21400EE806A30002010BD20EA0303F8E70120F9E706
S21400EE903050002070B50C68B0F8D0208D6803465E
S21400EEA0013404BFD3F8A8400C604C68013404BF9A
S21400EEB0D3F8B4404C606E1C00F1A00038D1D3F8F3
S21400EEC0B040CE688C60751C38D1D3F8AC500E6953
S21400EED0CD60013604BFD3F8A0600E614E690136DE
S21400EEE004BFD3F8A4604E618E69013604BFD3F820
S21400EEF0B8608E618E693EB34132B24238BF324648
S21400EF000E688A61C3F8B0404C68C3E92D420A69AE
S21400EF10C3F8A0204A690D49C3F8A420C3E92A65AE
S21400EF200B4AD1F8F010072301F0D4F8002070BD8A
S21400EF3002F14104AC4238BF2C46C2E702F1640538
S21400EF40B54238BF3546C2E76422D9E7000F002134
S21400EF50900F002170B50FF0CCF90C4E054600F06E
S21400EF60D1F9012804D028460FF0C7F9022070BD59
S21400EF70736813F0706FC3F30364F0D1F36BDB06B2
S21400EF80EDD528460FF0B9F92046F0E700400840D6
S21400EF9038B50FF0AEF90B4A13884FF6FF718B4267
S21400EFA003D10FF0AAF9032038BD074C074DE563DF
S21400EFB004F100741B04E36311800FF09EF9002037
S21400EFC0F2E700BFE6130020006008440000FFFFE1
S21400EFD02DE9F34104460F461546FFF715FA80B1B2
S21400EFE0DFF88081D8F80C30DE0740F1A6800FF0FD
S21400EFF080F906460320FCF7E9FE38B130460FF0EC
S21400F0007CF90226304602B0BDE8F081D8F80C3014
S21400F01013F0060FF2D130460FF06FF94FF400618F
S21400F0202046FEF717FF40B1454B4FF40072012112
S21400F030C3F88820084600F045FB3946204600F015
S21400F04065FC06460028DDD1237CD80601D4002DB9
S21400F05045D0C5F34000FEF7A3F9E90504D5394BC2
S21400F0600022DA6002229A62FEF7F8F915F0040F21
S21400F07014BF354A354A324F4FF48063D3610423B8
S21400F080C7F88830204613F02CF850B115F0010F61
S21400F09018BF2F4A4FF4807314BFC2F88830C7F8E1
S21400F0A08830AA0643D5638C4FF6FF7293420FD082
S21400F0B0284A2949D26B100CC2F30112088001328B
S21400F0C02249B3FBF2F3204A2448C8631B04D363E7
S21400F0D0237C003D18BF012565F3041323742046E6
S21400F0E013F080F8F8B1204612F0FBFFD8B14FF4C9
S21400F0F000312046FEF7AEFE431C9BB203221148A9
S21400F10001A913F094FA9DF8053003F03002202A86
S21400F11010D1DB0756BF9DF806304FF4807343F4DA
S21400F12080730F4A9360002012F053FE6AE7FFF7E1
S21400F1302FFFCDE79DF80630F3E7032662E700BF12
S21400F140004008440010084000600846006008447C
S21400F1500040084600600840E61300200000FFFF5D
S21400F16030500020005008402DE9F34106468846FE
S21400F17015461F460FF0BDF804460320FCF726FE92
S21400F18038B120460FF0B9F80324204602B0BDE897
S21400F190F0810420FCF71AFE0028F2D120460FF07A
S21400F1A0ACF82A4641463046FFF712FF04460028D0
S21400F1B0EBD1284BDFF8B4809A69274B1A6077B1F9
S21400F1C088F8000039463046FEF79EFE00283DD1FE
S21400F1D098F80030012B0BD1FEF7D4F8D5E798F855
S21400F1E00030012BF8D09BB31C4B1868FEF78CFF41
S21400F1F01B4B2022C3F88820012012F041FE0FF09E
S21400F20078F8184B1B68019306464BB10420FCF7B0
S21400F210F7FC0023012201A90420FCF70FFD88B1AA
S21400F220FCF7ECFD2B0608D50F4B00221A67FCF7FF
S21400F23025FE30460FF061F8A7E7FCF71FFEFEF745
S21400F2408DF8F6E7FEF7E6F80124F2E704469CE7B9
S21400F25001249AE70070084084110020D050002056
S21400F26000400846C450002000500840CC6E0020E5
S21400F27008B5094BD3F8B4305A1C0BD05B0009D440
S21400F2800320FFF757F8054B4FF08062C3F8942031
S21400F2900122DA6008BD00BF0081E00F004008468A
S21400F2A0054BD3F8880003F180634FF40022C3F8BF
S21400F2B08820C0F3C040704700400840014B024A17
S21400F2C01A607047C850002075E00000024BD868EE
S21400F2D000F00100704700BF00500840084BDA6895
S21400F2E0D10707D508B9FCF769BCDB68DA0706D48E
S21400F2F0FCF756BCDB68DB0701D40028F8D1704762
S21400F300005008400F4B5B68C3F30363013B0B2BB5
S21400F3100FD8DFE803F006060C06060606080A08FD
S21400F3200808022070470420704705207047032015
S21400F3307047054BDB6813F0060F0CBF0120042056
S21400F340704700BF00400840005008400A4A536813
S21400F350C3F303630B2B08D06FF49050184100F0F2
S21400F360010080F0010040007047D2F8880010F4D9
S21400F3708030ECD1704700BF004008400C4A53680C
S21400F380C3F30363062B07D8042BD8B20CD8C31ECE
S21400F3905842584140007047072B07D1D2F8440125
S21400F3A010F00050EBD170470220704700207047E5
S21400F3B0004008400A4A5368C3F30363032B01D096
S21400F3C0072B0AD1D2F88C30DB0606D4D2F8900090
S21400F3D080F00800C0F3C00070470020704700BFF0
S21400F3E00040084038B50B4B1D68044612F0F4FC8C
S21400F3F02946204613F002F812F0EEFC00212046C3
S21400F400FEF790FF00224FF400312046FEF710FD75
S21400F410002038BD08CD020010B5FF224FF6FF7160
S21400F420044612F0E2FE68B9FF224FF6FF7120464E
S21400F43012F0ECFE30B920460349BDE81040FF222A
S21400F44012F0F6BE10BD00BF2ABD020010B55B0765
S21400F45043EA02439DF80820520543EAC16302F0DE
S21400F460F0721A43064942F4C8720446FEF7E0FCFE
S21400F470002211462046FFF7D3FA002010BD00BF39
S21400F4809007E12908B5FFF795FFA8B10B4B5A691D
S21400F490110311D5D3F8882092030DD4D3F89030F9
S21400F4A013F0100F4FF0100304D1054AC2F8903045
S21400F4B0002008BD034AF9E70220FAE700400840AA
S21400F4C0004008460040084438B5044600B3124AD7
S21400F4D053691B031ED5D2F88C50104BC5F381150B
S21400F4E0032D9B880ED1083B9BB208220C48214670
S21400F4F013F09DF8084B2572D3F890301B0A637200
S21400F500002038BD022D05D1023B9BB22A46EDE70E
S21400F5100120F6E70220F4E70040084030500020C3
S21400F52030100840034B1868034B002808BF1846E5
S21400F530704700BFE4500020B4CC0200F8B50D467A
S21400F54010B900242046F8BD0E4F3E68002EF8D1B4
S21400F55000F054F804460028F3D0386000F09AF81B
S21400F560204612F0F3FE38B130463E6000F092F8C6
S21400F570204612F0E6FEE4E7002DE3D02046A8473A
S21400F580E0E700BFE8500020024B1868003818BFBC
S21400F59001207047E8500020024B00215B680846B7
S21400F5A0184700BF3811002010B512F011FE0446AF
S21400F5B018B9034B01215B689847204610BD00BF71
S21400F5C03811002010B5FFF7CFFD044618B9034BDD
S21400F5D001215B689847204610BD00BF3811002007
S21400F5E010B512F027FB044620B9034B01215B68D7
S21400F5F008469847204610BD38110020F8B5054645
S21400F6000EF077FE0F4B1E68074626B938460EF0FA
S21400F61074FE344611E0B4688CB194F810C01CF047
S21400F620010F0CD195E80F004CF0010C84E80F0098
S21400F63084F810C038460EF060FE2046F8BD3668E6
S21400F640E3E700BF9411002038B505460C4641B1EB
S21400F6500B6833B11B68013303D0CB680BB18B68E2
S21400F6604BB912F0B3FBBDE838404FF4927241211B
S21400F670002000F083B90846FBF7D4FE0023044AB6
S21400F68085F8D830C5E92243C2E9003338BD00BF4B
S21400F690F826002010B5044618B9054B054A136035
S21400F6A010BDFEF705FED4F89430002BF6D1F4E733
S21400F6B01323020090110020014B1868704700BF0A
S21400F6C0F826002010B50C46FEF734FE054B002148
S21400F6D05B68032098471CB1FFF714FE0128FBD196
S21400F6E010BD00BF381100202DE9F84FD0F88C303F
S21400F6F006460F4613B1038B8B4244D0D6F888B02B
S21400F700BBF1000F42D0DBF80830002B3ED0DBF810
S21400F7100C1000293AD0D6F89CA0BAF1000F38D0C9
S21400F7204FF000094D46C84601E0DBF8083005EB0F
S21400F730C50203EB82040135E389BB4214D8238A51
S21400F740BB42304610D3B4F91220B6F924309342A7
S21400F750A04653DD96F8CC10F2F774FB337D834257
S21400F76081464BD9DBF80C108D42DED3B8F1000F82
S21400F7703ED00023424619463046D0473783C6F867
S21400F7808C8086F8D5900020BDE8F88F0320BDE871
S21400F790F88FD1465446524647F6FF7504EBC40828
S21400F7A003EB8808B8F80E30BB421BD8B8F8103008
S21400F7B0BB4217D3B8F91220AA4207D14FF0FF096F
S21400F7C03783C6F88C8086F8D590DCE796F8CC10A0
S21400F7D03046F2F737FB337D834281464246EFD907
S21400F7E0DBF80C100134A14204D9DBF80830D5E769
S21400F7F00120C9E7002AFBD09046E1E7A046B8E71B
S21400F8002DE9F04782B0044689461646FFF748FDC4
S21400F8103B4D08B100236B602B68D4F888A0D4F861
S21400F8208C700BB153454BD04FF00008C5F80890CC
S21400F830FFF768FD012836D12B68DAF800103A6821
S21400F84013B11868884246D0204612F09DFCC5E9E0
S21400F85000A7D4F89C508DF80760002D42D00022F7
S21400F8600DF1070311462046A8472046FFF744F847
S21400F8700546B8F1000F00D08EB1B5FA85F040F21B
S21400F880DE324009332100F079F831462046FFF792
S21400F890E3F91C4B05461B68394620469847284620
S21400F8A002B0BDE8F0870120FEF744FD164B0021AC
S21400F8B05B6803209847FFF725FD0128FBD1BBE7CF
S21400F8C06B68002BB0D0BB42AED1AB68994514D064
S21400F8D04FF00108AAE7696811B109689142B6D0ED
S21400F8E05968B1E7217D94F8D530994228BF19466A
S21400F8F032462046FEF7D4FFB7E70025CFE700BF25
S21400F900F82600209011002038110020F8B5054692
S21400F9100E460EF0EEFC314607462846FFF7E4FE9C
S21400F920044620B138460EF0E8FC2046F8BDFFF746
S21400F9309FFC224631462846FFF762FF04463846BB
S21400F9400EF0DBFC2046F8BD07B54FF400730A49FD
S21400F950ADF806300DF1060212F0FEFDBDF80630D9
S21400F960B3F5007F05D1022808BF002003B05DF87C
S21400F97004FB0120FAE700BFEC50002008B550B9A0
S21400F9800548064B01601A60054B1A68054B1A605D
S21400F990186801F0ADFD08BD98110020F052002057
S21400F9A0E8500020EC5200200B4BD3F8E020D203A6
S21400F9B010D50A494FF48032C3F8E820C1F8EC208D
S21400F9C09A6BD1B2C2F3072299679A6704229A67A4
S21400F9D000229A67704700BF0010084000100846D3
S21400F9E0F8B50C4C0D46174606460EF082FC012371
S21400F9F0A362042327606660A560C4F8E830064B5F
S21400FA008022C3F880210EF078FC0DB10223A36299
S21400FA10F8BD00BF0010084000E100E0054B18608C
S21400FA20054B01229A6540F6FF72196358635A65C2
S21400FA30704700BFF8520020001008402DE9F04F34
S21400FA40042A83B0054639D90B7883614B788361E5
S21400FA508B788361CB7883610068D5F808B06E68D0
S21400FA6000F007000123063003FA00F808F1FF391A
S21400FA7009EA0B07A2F1040AA8EB0702924501F176
S21400FA80040446F000560DD8F0192146524611F0EF
S21400FA90D8FB0AEB0B0248EA09031A40AA6003B037
S21400FAA0BDE8F08F2146F019019211F0CAFB019AC9
S21400FAB0A118AAEB080230463A44E8E7013A032ABE
S21400FAC0EDD8DFE802F00B08050211F8013B836170
S21400FAD011F8013BAB6111F8013BAB610B78AB61F0
S21400FAE003B0BDE8F08F00BF38B50C46104B154686
S21400FAF0014668B10122C3F8B8200E482246FFF737
S21400FB009DFF1DB10A4B0422C3F8B820002038BD63
S21400FB1064B1D3F89C20A24284BF0122C3F8B82067
S21400FB20C3F898400222C3F8B820EAE70122FAE7B1
S21400FB30001008409010084010B50EF0DAFB184B85
S21400FB40184901229A650446C3F888201648002200
S21400FB501A6659660321C3F88410018013490A8087
S21400FB604FF4A021C3F8E81003F1C063C3F8EC100B
S21400FB700F4B1A600F4BD3F888305B020AD50E4B3A
S21400FB8018680E4B4FF48002C3F88820416BA030F3
S21400FB90FCF708FE2046BDE810400EF0AEBB00BFE6
S21400FBA0001008404828002036580020345800200E
S21400FBB0F452002000400840E8500020004008446E
S21400FBC00D4B03221A800D4B00221A800C4B01218C
S21400FBD0C3F8B810C3F890204FF40052C3F894004E
S21400FBE0C3F8B420074BF0221A6403F10073A02276
S21400FBF01A64FFF7A1BF00BF365800203458002013
S21400FC0000100840000008442DE9F041044688B181
S21400FC10394E3A4F0EF06DFB3388394A03F03C01FB
S21400FC20032C054603F03F0C114453D13C6824B91D
S21400FC300EF063FB0320BDE8F08124F00104386871
S21400FC4020F00100A0424AD100223A6022886FEAE2
S21400FC5042426FEA52428C42228036D1294CDFF86B
S21400FC60B8C02788ACF140083A46043A92B2081D5C
S21400FC70604528BF4046042A04D9B0F900E0BEF12A
S21400FC80000F37DB22803B440C8888781E499B1A7D
S21400FC9003F07F03C4F30C04CC6300F0070033804A
S21400FCA0CB66C1F88420FFF77FFE04280DD1174BE2
S21400FCB0D3F88830164B1868164B4FF48002C3F8FA
S21400FCC08820416BA030FCF76DFD28460EF015FB32
S21400FCD00020B0E7601E012898BF0C46AFE7094831
S21400FCE062440088A21A48BF403204389042ADDC15
S21400FCF028469DE70146B8E734580020F452002015
S21400FD0048280020365800200010084000400840D0
S21400FD10E850002000400844882800201549164B6B
S21400FD200A881B8815481344033B043292B203F03A
S21400FD303C0303440A801249C1F884209A7812F0E2
S21400FD40070011D1D97811F0810F08D042F00402D3
S21400FD509A700C494A681203FCD4042006E00A484C
S21400FD608908405C02439A700428F2D0074A136060
S21400FD70704700BF3658002034580020482800201E
S21400FD800010084000400840E8CC0200F452002072
S21400FD9010B5054C206828B1C30701D4FFF734FF1F
S21400FDA00023236010BD00BFF4520020084B4FF420
S21400FDB08032C3F8EC2003F17C43C3F8E420D3F888
S21400FDC08030C3F30C033C2B01D8FFF7EDBD704722
S21400FDD0001008442DE9F84304460E460EF089FA52
S21400FDE04F4B504D1A882D8881464F4802F03C01F3
S21400FDF0032C02F03F03014417D14C4C24688CB905
S21400FE002A44033A02F03C0284180344E31A48BF2B
S21400FE104033AB4210DB48460EF06FFA0024204613
S21400FE20BDE8F88324F00104EFE7012C02D0022C91
S21400FE30EBD1043D0C46E8E7002E41D08C423C490D
S21400FE4042D1D1F83C800A6B02F007020632012745
S21400FE509740D1F88020C2F30C029A4246DDB4F9EE
S21400FE6000302588002BD6DBA378C5F30C0503F0FD
S21400FE7007037A1EA5EB08053A43052B337005EAFF
S21400FE8002052BD82DB2E84340F236420421C00FBB
S21400FE90FFF774FD75800023264A337412687B1EB4
S21400FEA003EA0803D118B160A9B213FA85F5BD427A
S21400FEB089BFFF1A0023B780F2609CBFB180F36051
S21400FEC048460EF01AFAAAE7221F824238BF04F10B
S21400FED03C02B2F80080C8F30C08B4E7164BDB6CA3
S21400FEE0002B14BF06230023ED1ACBE78B6B7A1E7C
S21400FEF0A3EB08033A431A40104B15B25B686AB985
S21400FF00C3F30363D91E4B424B41DB0033700B4BEC
S21400FF107280D3F89030C3F30723BDE70823F5E7D4
S21400FF20345800203658002048280020F45200207C
S21400FF3000100840F852002000000840004008402A
S21400FF4010B50EF0D6F9084B1B6804463BB198472F
S21400FF5028B1002200204FF48061FCF7EDFF204618
S21400FF60BDE810400EF0C9B9FC5200202DE9F84F4C
S21400FF70DFF8C8B00446DBF800808946FBF738FF98
S21400FF80824600204FF0FF350646F31D0BEB0313A9
S21400FF905F6807F00307012F14D1304611F066FFA3
S21400FFA001465046FBF71EFEDBF85C3006F1080201
S21400FFB0D340DB072ED5B9F1000F01D0C9F8006099
S21400FFC0002538460136052EDFD108B308F4403345
S21400FFD0B3F5003F19494FF0000229D1CB6A08F467
S21400FFE04058013342F10006B8F5805F1BD1896A9C
S21400FFF011F5807142F100024E4303FB0266A1FB3D
S21401000003323244A3FB053105FB0212C4E9003278
S214010010BDE8F88FA842D4D2B9F1000F01D0C9F8D3
S21401002000600546CDE7320242EA13621B02E9E7A9
S2140100308B6A13F5807342F10002E3E70050084033
S21401004040B10368012B05D90069034B002808BF9E
S21401005018467047004870470CCD0200084B1A68D6
S214010060C117A2FB000310F1807002FB013343F1BC
S2140100700003400E40EAC310803820EAE070704763
S2140100800453002008B50E4B0722C3F88420FCF762
S214010090FBF9C308010B0B480B4ADB05181841F1A5
S2140100A000010023F9F738F8084B18604EF6602077
S2140100B0FFF7D4FF064B4042C3F8B40008BD00BFAB
S2140100C000400840B2E60E0065CD1D000453002036
S2140100D0000F00212DE9F843064608469846FFF72B
S2140100E0AFFF15460746002E00F0988018F0050F62
S2140100F05CD03469002C00F09380FBF76BFB4FF467
S2140101007A735C43201ABB68A0F6AC50C01AFFF79E
S214010110A5FFB48B6861002C00F08580FBF75AFBC5
S2140101204FF47A735C43201ABB68A0F6AC50C01A31
S214010130FFF794FFA860424BF468D3F80090002CB8
S21401014074D0FBF747FB4FF47A735C43241ABB6801
S214010150A4F6AC54E41A7B68E41A3A4B1A68E11721
S214010160A2FB044314F1807402FB013343F1000344
S214010170640E44EAC314803C334BEC60334CD3F832
S2140101809C302B6123684BB1484612F02BF828B1FE
S2140101902368D9F844002A4639469847B469FBF7DC
S2140101A019FB0146204612F06BFA286218F0020F7E
S2140101B019D073684FF47A70584323B13B6803F53E
S2140101C01C5310331844FFF749FFE861736983B382
S2140101D0B8684FF47A7202FB0300A0F5035010389A
S2140101E0FFF73CFFA86118F0040F17D0B06818B3EA
S2140101F04FF47A735843A0F503501038FFF72EFFDB
S214010200286033684FF47A70584323B13B6803F58E
S2140102101C5310331844FFF721FF6860BDE8F883CC
S2140102204CF2503073E74CF2503081E74CF25034C8
S21401023093E747F23050D3E747F23050DEE700BF8E
S214010240E850002004530020000F00210053002036
S21401025010B508461C4611F011FE094B0246D3F8AC
S214010260F000FFF7EDFE0368A018002B054AA8BFB3
S2140102704FF4FA721A44044B92FBF3F2104410BD89
S214010280000F00210CFEFFFF18FCFFFF38B50446E7
S2140102900D460EF039F8064A13889BB22DB123435A
S2140102A01380BDE838400EF035B823EA0403F7E7BB
S2140102B03A580020034B002201214FF480701A7037
S2140102C0FFF7E4BFD66E002008B5054B186812F09C
S2140102D000F800F00300C31E5842584108BD00BF95
S2140102E020530020F0B585B00023CDE901330393F8
S2140102F0124B134D134E1B788DF804300EF004F894
S2140103002A783378104F9A4204460CD031783868F0
S214010310297001AAFFF764F950B10C484FF41E6129
S2140103200EF074FB04E0386811F0D3FF0128EDD01D
S21401033020460DF0EFFF05B0F0BD00BF32140020DF
S2140103402F14002030140020205300205AD0020021
S21401035038B5044610F0DEFE0C4B05461978987841
S21401036081420FD0631E082B0CD8DFE803F0050D81
S2140103700B0D0B0D0D0D0D0000220146044B1868E8
S21401038011F0A5FF284638BD0022F7E732140020F9
S21401039020530020F8B52B4B1B7823B12A4840F692
S2140103A0F6310EF033FB0DF0AFFF284B1C8814F02E
S2140103B00604064609D001214FF48070FFF766FF58
S2140103C03046BDE8F8400DF0A5BF21464FF48070D9
S2140103D0FFF75CFF204602F013F802280AD18022BC
S2140103E01B4B8021186811F023FC0EF005FBFFF76C
S2140103F079FFE5E7204602F003F8054638B1012803
S21401040007D0114840F638410EF000FBD8E7024607
S214010410E6E70F4F3868FFF7BFF8386811F059FF65
S21401042001280CD038682A46294611F054FF214687
S2140104302C20FFF78DFF21460A20FFF789FF0EF0DB
S214010440DCFABDE7D66E00205AD002003A580020EA
S2140104502053002038B54FF0FF300C4614F0A2FBB5
S2140104600A4B0546186814F09DFB641B241A20B23B
S21401047010F1630F06DB10F1240F05DA64308000FB
S214010480C0B238BD0020FCE7FF20FAE72053002069
S21401049010B50E4C236823B90D4840F6A7410EF05F
S2140104A0B5FA2068013012F07DF900F00700032844
S2140104B00AD1246809220121204601F0B5F8205C02
S2140104C0031F5842584110BD0020FCE7105300207E
S2140104D05AD0020008B5134B1B78062B04D01248DD
S2140104E040F614010EF092FA104B1B881B0704D439
S2140104F00D4840F615010EF089FA0D4B2A201978A1
S214010500FFF726FF00210820FFF7C0FE094B022255
S2140105101A70094B1868FFF73FF8BDE808400EF05F
S21401052003BE00BFD66E00205AD002003A58002003
S214010530D36E00202D1400202053002001480021F6
S21401054002F0F0BDE01100207F2837B5044612D135
S21401055019494FF6FF730246ADF8063009880223A3
S2140105600DF106000EF06EFABDF80640E20554BF26
S21401057064B26FF04A040DF0C7FE104B1C70104BAE
S2140105801B88DB07054610D50E4B1B78002B0E4B40
S2140105900CBF21466FF07F01186811F06AFB20B18D
S2140105A00A484FF469610EF031FA284603B0BDE8F7
S2140105B030400DF0AFBE00BF4652020027140020A7
S2140105C03A580020D76E0020205300205AD002004F
S2140105D008B50A4B1B88DB0604D4094840F63701E8
S2140105E00EF014FA00211020FFF750FE002001F053
S2140105F069FEBDE808400EF097BD00BF3A580020DE
S2140106005AD00200F7B5124CD4E9006586EA020C0E
S21401061085EA03070CEA000C0F405CEA070E15D0CA
S21401062086EA0C067D40C4E90065CDE900230B4649
S21401063008490246086811F042FF38B1064840F200
S214010640FB1103B0BDE8F0400EF0E0B903B0F0BD19
S21401065088280020205300205AD0020010B50DF043
S214010660D7FF60B10DF0D6FF0B4A80B141F20D0302
S214010670BDE81040084841F20D01FFF7C3BF074B24
S2140106801A789B789A4204D100220023F0E70D23C2
S214010690EEE7034AF9E700BF400D030032140020DD
S2140106A0488D010038B5294B1B889B07044647D562
S2140106B0274B00221868012111F071FF012C254BF0
S2140106C02DD1197859B30139C9B2197011B9202041
S2140106D0FFF7DCFD00210220FFF7D8FD1E4B1F4867
S2140106E0042200211A7002F01DFD1D4C2068013005
S2140106F012F058F800F44060B0F5006F23D124687A
S21401070001210422204600F08FFF204412F04AF80F
S2140107100146BDE83840002220200FF0B8BF114D39
S214010720002102201970FFF7B1FD2B78FF2B04D0B2
S2140107300D4840F285610EF069F92C700EF0F4FC5C
S214010740012CD2D038BD4FF6FF71E2E73A580020AF
S21401075020530020D56E0020D66E0020C011002048
S214010760105300202E1400205AD0020038B5124C27
S21401077023880546580709D5FFF7A6FD0146072039
S214010780FFF7E6FD00210420FFF780FD2388990787
S2140107900AD50A4B19788A1F514251412846FFF75C
S2140107A0D7FD0120FFF77EFF23881B0703D5BDE891
S2140107B03840FFF78FBE38BD3A580020D66E00206D
S2140107C02DE9F04F570691B0804614461D4605D5D3
S2140107D0FFF77AFD01460120FFF7BAFDEE0403D5C7
S2140107E000212D20FFF7B4FDA00223D5404611F0CD
S2140107F0AFFE0146F0B94020FFF748FD0AA9404682
S21401080011F0C7FAB0B99DF83030022B65D1BDF8AA
S214010810280013F0A1FEFF2808D1404611F0B7FAD0
S21401082040B901214020FFF731FD03E013F09AFEA5
S2140108300028F2D1A10305D5FFF746FD01460320A6
S214010840FFF786FDE20104F080734CD5A44B1B88AC
S2140108509F072FD5A34E306811F041FA50BBA24B2B
S214010860A24F18703B78FF2B04D0A14840F22A61B2
S2140108700EF0CCF8002102204FF00009FFF706FD2C
S21401088087F800909B4F3B78062B07D10121082063
S214010890FFF7FCFC49462820FFF75AFD3B78052B5D
S2140108A006D100212B20FFF753FD3068FEF774FEBA
S2140108B00EF03AFC260740F1B0808A4F05AA386848
S2140108C0032111F04BFE0646002849D1FFF7FCFC38
S2140108D001460420FFF73CFD9FE0032BAAD10AA89E
S2140108E013F029FEA4E705F0020213430BD0814B57
S2140108F019788E1F714271412620FFF729FD0120CC
S214010900FFF7D0FED6E704F080531A4309D0794B9F
S2140109101978881F414241412620FFF719FD022020
S214010920EEE704F088410B4306D0724B19788A1F14
S214010930514251412720F0E705F008030B4302D04E
S2140109402320FFF705FD6B0703D500212420FFF7C1
S214010950FFFCEF07AED500212520FFF7F9FCA9E73C
S2140109609DF81430072BB1D101460AAA386811F058
S214010970FDFD0028AAD1BDF81610386802310AAA72
S21401098089B211F0F5FD824600289FD100903868A3
S214010990042304AA314611F00FFE042896D1DFF88D
S2140109A0609199F80030002B40F0AC800DF11100F9
S2140109B011F0F8FE00F00700022840F0A380FFF7D0
S2140109C083FC01460920FFF7C3FC4A4B1B78062B24
S2140109D023D1494B9DF813201B789A421DD19DF8CF
S2140109E0353023B9424840F2E7610EF00FF80DF1B9
S2140109F0110011F0D7FEC0F3001631462920FFF78B
S214010A00A7FC00210820FFF741FC3C4B1E70FFF7B6
S214010A103FFD10B93868FEF7BFFDE20505D5FFF7C3
S214010A2053FC01460420FFF793FC14F4863F05D0DF
S214010A30FFF74AFC01460220FFF78AFCA30111D505
S214010A40FFF742FC01460820FFF782FC0021042044
S214010A50FFF71CFC274B1B78012B03D1214B186891
S214010A60FEF79AFD14F0084F09D0FFF72DFC01465A
S214010A700720FFF76DFC00210420FFF707FCA70005
S214010A8009D5FFF721FC01460620FFF761FC00218E
S214010A900420FFF7FBFBA60705D5114B1B881C0797
S214010AA001D5FFF717FD680603D500210A20FFF7D9
S214010AB04FFC290602D5012011F00DFEEA0540F192
S214010AC0C180404611F001FC052800F2B1800138D2
S214010AD0042800F2B780DFE800F0B2C2B2B2B2007A
S214010AE03A58002020530020D56E00202E140020F6
S214010AF05AD00200D66E0020D16E00202D140020A0
S214010B00D96E0020BDF816000830012180B202F02F
S214010B109DF9029000283FF4D9AE02F0D1F807996A
S214010B20BDF81820064610F08CFB089941B1BDF8B7
S214010B301800BDF81620121A92B2304410F081FB4C
S214010B4099F80030039303BB06F1010B584611F0E8
S214010B5029FE80065BD5386811F0FAFC0746FFF7D8
S214010B60B3FB05370146F8B2FFF7F2FB584611F022
S214010B7019FE00F0070003283E4F2ED00121042065
S214010B80FFF784FB11F0ECF838603B4ABDF81630ED
S214010B901278F254F7189DF83630BB709DF837304E
S214010BA0FB700A9BFB711A0E3A711A0C7A711A0ABB
S214010BB099F80030BA7133B97378BAF1000F34D0AE
S214010BC043F020037370002001F0AAFD78700298AC
S214010BD002F098F90EF0A8FA1FE701210922304623
S214010BE000F022FD305C04284FF00101C7D1FFF769
S214010BF04DFB11F0B5F8214B38601B885906C4D55A
S214010C0003994020FFF742FB4FF0010ABDE7FFF7CB
S214010C105BFB01460920FFF79BFB194B1B78012B59
S214010C20B3D13868FEF7B8FCAFE723F02003C9E775
S214010C30342804D00FD8142801D0242811D1262016
S214010C40FFF794FDAB0512D50121802011B0BDE858
S214010C50F04FFFF71BBB00F0EF004428EEE727201C
S214010C60EEE7084840F6D3010DF0D0FEEAE711B0F2
S214010C70BDE8F08F0C5300202F1400203A580020B6
S214010C80D66E00205AD00200F8B5164E33780D46BF
S214010C9002F0010423B1144840F2A2310DF0B6FE71
S214010CA0124B134F1D60134DA4B1134B997801B12C
S214010CB001212020FFF7EAFA2B783B700F4B1C78B6
S214010CC00F4B10481C7004233370BDE8F840002118
S214010CD002F028BA21462020FFF7D8FA2B783B707D
S214010CE0EEE700BFD66E00205AD002001053002057
S214010CF0D36E00203114002014530020D46E00203F
S214010D00D56E0020E01100202DE9F843DFF8A4811C
S214010D10634C0DF0F9FAB8F8003013F4807F0546FD
S214010D2003D0237873BBFFF735FB00210846FFF796
S214010D300FFB5C4B1A78FF2A13D01A7802F0FF06D5
S214010D4032BBFF221A702378052B0AD100232846CE
S214010D5023700DF0DFFA304611F0B0FC0DF0D4FA36
S214010D6005462378504E062B09D13378FF2B06D043
S214010D703378022B15D14D48002102F0D3F9FF2319
S214010D8033702BE000214FF48070FFF77FFACCE739
S214010D901A78012A4FF0FF021A7014BF33264C2628
S214010DA0D4E7337813B13378012B22D1FFF770FBE8
S214010DB096F8009007463D4802F050FAFF235FFA86
S214010DC089F9337077B1B9F1010F44D1374884F806
S214010DD00090642102F0A6F9FFF784FA28460DF088
S214010DE099FA06E0284627700DF094FA384611F075
S214010DF065FCB8F800301B0605D500218020FFF7FA
S214010E0045FA0EF097F902F08FF8294E308000B3BC
S214010E102778012F42D101F053FF054610B3013068
S214010E2011F0C0FC00F44060B0F5006F1AD1042246
S214010E303946284600F0F8FB284411F0B3FC4FF67B
S214010E40FF7398420ED13188002001F08DF90023FE
S214010E503380BDE8F8830023284623700DF05AFA44
S214010E603F20C4E7114802F0F9F900210846217035
S214010E7001F02CF9012523780BB9FFF78BFA31889D
S214010E80002001F071F900233380002DE1D0207895
S214010E900028DED1BDE8F84311F0D2BD0025EAE70F
S214010EA0D66E00202E1400202D140020E011002004
S214010EB0385800203A58002008B513460A46194605
S214010EC0064B186810F057FF30B1BDE808400448DB
S214010ED040F2CC410DF09ABD08BD00BF2053002062
S214010EE05AD0020008B513460A461946064B18683A
S214010EF010F03BFF30B1BDE80840044840F2D34152
S214010F000DF084BD08BD00BF205300205AD002005A
S214010F10024B1878B0FA80F040097047D66E002070
S214010F20024B1878431E584258417047D66E00202F
S214010F3008B5064B1B7823B1054840F2FC410DF07D
S214010F4065FDFFF727FA002008BD00BFD66E00201A
S214010F505AD0020008B5064B01EB8101186849001A
S214010F6010F09EFE002814BF2120002008BD00BFFF
S214010F702053002008B5044B1868FAF70DF80A2329
S214010F8090FBF3F040B208BD20530020014B1878C7
S214010F90704700BF3014002008B5044B186811F0E4
S214010FA016FAB0FA80F0400908BD00BF20530020B1
S214010FB038B5124D2B78012B0C4604D9104840F257
S214010FC01D510DF023FD21460020FFF7E5FF90B1EE
S214010FD00C4B1C702B785BB9FFF7DCF90A4B93F9C5
S214010FE000100A4BC901186811F06BFA002038BDD1
S214010FF0FFF778F9F2E72120F9E700BFD66E002067
S2140110005AD0020030140020D86E00202053002051
S21401101008B5054B0121186811F078F90028B8BF0A
S214011020033040F3870008BD2053002008B5074B66
S214011030186811F099F930B1054BB3FBF0F083B2A3
S2140110400BB1184608BD0120FCE700BF2053002065
S21401105040420F0008B5074B186811F089F930B106
S214011060054BB3FBF0F083B20BB1184608BD012067
S214011070FCE700BF2053002040420F002DE9F34754
S214011080534F01200DF0BAFC3B88990704D4514810
S21401109040F646410DF0BAFCDFF85C8198F8003066
S2140110A0053B012B04D94B4840F648410DF0AEFCF8
S2140110B0494E336823B9474840F64B410DF0A6FC2C
S2140110C03C8814F020045CD001212220FFF740F96F
S2140110D04FF47A74FFF7BEFF33681B780933434336
S2140110E004EBC30498F80030062BA5B20BD1FFF72A
S2140110F09DFF0446FFF7AEFF602358430C2303FB16
S2140111000400284485B2D6F80090344B99F8008044
S2140111101C78334E08F1FF381FFA88F8002C3FD1AF
S2140111203B885A0532D57378DFF8C8A026468AF878
S2140111300030CAF808500DF071FA30B10DF06CFAB3
S214011140012814BF102308231E43264D8023494639
S2140111502868424611F0FEF9234B1978234B197083
S2140111603B889B061FD5CDF800A0214B2868324648
S214011170FEF728FA10BB002002B0BDE8F0470DF0DC
S2140111803DBC21462220FFF7E3F8A3E709F1010061
S21401119011F008FB10F020047378C5D00124C3E7D2
S2140111A073780024C0E7134B28683246FEF7FCF933
S2140111B0014618B92520FFF7CBF8DCE721462620A3
S2140111C0FFF7C6F8034840F6EE310DF01FFCD2E7F4
S2140111D03A5800205AD0020010530020D96E002041
S2140111E03214002020530020301400202F14002039
S2140111F014530020A4110020D66E002008B5174B0A
S2140112001B889B0704D4164840F6BE610DF0FEFB12
S214011210144B1B78053B012B04D9114840F6BF61DE
S2140112200DF0F4FB104B1B6823B90D4840F6C16165
S2140112300DF0ECFB0D4B0E49002221201A70FFF732
S21401124087F818B9BDE80840FFF718BF022803D190
S214011250BDE80840FFF726BA08BD00BF3A5800208F
S2140112605AD00200D66E002010530020D06E002007
S2140112700D140100F8B5594C23889A0704D558482F
S2140112804FF438710DF0C2FB564801F0E7FF0DF040
S2140112903BF823885B0705460BD510F061FD524BE2
S2140112A01B68C01AB0F5717F03D900210420FEF730
S2140112B0EDFF28464D4D0DF02DF82B78042B32D13D
S2140112C00DF022F823885F07064608D54548002119
S2140112D001F028FF3046BDE8F8400DF01BB80DF0D0
S2140112E019F80DF011F8424B424F1B78064613B918
S2140112F0238859050FD50523012102202B70FEF7FF
S214011300C5FFFFF77BFF30460DF004F83B68DA783F
S214011310394B1A70F8BD3868013011F043FA82066D
S214011320E9D50623E8E7062B4DD1344B1B78FF2B76
S214011330F0D1334E0DF074F93378002B3DD00CF01C
S214011340E3FF23885B07054605D52648002101F003
S214011350E9FE2846BFE70CF0DDFF3378013B33702A
S2140113600CF0D2FF012104460220FEF78FFFFFF7A3
S21401137045FF20461F4C0CF0CDFF2068013011F0D0
S21401138011FA00F44060B0F5006F13D12468012112
S2140113900422204600F048F9204411F003FA0146E1
S2140113A0184B1A783378D21AD2B2BDE8F840042026
S2140113B00FF06DB94FF6FF71F2E72B704020BDE8D4
S2140113C0F84011F07BB9012BA4D100232B700E4BF2
S2140113D01868FEF7E1F83F20F1E700BF3A58002011
S2140113E05AD00200E01100200C530020D66E0020D7
S2140113F0D96E002010530020D16E00202D1400203D
S214011400D36E0020311400202053002008B50A4B6B
S2140114101A7882B9012210281A7004D0074840F6BB
S214011420B5610DF0F3FA00212020FEF72FFFBDE88D
S2140114300840FFF723BE08BDD06E00205AD0020038
S21401144038B510200C460121FEF720FF064B1D681B
S214011450FFF7ECFD054B00FB04F10122284610F0D6
S2140114603EFF002038BD00BF20530020D1050100FB
S21401147008B5094B1B88DB0604D4084840F2935193
S2140114800DF0C4FA10200021FEF700FF044B186887
S214011490BDE8084010F031BF3A5800205AD002008B
S2140114A02053002010B5064C206810F03DFCC30701
S2140114B004D52068BDE8104010F038BC10BD00BF50
S2140114C02053002008B5094B01221868114610F078
S2140114D002FF00212C20FEF73BFF00210A20FEF729
S2140114E037FFBDE808400DF088BA00BF2053002042
S2140114F001480DF08BBA00BF74D00200014B4008C2
S214011500185C70472914002008B513460A46194688
S214011510064B186810F035FC30B1BDE808400448A9
S21401152040F6EC410DF072BA08BD00BF2053002012
S2140115305AD0020008B5044B186810F0CAFE0138EC
S21401154018BF012008BD00BF2053002070B5054616
S2140115500CF0DAFE0E4B0F4E1B883570DA07044688
S21401156008D50D4B0D4D1B78012B08D90121286894
S21401157010F0ECFF2046BDE870400CF0CBBE1BB16E
S2140115800DF044F8C305F1D4317881F00101EEE79E
S2140115903A58002028140020D76E0020205300203F
S2140115A00C4B1B88DB0710B5044611D5FFF756F820
S2140115B0094B84F001021868D200082110F038FBAC
S2140115C030B1BDE81040054840F64D710DF01EBA29
S2140115D010BD00BF3A580020205300205AD0020008
S2140115E008B5044B0146186810F0D6FB003818BF42
S2140115F0012008BD2053002010B50A4C23787BB18A
S214011600FFF760FF00210420FEF740FE00210220C4
S214011610FEF73CFE00232370BDE81040FEF7BABE7D
S21401162010BD00BFD66E0020032A134601D911F063
S21401163060B8014AD05C70477ED0020018B1034BF7
S214011640196000207047024BFAE700BF24530020C0
S214011650285300202DE9F8431046DFF82481174669
S21401166011F0A0F8D8F8003005462BB9424B1B689C
S21401167013B90020BDE8F88315F4406905F040066B
S2140116800FD136BBB5F5804F52D24FF48074D8F8DF
S2140116900030002B56D1384B1B68002BE9D00022B6
S2140116A062E0F81C11F07EF84FF6FF73984214BF03
S2140116B00124022486B1052605F44043B3F5004F04
S2140116C044F0080424D0B5F5804F23D244F4807446
S2140116D020E04C460326EFE7B5F5804F4FF00506B0
S2140116E0F4D3B9F5406F14BF0220082030443844C3
S2140116F011F058F8214BB3F85C3005F440458342AD
S2140117000CBF44F0080444F00404B5F5004F01D1C1
S21401171044F08004B9F5006F0ED1B81911F042F803
S214011720164BB3F85E308342B1D144F01004AEE7F5
S2140117304C4603260220D9E7B9F5406F08BF44F0AE
S2140117402004A4E70022D1B233F8110033F91110B6
S2140117500029A0DBA04202F10102F4D1012089E7B1
S214011760A04202F10102F9D0D1B233F8110033F9E7
S21401177011100029F4DA7CE724530020C853002016
S214011780285300202DE9F04F104685B0164698469E
S21401179011F008F85D4F00F00803B7F85C100293EB
S2140117A0044600F00709F01C0391B7F85EB010F08C
S2140117B0F9FF06F1050A0546504610F0F3FF034609
S2140117C04FF6FF70854218D00399A1EB050CDCF1AA
S2140117D0000545EB0C056D004FF6FF718B420ED1EF
S2140117E045F0040500F0ECF9029B6BB1B9F1000F6E
S2140117F011D0422005B0BDE8F08F0125ECE79B45EE
S21401180008BF45F00805EDE7B9F1030FF1D8DFE8A9
S21401181009F0021B795D00F0D3F908B9A807E8D5ED
S21401182024F00804A4B2B4F5004F05D0B4F5624F15
S21401183002D0B4F5404FDCD1002597F8A820294600
S214011840002011F0C3F83CE0D7F88030E3B900215E
S21401185032460846FFF7FEFED8B924F038039BB29D
S21401186048F641029342C4D10A2D49D0062DC0D173
S21401187097F87730023B012BBBD8FFF751FB0028C6
S214011880B7D140F6040505E04146304698470028A2
S214011890DDD00825E20648BF45F08005A30648BF0F
S2140118A045F4805505F00C03042BC6D1F01D10F04D
S2140118B079FF97F8A830009332462B46414611F03F
S2140118C05AF808B30E9B1880002093E7A90705D1A4
S2140118D0B7F85C204FF6FF739A428AD104F440634E
S2140118E0B3F5006F0AD0B3F5406F82D108490822DC
S2140118F050460FF0B4FC00287FF47BAF0C25C9E7F7
S2140119000425C7E7432075E7192073E7C85300206D
S21401191028540020074A084900231360074A136029
S214011920074A1360074A1160074A01211170074AE6
S2140119301360704738530020272A020034530020D2
S21401194030530020001200203514002040530020A0
S2140119500E2A70B50C4606461546194603D9FFF7FA
S214011960D9FF502070BD012807D10020FFF7F2FAF9
S214011970F8B1FFF7CFFF2120F4E7284B4FF4FE42E2
S2140119801A80274B7F221A70264B80221A70264B0C
S21401199000211980254B1960254B1B684BB134205B
S2140119A001F054FA234B188018B9FFF7B3FF012052
S2140119B0D8E724F0FF6323F4FF231BB1FFF7AAFF48
S2140119C04F20CFE77CB92046FFF7E0FA10F0800FF2
S2140119D043B24FF001041BBF00F01F039C409C4024
S2140119E044F078440325144B14491E70144B1D70A3
S2140119F0144B24F078441C60134B00201870134BD2
S214011A001A6800F0E3FA18B1FFF784FF0420A9E78B
S214011A100F4B9DF810201A70A4E700BF3E58002017
S214011A20DB6E0020DA6E00203C5800203C5300207C
S214011A303053002040580020E06E00203D1E01007B
S214011A40DE6E002040530020DF6E00203853002059
S214011A50DC6E00207FB5244B24481A782449007890
S214011A60012303FA02F21A4400250A60ADF80E506B
S214011A7020B3984236D11F4C1F4B20781B681F4E4F
S214011A800DF10E019847BDF80E20307092B11C4B37
S214011A900093019502232946284600F0D1FA3278B0
S214011AA0237822B1012A06BF0133DBB21B23237040
S214011AB004B070BD013818BF0120F0E778235A43FF
S214011AC0013A0A600F49082200F086FC0B49094AD0
S214011AD00978137821B1012906BF0133DBB21B2334
S214011AE01370E5E71846E3E7DE6E0020E06E00209F
S214011AF044530020DF6E0020001200203514002021
S214011B00791E0100091B010010B5244B244C1878DE
S214011B10002834D1FFF77CFA224A13680133136098
S214011B20214A92F900108142B8BF10701F4A92F9FB
S214011B3000108142C8BF1070012B1D490DD1000253
S214011B40088023680BBB1B4811F088F9014620BBAF
S214011B50BDE81040174801F0E5BAB1F90020A2EB44
S214011B60221303EB00131BB20B801349A0EB2323B4
S214011B70A0EB22200A8813FB00230B80E1E72368F1
S214011B80002BE0D04FF4707200E008220B490020D1
S214011B9000F022FC2368013B236010BDE06E0020AC
S214011BA0445300203C530020DA6E0020DB6E0020F8
S214011BB03E580020041200203C580020091B01005A
S214011BC0054B1B682BB9054B1868003818BF012058
S214011BD070470120704700BF345300203053002067
S214011BE037B505461C46FFF7EBFF68B974B1084BDD
S214011BF01A60084B1C60012300930A4603232946FA
S214011C00FFF7A6FE03B030BD4D20FBE72520F9E720
S214011C102C5300203453002013B50446FFF7D0FFA1
S214011C2058B962B1074B1A60012300930A46032391
S214011C302146FFF78DFE02B010BD4D20FBE72520A3
S214011C40F9E700BF305300202DE9F0410446DDE9F5
S214011C5006869DF820701D46FFF7B2FF88B99EB133
S214011C60A2B10B4B1A600B4BC3F800800A4B0A4615
S214011C701E60214606972B460120BDE8F041FFF77E
S214011C8067BE4D20BDE8F0812520FBE72120F9E75E
S214011C90001200203853002034530020014800F081
S214011CA035BE00BF405800202DE9F0410020FFF767
S214011CB0A3FC0F4B0F4C1E680F4B20881D680F4B63
S214011CC00F4FD3F8008010B1397801F031F80020B9
S214011CD03870FFF71FFE00F033FC0EB14046B047E8
S214011CE01DB12088A84700232380BDE8F08100BFEE
S214011CF03453002040580020305300204053002029
S214011D00E16E00202DE9F0473D4801F0A7FA3D4B72
S214011D101C78002C42D13C4F2046FFF737F93B6830
S214011D200546002B3AD0394EDFF804A1DFF80481CE
S214011D30DFF80491012B1EBF348803F1FF33B4FB97
S214011D40F3F4334B34801C6834B19AF9013098F9B6
S214011D50002099F90010A0472E4B1B688BB12E4C22
S214011D602378312B0DD82D4B188800F0A9FF237846
S214011D705A1C227098F80020C25423785A1C2270EC
S214011D80C5544FF4FE43AAF800307F2389F800308B
S214011D90802388F80030002333803B60204C237872
S214011DA01A2B23D81F4A1278012A09D11E4A156810
S214011DB0002125FA03F0C007DAB20FD501B122706F
S214011DC00020FFF7E3F82178884213D1174B002251
S214011DD01A70FFF73FFE48B9BDE8F0870133D8B265
S214011DE01A284FF00101E4D90A442270BDE8F047F1
S214011DF0FFF75ABF0020FFF7DBF80028E6D0F5E72B
S214011E0004120020E06E00203C5300203C580020C5
S214011E102C53002030530020E16E00204058002053
S214011E20DF6E00203514002040530020DD6E0020B8
S214011E303E580020DA6E0020DB6E002008B50B4B02
S214011E40187880B90221FFF773F8094B1B782BB17C
S214011E5000214FF6FF720846FFF744F8BDE8084038
S214011E600448FFF74FBF00210846ECE7E06E00206C
S214011E70DC6E00200412002038B5144B1D78012DAD
S214011E800C4621D181B90846FFF780F8104A11495E
S214011E90136805FA00F023EA0003136020462A4679
S214011EA0BDE8384000F098BA0B4A13780133DBB22C
S214011EB0022B137004D9BDE838400848FFF722BF4B
S214011EC0FFF7C8FD0028F6D138BD00BFE06E002040
S214011ED040530020091B0100DD6E00200412002083
S214011EE038B50948094D00F011FD002495F8443035
S214011EF0E0B2834200D838BD05EBC000043000F0E4
S214011F0005FD0134F2E700BF68540020C8530020E5
S214011F1008B50349104648220FF093F9002008BD82
S214011F202054002008B5054810F098FF014620B956
S214011F30BDE80840014801F0F5B808BD24120020AC
S214011F4038B51C4B00221A701C4615460132082A69
S214011F505D609D8043F8085FF8D14822002116484D
S214011F600FF0A7F94FF6FE73A4F868307F226FF4DE
S214011F70803300211148E3650FF09BF9104B84F87C
S214011F804450C4E92835C4E9125584F850506565B3
S214011F9084F8A850F1F71AF80A4B18700A4BFF227A
S214011FA0012100201A70EEF723F90020FFF7BAFF8F
S214011FB0002038BDC853002020540020485300207C
S214011FC00000FFFFE26E0020286F0020094B10B5CD
S214011FD0AC2404FB0030836C53B990F850403CB9F4
S214011FE031B1C0E912122046FFF79CFF204610BD12
S214011FF02120FCE7C853002070B5AC230A4E03FB32
S21401200000F5731993F850405CB920460BF02AFC92
S214012010735D204643F002037355FFF783FF2046A6
S21401202070BD0120FCE700BFC8530020AC23034A63
S2140120305843135C23F0030313547047C85300201E
S21401204070B516461F4A12780446C2BB1E4DAC2117
S21401205001FB00518A6C92BB91F850203AB1022BD9
S2140120602DD191F84410072907D91C2026E091F8B4
S21401207044100729F9D8012B08D0AC2000FB0450E6
S214012080CA00011D0C300FF0FAF80021AC2303FB47
S21401209004F000EBC10129449DF81430CB71049B78
S2140120A08B602B18002493F844208E800132204642
S2140120B08C7183F84420FFF735FF204670BD012060
S2140120C0FCE700BFD96E0020C8530020F8B5234BAB
S2140120D01B7804460F46002B3ED1214DAC2303FB53
S2140120E00053B3F8A03023B91E4840F236310CF045
S2140120F08DFCAC2202FB0452D2F8A46036B192F8F1
S214012100A330B2F8A02039460020B047AC23634381
S214012110EA180021A2F8A010C2F8A41092F8A8208C
S214012120482101FB02322A44D2F89820964213D065
S214012130EB5C9B070CD5AC2262432046AB5C23F0DC
S214012140020343F00103AB54BDE8F840FFF7EABED3
S2140121500BF0AAFB0028EED1F8BD00BFD96E002017
S214012160C8530020BFD102002DE9F04F8BB00D46B9
S2140121700790084600F0A4FD044618B921200BB0CC
S214012180BDE8F08F284600F0B7FDC0B20838221827
S214012190215C92F802B092F803A0526806920022DF
S2140121A02678B4F80130ADF82620434A059192F816
S2140121B00090B9F1000F09D0404B1B6823B14FFACC
S2140121C08BF25146204698470020D8E703F00703D4
S2140121D0022B6ED00134092249462046FFF724FA25
S2140121E0023EF6B2331ADAB21B0607460392C5D48C
S2140121F0DFF8CC80D8F890302BBB00210DF12609F2
S214012200039BCDF8009022460846FFF7BBFAC3B2FF
S2140122100546002B48D1BDF8260010F010FBC8B9C2
S214012220BDF8260010F0F4FB0490BDF8260010F06F
S21401223006FBD8B9012332462146484600F08CFEFB
S214012240C8B119209BE74A4601212846984700282D
S214012250D3D193E7D8F89430BDF82600002BDFD011
S214012260E11998470028DBD1022088E7039A0498F1
S214012270E1190EF0E6FFBDF8260000F021FD059BF2
S2140122808372069B079A80F808A01BBAC360AC232A
S21401229003FB028380F809B093F85020BDF82600AE
S2140122A022B1DB6C03B19847E8B268E7D8F878301A
S2140122B0F8E7012063E700BFD96E0020085300202D
S2140122C0C853002070B50A4CAC2303FB00430546F7
S2140122D05E6D26B9074840F2F7310CF097FBAC2348
S2140122E003FB0544002363653346BDE87040184789
S2140122F0C8530020BFD102002DE9F84308460F4617
S214012300164602F1010910F088FB8046384610F0A7
S2140123108FFA042856D1384610F0AEFA2C4C4FF6F8
S214012320FF7248F6410348F66105904208BF1D4614
S214012330B4F85C10301D10F037FA384610F09CFAED
S2140123400146B01D10F030FAB4F85E1006F1080030
S21401235010F02AFA06F10A04384612F0F0F810B125
S21401236045F01005ADB22946484610F01DFA38462C
S21401237010F04EFB4246014620460EF062FF3846FC
S214012380012100F027FD4444074660B100F0B4FC8B
S2140123900546384600F094FCEDB201462A46204632
S2140123A00EF04FFF2C440B4A1378F370A41B591CF4
S2140123B001341170347030460922BDE8F84301211A
S2140123C0FFF732B9484610F0EDF94C460546C3E72B
S2140123D0C8530020E26E0020084B10B40C4611468C
S2140123E0AC2202FB0033586D20B95C655DF8044BE6
S2140123F0FFF726B802205DF8044B7047C85300204B
S21401240010B50B4BAC2250431A18482492F8A8106A
S21401241004FB0100034493F87700022806D092F8E3
S21401242050301BB9032818BF012010BD0020FCE75F
S214012430C853002070B508B1012070BD234C94F834
S214012440A850002DF8D1B4F85C202946FEF74AFDC5
S214012450B4F85E2029462846FEF72EFD04F16002F8
S21401246029462846FFF750F894F87730002BE3D03A
S214012470284694F85860FEF789FD864215D100205B
S21401248094F95A50FEF776FD854216D10020FFF7E3
S214012490B7FF04460020FEF73BFD0028CDD02146BD
S2140124A00020BDE87040FEF743BD94F8581028465A
S2140124B0FEF77EFD0028E2D0BFE794F95A1000200F
S2140124C0FEF748FD0028E1D0B7E700BFC85300205B
S2140124D010B51446174A0346AC2000FB032292F8B7
S2140124E0770002280CD1E07F022809D141B11249B8
S2140124F00978012913D992F85810227891420ED101
S21401250021781846FEF748FD90B10C48482221462E
S2140125100EF097FE0020FEF7FBFC08B9002010BD68
S214012520044B93F8A8000028F8D1FFF783FFF5E7DE
S2140125302120F4E7C85300200B6D00202054002012
S21401254008B5094BAC2202FB003300205A6DD86453
S21401255083F8500012B15865FEF78AFF0020FFF796
S21401256069FF002008BD00BFC85300207FB51C4C82
S21401257094F8A83023B1002084F8A800FFF75AFF8A
S214012580B4F8A05094F85A308DF80F3025B9154894
S21401259040F2ED210CF03AFA134A29460020FFF7E3
S2140125A0ABFEE66F104C02469EB10DF10F03019390
S2140125B00023009321462846B0470246247854B9A2
S2140125C020462146FFF782FD2046FFF7ABFC04B00C
S2140125D070BD0122F2E704490020FEF755FBF6E73D
S2140125E0C8530020BFD102004853002038B5494BDC
S2140125F01C78002C58D1484800F030FE2046FEF7E3
S21401260087FC002850D0454C2378D90733D594F859
S21401261050201AB123F00303237045E023F0010391
S21401262023700BF029F923789A07054601D50BF09C
S21401263019F9294600200BF093F840B9237843F0A6
S214012640010323702846BDE838400BF00BB9002380
S21401265084F8A33094F8A83084F8A250482202FBEC
S2140126600343A4F8A000D3F89830C4F8A430BDE81A
S2140126703840FFF77BBF94F84400B0B1251D95E8BC
S214012680030004F1A00383E80300FFF76FFF94F84B
S214012690442004F10C01D20028460EF0F0FD94F817
S2140126A04430013B84F8443038BDA26C62B99B07C4
S2140126B011D5237823F0020343F001032370BDE80C
S2140126C038400020FFF72EBC012384F85030A06468
S2140126D0904723789EE70BF0E7F80028E9D194F8B5
S2140126E0A83073B1F5F72AF994F85030002BDBD1F6
S2140126F0FF2818BF84F8A800BDE838400020FFF77F
S21401270099BED4F88C30002BECD098470028CBD15A
S214012710E8E700BFD96E002024120020C85300202D
S214012720034BAC2202FB003393F8A800704700BFAE
S214012730C853002070B504460020FEF7E9FB0C4E96
S214012740AC235C43351995F850300BB1002070BDB1
S2140127500028FBD0074810F081FB0028F6D1335D36
S214012760002BF3D195F84400B0FA80F04009EEE76B
S214012770C85300202412002028B1034B1B68C01A3E
S2140127804010013080B270478454002030B1044BB1
S21401279000F100401B68013803EB4000704700BFA2
S2140127A08454002010B5034610F052F9074A03EB93
S2140127B0400314684FF6FF729C42184604D90188FC
S2140127C0914203F10203F7D010BD00BF7C540020F4
S2140127D02DE9F047204F3B880546A3B3B0F90230F8
S2140127E0002B30DBDFF87C801C49D8F800000EF0A7
S2140127F01EFD20B91A4840F2CD110CF007F9DFF89A
S21401280060A0DFF8649000263A88B3B29A4204D8F2
S21401281040F2CF1150460CF0F9F8D9F80030D8F84C
S2140128200010B2B203EBC20453F8320068B943F8A1
S2140128303210A3880133A380284610F009F9E388F3
S21401284003EB4003E380BDE8F0870EF0F0FC0136B1
S2140128500028D9D1EDE700BF4258002082D00200FF
S2140128608CD00200441200207854002038B5094C60
S214012870094D22682B689A4204D908484FF483719F
S2140128800CF0C4F828682368C01A20F0010080B252
S21401289038BD00BF7C540020805400208CD002003C
S2140128A008B50B4B0B4A1A600B4B0C491B6823F0FF
S2140128B0010313440B600A4B1A60FFF7D7FF642825
S2140128C005D8BDE808400748F0210CF09FB808BDC0
S2140128D084540020D0400020B4B002008054002070
S2140128E07C5400208CD00200064B1B68834206D81D
S2140128F0054B1B68834294BF0020012070470020CF
S214012900704700BF845400207C5400202DE9F0411C
S2140129101D4B1B78012B044624D10088FFF736FF98
S2140129200546D8B1DFF8648004262C460BF0ECFC93
S21401293007462046FFF74CFF638843EA0803638097
S214012940A05BFFF723FF044638460BF0E3FC1CB1FF
S214012950B4F90230002BE9DA062E01D1BDE8F08188
S2140129600626E2E7022BF9D10BF0CEFC02462088C0
S214012970FFF70CFF18B10388C3F30E032380BDE8ED
S214012980F04110460BF0C6BCE36E00200080FFFF4E
S2140129902DE9F04FBA4BDFF8FC82BA4F97B000240E
S2140129A006461C800BF0B0FC01233B70B8F80030E3
S2140129B0ADF81630B44BA8F800401B6801930BF035
S2140129C0A9FCB24B1A88B24BD200186821460EF009
S2140129D070FC0DF11600FFF799FF002E3CD1DFF8D1
S2140129E0B892D9F800404FF0000B0125019B9C429C
S2140129F039D3BBF1000F39D1002DF2D0D9F8004000
S214012A00DFF898A225462246019B9A4273D30223F9
S214012A100DF116003B70FFF779FF002E40F08F8016
S214012A20D9F800603246AA4280F0A2809088FFF76B
S214012A30ADFE18B10388C3F30E039380D088FFF769
S214012A40A5FE18B10388C3F30E03D3801046FFF723
S214012A50A9FE0246E7E79847E3B2013456F8233069
S214012A60002BF8D1BBE7BBF1000F3ED00BF1FF33D3
S214012A705FFA83FB16AB03EB8B0252F8402CB2F9DC
S214012A80020051880028B1DA4B04AFD4924641F4D3
S214012A908040931D2AF8020F02933AF8020FFFF7BF
S214012AA075FEF0B1B0F902E0B0F802C0BEF1000F59
S214012AB017DB6FEA4C4C6FEA5C4CA0F802C003903F
S214012AC0FFF786FEBBF10F0F9FBF16AB03EB8B0024
S214012AD0039A40F8402C9ABF0BF101035FFA83FB7F
S214012AE00025029B9A45D8D180E72046FFF75AFE7B
S214012AF022460446C3E710460FF0AAFF8346B2F902
S214012B000200118800280AEA010108DA2046FFF7C8
S214012B1033FE084381B204EB4B0402EB4B051180F4
S214012B201046FFF73FFE02466EE798475FFA8AF3C4
S214012B300AF1010A56F82330002BF6D170E74FF060
S214012B40000AF3E73046FFF72DFE82467EB1B6F95E
S214012B5002307188002B0ADA3088C0F30E00FFF7C6
S214012B6015FE864203462DD1C1F30D0171805646EE
S214012B70AE42E7D3DFF81CA10BF0C6FB00210646E8
S214012B8050460FF0F4FFFFF701FE0546002800F05F
S214012B90878030460BF0BEFB28460FF059FF0646ED
S214012BA02046FFF7E9FD7600814632462946204653
S214012BB00EF065FB002249460DF116000FF07DFF71
S214012BC03444D9E71BD930460FF042FFC1F30D015B
S214012BD04200718092B2314618460EF050FBC6E7AD
S214012BE05046FFF7DFFDD146854203D9B0F90230E2
S214012BF0002B01DA824603E0FFF7D4FDF4E7B14685
S214012C00554507D9BAF80000C0F30E00FFF7BEFD20
S214012C108245E5D3B9F1000F30D0B9F80000C0F312
S214012C200E00FFF7B3FD034638B93346CB46994548
S214012C3013D8B1459BD0D946ECE748460FF008FFBC
S214012C40B9F80220C2F30D02A9F80220420092B29E
S214012C50494618460EF013FBE7E718460193FFF7BF
S214012C60A1FD019B9B46854203D9B0F90230002B9A
S214012C7001DA0346DBE7FFF795FDF4E7CB46DAE733
S214012C8044580020E36E00207C5400204258002067
S214012C907854002046580020845400200080FFFF0E
S214012CA0BDF81630A8F80030044B387030461C606A
S214012CB00BF030FB17B0BDE8F08F00BF7C5400204E
S214012CC010B5044608B9002010BD0FF0D2FE20B999
S214012CD0084840F2C4410BF099FE2046FFF756FD26
S214012CE00028F0D00388DB0B14BFD0F80A000830A8
S214012CF0EAE700BF8CD0020010B508B9002010BD6D
S214012D00FFF744FD04460FF0ABFE20B9074840F23A
S214012D10DE410BF07BFE002CF0D02388DB0B0ABFD4
S214012D2060882089C0F30C00E9E700BF8CD0020060
S214012D302DE9F0410546FFF729FD0F460446D8B1B7
S214012D400FF08EFE20B9214840F2F1410BF05EFEF5
S214012D502846FFF7D1FF05462046FFF723FDBD4273
S214012D60064609D004D8194840F2F9410BF04EFE48
S214012D702588ED0B02D02781BDE8F08167802046CB
S214012D800FF066FE074604EB40080BF0BDFA104B49
S214012D901A68B2420AD1C3F800800BF0BBFA2A4681
S214012DA04046FF21BDE8F0410EF083BAA6EB0806C7
S214012DB0B5B20BF0AFFA072DF1D90023083D44F860
S214012DC01730C8F80430A8F80250D5E78CD00200B6
S214012DD07C54002038B5FFF7D9FC0D46044650B1A7
S214012DE00FF03EFE20B9044840F236510BF00EFEBD
S214012DF0023534F8150038BD8CD0020070B5FFF7E7
S214012E00C5FC0C4616460546B0B10FF029FE20B9A2
S214012E100D4840F241510BF0F9FD3046FFF7B6FC84
S214012E200FF01EFE20B9084840F242510BF0EEFDAD
S214012E30023425F8146070BDBDE87040024840F2C7
S214012E4046510BF0E3BD00BF8CD002002DE9F843DC
S214012E50C41CA408274B64000434B0F5005F1E6848
S214012E6081460F46A4B204D3234840F272510BF0B8
S214012E70CDFD0BF049FA21490B6880467BB9204B02
S214012E801D68761BC6F34F06B44223D9002540467B
S214012E900BF040FA2846BDE8F843FFF76DBC7FB15A
S214012EA0174A15685A1BC2F34F029442EED81448CB
S214012EB0620005EB440404607FB913440B600CE028
S214012EC0F61AC6F34F067EB90B4840F283510BF053
S214012ED09DFDDBE705EB44041C600023A5F802908A
S214012EE0AB80EB802B80D2E7B442CFD8044A15687A
S214012EF0DDE700BF805400208CD00200745400200F
S214012F007C54002038B505460BF0FEF929460446E8
S214012F10002204480FF0D1FD2046BDE838400BF0F2
S214012F20F9B900BF4658002038B50BF0EDF900217D
S214012F30054604480FF01BFE044628460BF0EAF946
S214012F40204638BD46580020024B1888B0FA80F05B
S214012F5040097047465800202DE9F74F044600887F
S214012F601F46FFF713FC8846154606460FF078FD08
S214012F7020B9404840F2DA610BF048FD3388DB0B9C
S214012F80009306D033892B443381002003B0BDE87B
S214012F90F08F2088DFF8E0B0FFF7AEFE82463046BD
S214012FA0FFF700FC01900BF0AFF9DBF80020019B66
S214012FB09A4281461DD1FFF759FC854204D94846FD
S214012FC00BF0A8F91A20E1E705EB0A0373803FB17D
S214012FD02088FFF775FE2A46414650440EF031F927
S214012FE03046FFF7DFFBCBF8000048460BF092F9BE
S214012FF0CBE70BF08FF92088FFF77EFE2844009977
S21401300080B2FFF723FF06460028DBD0FFF758FE05
S21401301081462088FFF754FE82462088FFF76CFE23
S2140130205146024648460EF00CF93046AFB1FFF75E
S21401303047FE07462088FFF75FFE2A46414638448A
S2140130400EF0FFF801212088FFF7C4FE0121024699
S2140130503046FFF7D3FE268097E7FFF731FE80461E
S2140130602088FFF749FE2A46394640440EF021F9EA
S214013070E8E700BF8CD002007C54002038B50C462F
S2140130800546FFF739FE844203D304482D210BF091
S214013090BDFC2846FFF714FE204438BDA0D0020030
S2140130A070B506460D46FFF70BFE044648B130469E
S2140130B0FFF722FE854203D3024835210BF0A6FC1A
S2140130C0605D70BDA0D0020070B50C460646154680
S2140130D0FFF712FE844203D304483F210BF096FC0F
S2140130E03046FFF7EDFD00B1055570BDA0D00200DA
S2140130F0014833210BF08ABCB7D00200036910B532
S2140131005BB18268064B9A4201D1002010BD44692A
S2140131100BF062FC201AF9D5F7E74FF0FF30F5E720
S214013120F130010082684B4B9A422DE9F041056867
S21401313004460E4615D121B1474840F20F110BF057
S21401314065FC0BF0E1F823691BB92B682BB92461E8
S2140131502C60BDE8F0410BF0DDB81A6922611C61F4
S214013160F6E70BF039FC8046EEF706F820B13A4850
S2140131704FF493710BF04AFC6FF000439E422169B5
S2140131804BD22B7B08EB0602002B4DD0AB6893424B
S2140131904AD1531C002949D06169994242D01EB9CF
S2140131A0521AB2F1004F3DD9636123696E689C42A1
S2140131B003D129489A210BF029FC2F460023B4425B
S2140131C00BD0002B41D172696169891AB1F1004FA8
S2140131D032D83269944237462CD12269BD420CBF9F
S2140131E06A603A617BB92669B44203D11A48B521AF
S2140131F00BF00CFC3B46012E05D062697169521A30
S214013200B2F1004F23D99D420BBF6B681A69236147
S21401321022610CBF6C601C6104E0434431B16269F9
S2140132209342C1D1BDE8F0811346B3E76A682261D3
S2140132306C60B9E71646C6E7A8EB0202B2F1004F8A
S214013240C7D93B4637463669B9E71F46F9E73346DD
S2140132503669D0E7F1300100B7D0020082681C4B16
S2140132609A4270B50568044619D10BF04DF82369EA
S21401327023B1A34206D100222A601A61BDE870403C
S2140132800BF048B81A4611461269A242FBD12A68C9
S214013290A24208BF29600B6100232361EEE70369A0
S2140132A093B198426E6803D10A489A210BF0AEFB9F
S2140132B02B46B44209D122699D4218BF1A614FF0CC
S2140132C0000308BF6A60236170BD33463669F0E7C4
S2140132D0F1300100B7D002002DE9F043174FDFF8B7
S2140132E060808BB006460025BC7814B90BB0BDE8EB
S2140132F0F083B7F800908EB90096B8F80010234610
S2140133002A4603A80FF0F7FC234603AA314648468F
S2140133100BF094FB2544EDB20437E5E72346494616
S21401332003A800220BF081FB01230093B8F80010DC
S21401333023462A4603A80FF0DEFCEBE7C6D00200C0
S214013340485800200148FFF7E1BA00BF485800205E
S214013350F7B51546174A04460846118811B1164AAC
S2140133601278CAB1D4B10022294603B0BDE8F040B4
S2140133700BF05BBB3A44D2B20436B778002FF1D0DB
S214013380B6F800C0AC45F5D184F0010400943B4684
S2140133900FF0B1FC03B0F0BD084EEEE70246214641
S2140133A028460BF04BFB284603B0BDE8F0400BF077
S2140133B0EBBD00BF4858002036140020C6D00200DE
S2140133C010B5074C238843B10020FFF785FF054B56
S2140133D00020FF2220801A7010BD7020FCE700BF7D
S2140133E04858002036140020142810B518D808288C
S2140133F005D10DF0A8F9C401E4B2204610BD0E288F
S21401340002D10DF0A3F9F6E7064B53F82040002C45
S214013410F3D00A282478F0D105F014FC0443EBE736
S214013420FF24EAE7F0D00200064A082312F8011B3F
S214013430814205D0013B13F0FF03F7D118467047D0
S214013440012070474DD10200064A082312F8011BDD
S214013450814205D0013B13F0FF03F7D118467047B0
S2140134600120704745D10200014BB3F86800704750
S214013470C85300200048704732540020014B18788A
S214013480704700BF9C6D0020014B1870704700BF4D
S2140134909C6D0020184B022810B5187002D0043815
S2140134A0012819D8154B1B78042B03D0144800218A
S2140134B0FFF738FE134B1B689A0019D513F0805F8F
S2140134C00CBFBF24BC2420460DF09CFD90B92046BD
S2140134D0BDE810400BF091BC0948FFF7BFFE0A4853
S2140134E0FFF7BCFE91240FF043FE0DF085FDEAE7E1
S2140134F09024E8E710BD00BFA06D0020A16D00205C
S21401350048120020FC4B0020684B0020024B187824
S21401351000F00F00704700BFA06D0020034B187825
S21401352000F00F00831E584258417047A06D0020DE
S21401353008B50FF008FEA8B10FF01EFE90B10A48BC
S2140135400FF0B0FA70B109480FF0ACFA50B10DF0B7
S21401355002F938B10DF058FD20B9BDE8084004481D
S2140135600FF081BC002008BD4A5800208E5800206C
S21401357088540020054B1878012805D000F0FD007E
S214013580A0F1310358425841704700BFA06D00209A
S21401359010B5FFF785F90BF035FA1020FFF724FF79
S2140135A004060DD50020FFF71FFF000608D5284B9F
S2140135B0D3F8EC2012F0020F12D1B024204610BD31
S2140135C01020FFF711FF01060ED40020FFF70CFFB5
S2140135D0020609D51E4BD3F8EC2012F0010FEBE7DB
S2140135E0D3F8E8309B07E8D51A480EF0A8FE01206C
S2140135F00FF07BF8EFF706FD04460028DED100F059
S21401360013F915480FF004FC00F034F9EFF7D2FA7D
S2140136100BF0F5F908F09EFC08F0F0FCF4F79EF9C3
S214013620F4F726F9F4F740F903F074FC0DF08DF881
S2140136300DF08EF80DF0EBFC084810F076FF06F062
S21401364085F80DF089FC0028B8D00DF087FCB5E7A9
S2140136500081E00F690345EC8854002019D9010068
S21401366010B50FF082FD70B301F046FA80F0010448
S214013670E4B20020FDF75EFF44EA800424B20FF0B6
S21401368062FD10BB0220044316480FF0E7FB44EA34
S214013690401415480FF0E2FB24B244EA0014134824
S2140136A00FF0DCFB24B244EA801411480FF0D6FB7D
S2140136B024B244EA40240F480FF0D0FB24B244EA77
S2140136C0C02080B210BD0124D3E70B480FF0EAF901
S2140136D00028D7D009480FF0E5F980F00100C0B204
S2140136E04000D0E7881200206C130020004C002018
S2140136F0EC1200204C1300204A5800208E5800205F
S21401370008B500F0E1FFFDF7FFFA14480FF0CAF91B
S21401371008B904F0DBFD12480FF0C4F908B905F04A
S214013720FFFF02F099FE0F480FF0A9FB0E4B1B7826
S214013730043B022B09D80D480FF090FB28B1FFF788
S2140137408FFF102801D107F0EDFA0DF006F80FF003
S21401375012FCBDE808400648FFF71AB94A5800208F
S2140137608E58002088540020A16D00206C13002084
S21401377058D1020070B54FF6F773984286B00446EA
S2140137800D4643D80FF0FAFBA04207D12049082284
S21401379028460DF074FD002006B070BD1D4EB6F82B
S2140137A06830A3420AD10022082106F16A000FF010
S2140137B095FB18B9082206F16A01E9E784B10023EE
S2140137C0009301221946204608F026FBFF2811D156
S2140137D02946204608F0E6FC80F00100C0B2DBE78F
S2140137E00D4B1B689B07EAD4284606F005FC00280B
S2140137F0E5D0D0E702A910F046FD0028E8D1DDF8B3
S2140138000D302B60DDF811306B60C4E70120C3E793
S214013810E46E0020C8530020FC4B0020014B1870BA
S214013820704700BF0D14002010B50649064C0988E4
S214013830204608237F220BF005F920460FF0D8FB1F
S21401384010BD00BF40520200E46E002013B51346BF
S2140138500C461AB1022A0CBF134601230021044A62
S214013860009201912246FEF7EBFB02B010BD00BFAD
S214013870FD31020000B5002093B0FEF761FB1D4B41
S214013880188810F053FE1C490020FDF7D7FE34229D
S214013890002168460DF00DFD0B238DF800306FF406
S2140138A0803301934FF6FE73ADF8103003238DF885
S2140138B01D30124B0893124B0993124B0D93124B6A
S2140138C0124A0E93124B0F93124B106851681093C5
S2140138D0114B119302AB03C300216A460846FEF75B
S2140138E0F7FD6A4601210020FEF7F2FD13B05DF8F0
S2140138F004FB00BFD6130020B8B00200D53D01007E
S214013900F32F0200296801007D3F0100E46E0020CC
S2140139104D770100FD310200B564010070B5044623
S2140139200EF040FF0422002106462046FDF77CFEED
S21401393020440EF037FF0322054600212046FDF7FE
S21401394073FE20440EF02EFF0540ADB24FF6FF7316
S2140139509D4213D1F30711D5062200212046FDF71B
S21401396063FE20440EF01EFF074B1B88834214BFE4
S21401397002200620054B1B78184070BD20460BF030
S214013980C0FBC000C0B2F5E7E8130020EC6E0020D3
S2140139902DE9F84FDFF83C91804608460F460EF0B9
S2140139A001FFD9F80030054643B9484B1B682BB9CF
S2140139B0474B1B6813B9FF20BDE8F88F15F4406A22
S2140139C005F0400610D13EBBB5F5804F53D24FF4FB
S2140139D080740023002B58D13C4A12688025002AA7
S2140139E069D0002108465FE0F81C0EF0DBFE4FF6BA
S2140139F0FF73984214BF0124022486B1052605F4FC
S214013A004043B3F5004F44F0080424D0B5F5804F89
S214013A1023D244F4807420E054460326EFE7B5F53C
S214013A20804F4FF00506F4D3BAF5406F14BF02205D
S214013A300820304438440EF0B5FE83460FF0BBFA3A
S214013A4005F4404558450CBF44F0080444F004040E
S214013A50B5F5004F01D144F08004BAF5006F0ED1E0
S214013A60B8190EF09FFE05460FF088FAA842B0D1AD
S214013A7044F01004ADE7544603260220D9E7BAF510
S214013A80406F08BF44F02004A3E7012B09BF104A8A
S214013A90D9F800201268402518BF10259FE7A742D5
S214013AA001F101010BD0C8B2CEB232F8167032F96C
S214013AB01660002EF3DA0133032B8BD17BE7B8F1C6
S214013AC0000F3FF479AF88F8005075E7985400204E
S214013AD09C54002024530020034B1A78022A04BF6A
S214013AE009221A70704700BFEE6E0020034B0C22AD
S214013AF01A701A210022032001F02ABDEE6E002062
S214013B0070B5054638B90C4BBDE8704018780022F0
S214013B101A2101F01DBD094B074E1C78E1B21A2986
S214013B20F1D825FA04F3DB0703D53078362201F005
S214013B300FFD0134F2E700BFEE6E002038140020BE
S214013B4008B5064B0C221A70002210461A2101F005
S214013B50FFFC034B00221A6008BD00BFEE6E00207A
S214013B60A454002070B50E4B0C221E781A70054620
S214013B7030B930460022BDE870401A2101F0E8BC99
S214013B80084B1C78E1B21A29F3D825FA04F3DB07AF
S214013B9003D53622304601F0DBFC0134F2E700BFE4
S214013BA0EE6E002038140020024B0C221A700DF025
S214013BB024BA00BFEE6E0020F0B50C888BB0054627
S214013BC00E46E4B94FF6FF77ADF824700DF02AFAE9
S214013BD010B902200BB0F0BDCDE90340CDE9054494
S214013BE0134A0294B2F85C300193603200923B466D
S214013BF009AA4CF60101FF2010F0C2FC30802846CD
S214013C000FF0D5FA0B4C70B1237863B1013BDBB2F0
S214013C10284623700FF0CBFA38B12078B0FA80F03E
S214013C204009C0B2D6E70523F2E70120F9E700BF55
S214013C30C853002037140020034B1B68114603B1FC
S214013C4018470BF0E9B800BFA4540020024B0C2221
S214013C501A7008F0E7BD00BFEE6E00200148FEF7BF
S214013C6055BE00BF4C5800207FB506460C4615468B
S214013C70FDF7A6FF00287CD1062E03D85223F34079
S214013C80DB071AD4B4F1006F05D3E30E1C3B032BFC
S214013C9018D94F202BE0394B00221A60384B1E7082
S214013CA00FF040F903460A2E65D8DFE806F0361B0A
S214013CB04F5A1B2E221F47523F0001F085FFB4F1D9
S214013CC0006FE2D22D4B00221A602D4B042E1E707F
S214013CD0E6D12C4801F0CAF9022001F0FDF80FF0F8
S214013CE021F9034601220292274A05E0212004B069
S214013CF070BD01220292254A0192254A0092254A68
S214013D0029462046FDF7A0FFF1E7234A294620462B
S214013D1004B0BDE87040FDF77FBF204B204A29461E
S214013D20204604B0BDE87040FDF75ABF002202925B
S214013D301C4A0192164A00921B4AE1E701220292AE
S214013D401A4A0192124A0092194AD9E70C4B0222EA
S214013D501A7000221749104604B0BDE87040FEF7FD
S214013D6035B900220292144A0192094A0092134A76
S214013D70C6E74D20BBE70120B9E700BFA4540020E9
S214013D80EE6E0020ED6E0020653B010091310200D1
S214013D90D53D0100E93102004D3C0100413B0100E7
S214013DA0393C0100A93B0100B93B0100013B010080
S214013DB095310200D93A0100ED3A01008D31020039
S214013DC008B5FDF771FF024B0C221A70002008BDE2
S214013DD0EE6E0020F0B585B0ADF8060018B965485E
S214013DE090210AF013FEBDF806000EF021FD0446F0
S214013DF0BDF806000EF01CFD082846D00C2CBDF8B8
S214013E00060042D10EF004FE07460EF0CBFC0DF183
S214013E100F010646BDF806000CF08AFC002879D092
S214013E20092200213846FDF7FFFB9DF80F301033BD
S214013E30C518BDF80600FEF75FFFEDB2854269D2F0
S214013E402946BDF80600FFF72BF906F44C4416F494
S214013E504066054614D0F81C0EF0A4FC4FF6FF731E
S214013E60984208BF44F04004B6F5006F08D1781DAB
S214013E700EF098FC4FF6FF73984208BF44F010040A
S214013E809DF80F305BB3072D44D1BDF806000EF048
S214013E90C5FC0446BDF806000EF0CAFC082817D07B
S214013EA0A30615D524F0200189B2BDF806000EF050
S214013EB0A0FCBDF806000EF0ABFD00210922FDF7BF
S214013EC0B3FB00F11001C9B20DF106000EF0FAFEC7
S214013ED0BDF80610284800220EF0EFFD1AE0082D66
S214013EE016D8BDB1013D072D14D801A353F825F00E
S214013EF04D3F0100593F0100153F0100193F0100E8
S214013F00153F0100653F01008B3E01006B3F01003C
S214013F107C2D24D005B0F0BD24F48844A4B2B4F5B9
S214013F20084FF7D1BDF806000EF07DFCBDF806106F
S214013F3010F003FB0028A8D0BDF806000EF0CBFC5D
S214013F400022014602200CF0A2FBE3E724F4806481
S214013F50A4B2B4F5484F97E7B4F54C4F94E7B4F5DF
S214013F604C4F92D04CF6500301E04CF640439C4235
S214013F708AE700BFB8D102004A5800202DE9F04177
S214013F800F4690460646FEF79BFE04463046FEF771
S214013F90B3FEC5B2083D2C44084BE1781970084BB6
S214013FA0A2781A70314643463A4600200AF0BFFE10
S214013FB0003818BF0120BDE8F08100BF096F00205E
S214013FC0086F002070B50B4B1C780B4B0022D5B246
S214013FD0AC4202D80C70002009E01E88864202F12D
S214013FE0010205D30D701B881B1A5842584170BD3B
S214013FF01233ECE79A6D0020F45700202DE9F04FBC
S214014000DFF84081DFF8409198F8002099F80030F9
S2140140109A4285B0064604D343484FF48A710AF0A3
S214014020F5FC0DF10F013046FFF7CCFF20B13E48FD
S21401403040F217110AF0EAFC98F800709DF80F405C
S2140140403D1B15F0FF0530D0384B394A1B78184612
S21401405099F8003001214FF0FF3CA1400CFA03FC17
S214014060002301F1FF3E01934FF6FF79C1F1000AEB
S2140140709DF80430984243D812202E4B04FB0000D2
S214014080A0F1120105EBC5025200194404F1010921
S21401409018440DF0F4F84FEA89092748A9F10401FC
S2140140A00144AA0048440DF0EAF8224904EBC40290
S2140140B001EB420321F81260204A1278DA731A746F
S2140140C05A7412025A801E4A12781A7110225A71B4
S2140140D000229A73C3F80620C3F80A20164B01374C
S2140140E043F824204FF6FF710D2088F800700CF07D
S2140140F0CEFA0EB910F08FF8204605B0BDE8F08F65
S21401410013884B450AD053680AEA030B03EA0E03E9
S2140141100B4403EB4B0343EA0C035360019B01334F
S21401412008320193A4E700BFCBD102001814002087
S2140141304C4A0020F4570020484A0020096F00200E
S214014140EF6E00209A6D00201614002010B5074C63
S2140141502046FFF783F804F02BFA02F065FD2046AF
S2140141604FF47A51BDE81040FEF7DCBF481200203C
S2140141702DE9F0410B4B0C4E93F8008007460025C5
S214014180ECB2A04503D8FF242046BDE8F081082202
S214014190B11D38460DF063F801350028F4D012360B
S2140141A0EEE700BF9A6D0020F457002007B50DF129
S2140141B00701FFF707FF30B19DF80730034803EB0F
S2140141C0C30300EB430003B05DF804FBF457002083
S2140141D02DE9F843294E33785D1E2D1A8342044695
S2140141E0EDB204D8264840F23F110AF00FFC254AEA
S2140141F092F800C0244A01231278A3405F1E4FF0B4
S214014200FF3090403B44214A00214FF6FF7E6FEA83
S2140142100308CBB29C4523D8BDB127B204EBC40436
S2140142201B48640005EBC50204F11201014452006B
S21401423020440DF024F8BF001648AA00391D014499
S21401424002F0FC0238440DF01AF83378013B337063
S214014250BDE8F84300224FF6FF710E200CF017BAA6
S2140142601388734507D0536808EA03093B4003EBFC
S21401427059030343536008320131CAE79A6D00209F
S214014280CBD1020018140020161400204C4A00203E
S214014290F4570020484A002010B50A4C207858B937
S2140142A0094B1B781A2B03D9084894210AF0AEFB58
S2140142B0074B03221A7010BD0138C0B2FFF788FF02
S2140142C0ECE700BF9A6D002016140020CBD1020047
S2140142D0966D00202DE9F04705460EF0B9FFFF2840
S2140142E0044624D1DFF888901F4B99F800201B78EC
S2140142F09A422BD22846BDE8F047FFF77FBE3888A2
S2140143003B79504518D86F2B4FEA131214D85B0728
S21401431010D0123708F1010899F800105FFA88F6F4
S214014320B142ECD8114A0023DEB28E4214D32046A5
S214014330BDE8F087022AECD910F0CDF80028E8D1C4
S21401434029463046BDE8F0470EF08FBF074F4FF0C5
S21401435000084FF6F77ADFE710798F2803F101039B
S214014360EED81232E0E700BF16140020F457002002
S2140143709A6D00204FF6F773984210B514D8FFF7E0
S214014380A9FFFF2810D0134C00B200EBC00004EBCD
S21401439040040AF0DAFE104938B962880B7802EB5D
S2140143A00313A3EB1213638010BD227C637C097890
S2140143B0E2739A422374617407D98B4203D213467F
S2140143C08B4228BF0B461B02EDE78A42F8D3134601
S2140143D0F9E700BFF4570020096F00202DE9F041EE
S2140143E00F4DDFF8408006460F46002498F800304F
S2140143F0A34201D8BDE8F0810822294630460CF0D8
S2140144002EFF40B935F8063CBB4204D02046FFF7E4
S214014410DFFE013CE4B20134E4B21235E6E700BF48
S214014420FA5700209A6D0020F8B5054608460E4654
S214014430FFF79EFEFF2830D01D4B294653F820700B
S2140144403046FFF7CBFF2846FFF744FFFF28044618
S21401445025D110F05BF8FF280AD1164C207838B128
S214014460EEF7B4FD2378B0FBF3F202FB1300C0B203
S21401447029460EF0FAFE044623B20F4D03EBC303A2
S21401448005EB430508223146A81D0CF0F8FE2B79F2
S21401449003F00F032B712046F8BD0027D3E7074B27
S2140144A01B78002B024B18BF002743F82070E3E768
S2140144B0484A002016140020F45700203914002022
S2140144C038B50B4B1B78834204460D4604D8094881
S2140144D040F25B210AF09AFA074804EBC40400EBA9
S2140144E0440029460822BDE8384006300CF0C7BE15
S2140144F016140020CBD10200F457002070B50446F4
S21401450008460E460EF0A4FEFF28054610D02046AB
S214014510FFF72EFEFF2807D0084B1B7823B9084B60
S21401452053F8202043F8252021462846FFF7C8FFE8
S21401453031462046BDE87040FFF750BF39140020D1
S214014540484A00202DE9F8430026134DDFF8509025
S21401455080460127344699F80030A34210D83E43DE
S2140145600134E4B21A2C4FEA470705F11205F2D1DD
S2140145700A4B1B784FF0FF3098403043BDE8F88374
S2140145802B884345EBD028460EF0B8FE0328E6D824
S2140145902B796F2BE3D8E3E7F4570020161400209D
S2140145A09A6D002010B5084C00EBC00004EB4004E7
S2140145B023795B0707D120460EF0A0FE237923F06E
S2140145C007031843207110BDF4570020084B1878D4
S2140145D0084B0022D1B2884203F1120300D870477B
S2140145E013F80D1C21F0100103F80D1C0132F1E740
S2140145F09A6D0020F45700202DE9F047DFF860900F
S214014600DFF8608099F800400226122700250CE0AA
S21401461007FB05F3002138F803A050460EF083FE91
S21401462010B15CB1013CE4B2013599F80030EAB250
S2140146309342EDD8A34204D14FF6FF7A5046BDE827
S214014640F087EEF7C3FC99F800301B1B012E90FB98
S214014650F3F202FB1300C4B2EED00126D6E700BF88
S2140146609A6D0020F4570020F0B5134B1B780646D0
S214014670FBB11248DFF84CC090F800E0104807780C
S21401468000251F44E8B2864501D80020F0BD7C1BFA
S21401469094FBF3F003FB10440CEBC4003CF83440ED
S2140146A0B44204D1002AF1D184788C42EED001358F
S2140146B0E8E71846EAE700BF18140020E84B002098
S2140146C0986D00204C4A002070B50AF089F9104E0A
S2140146D0104932880B7830809B1A03449BB214250C
S2140146E0B3FBF5F405FB14330B700B490B78E2B200
S2140146F093428ABF9B1A0023DBB20B700749032A39
S2140147009DBF0B68D200D34000230B6070BD00BF75
S2140147104E580020F16E0020976D0020E84B0020D7
S214014720084B1868084B1B78C2B29A4208D2074B4E
S2140147301B78C0F30720984234BF00200120704741
S21401474001207047E84B002018140020F06E00206E
S214014750F8B505461746FFF7E3FF064610B9184BAE
S2140147601A783AB9212001224FF6FF710BF08FFF1C
S2140147700020F8BD1348DFF854C003780133B3FBBB
S214014780F2F402FB143303700F48DCF8002020F823
S214014790335000EBC30402F10132A1703846CCF865
S2140147A00020FFF7CFFEE67060600EF0E7FBA84240
S2140147B001D10120DDE7E3780133E370F9E700BFBB
S2140147C018140020986D00204C4A0020E84B002069
S2140147D010B50B4C0B4A2378063B13700AF000F910
S2140147E0094B1880094B0A4800221A602278FF21DB
S2140147F0D2000CF05EFD074B04221A7010BD00BFFC
S21401480018140020F06E00204E580020E84B0020BF
S2140148104C4A0020976D00202DE9F84307460AF020
S214014820DBF805461B480EF019FB1B4B60B31C68F2
S2140148303C1B2C44A4B2194BDFF868901B78184D2A
S21401484099F8006003EB830305EB430500225FFA4A
S21401485082F846450AD9AB88A34205F10A0016D963
S214014860B21A0A235A4329460CF009FD013689F883
S2140148700060AC80B8F1000F03D106483946FEF758
S21401488051FC2846BDE8F8831D603C46D3E701325B
S2140148900546DCE768120020A8540020F36E0020CD
S2140148A054570020F46E00202DE9F74F0AF094F8D3
S2140148B0DFF8BC902B4EDFF8BC80317898F800E02A
S2140148C0294D1FFA80FC0746B9F80000ACEB00033F
S2140148D09BB200240093A0EB0C0001EB810305EBD7
S2140148E043037246A2460190A3465FFA84FCF44550
S2140148F01AD3BAF1000F00D03170724504D20020ED
S21401490088F80020FDF70EFB98F800303BB33378AB
S2140149101648C9F800700A2202FB0355A98803B09D
S214014920BDE8F04FFEF7FEBBB3F804C0009884451F
S21401493010D893F802C0A3F804B00CF1FF3C013183
S214014940013A83F802C0C9B2D2B24FF0010A0A3363
S2140149500134CAE701988444A3F804C0F7E703B01A
S214014960BDE8F08FF36E0020545700206812002037
S214014970A8540020F46E00201FB51B4A1B4C137868
S214014980013BDBB213702068616801AA03C221896A
S2140149901180174A127813440A225A4304F10A0175
S2140149A020460CF06CFC9DF8063013F00F010BD17D
S2140149B01B09BDF8040008BF9DF80C10002204B0C6
S2140149C0BDE8104002F086BCBDF80800FFF724FFE2
S2140149D08288ADF8082001AA034603CA1288186027
S2140149E059601A8104B010BDF36E002054570020A0
S2140149F0F46E0020F8B5094D094F0A4E00243B78A5
S214014A003178E2B20B449A4204F1010400DBF8BDAE
S214014A102846FDF77BFF0A35F1E700BF5457002013
S214014A20F46E0020F36E0020F8B51E46114B0746C3
S214014A300D46104610491A78104B09781B780B441E
S214014A40934206DB1F204FF6FF710BF020FE00207D
S214014A50F8BDFFF7E1FE013507808570044609F0D1
S214014A60B6FF6623E080237200206672FDF75AFACD
S214014A700120EDE715140020F46E0020F36E0020EF
S214014A802DE9F047DFF86880DFF8689098F8007045
S214014A9099F800501449844607EB050E00230A22B4
S214014AA0DCB274451DDA02FB04F6013331F806A0C8
S214014AB0E24501EB0600F3D1631CAEEB03030A36B5
S214014AC05A4331440CF0DBFBA5428BBF05F1FF35A1
S214014AD007F1FF3789F8005088F800700CB9034BCE
S214014AE01C70BDE8F08700BF54570020F26E00200E
S214014AF0F46E0020F36E0020044B054A1B781278F2
S214014B00D3420CBF01200020704700BFF36E002087
S214014B10F46E0020024B1878003818BF0120704749
S214014B20F36E002008B50A4B0A48002119700A4B9B
S214014B3019700A4B19700A4B1A7802EB820252005E
S214014B400CF0B7FBBDE808400648FEF787BB00BF80
S214014B50F46E002054570020F36E0020F26E002001
S214014B60151400206812002010B50B4C23784BB1A9
S214014B700A4802F099FC58B1084B012118880EF03A
S214014B80EAFA08B9002010BD054B01221A70FAE7AF
S214014B90FFF7F2FEEAE700BFF36E0020545700204D
S214014BA0F26E002010B50E4B1B78BBB10D4C23885E
S214014BB083424FF0000311D10B4A2172137049B999
S214014BC0A3781033A3700EF08CFD18B9A37823F0E8
S214014BD00F03A370FFF7D0FE012010BD1846FCE7B7
S214014BE0F36E002054570020F26E002010B50446E4
S214014BF00146082209480CF042FB237B022B0AD807
S214014C00002B14BF3122012205490B709423CB736C
S214014C10044B1A7010BD00230122F5E75A580020F4
S214014C2056580020A06D002070B5064692B00D467D
S214014C300020C97AFCF7B0F958B395F90A000EF0CE
S214014C4058F9044638BB154BEA7A83F85820AA7AF5
S214014C5083F85A2001466A46FDF75AF94FF6FE7365
S214014C609E424FF0000118BF2B89ADF8066008BFC1
S214014C704FF6FF736A460846ADF80430FDF728FC88
S214014C8028B9074B2A895A80204612B070BD0224E3
S214014C90FAE78A24F8E78B24F6E700BFC85300201A
S214014CA056580020014BD873704700BF5658002055
S214014CB0014B1878704700BF5658002010B5054CB8
S214014CC02378112B03D00448DB2109F09FFE4123F2
S214014CD0237010BDA06D0020D6D10200064B1B78B4
S214014CE0042B014604D1054A137C0533137470471F
S214014CF00348FEF717BA00BFA16D002056580020E2
S214014D008812002008B50648FDF700FE0548FDF7A5
S214014D10FDFD0BF017FDBDE8084000F06DBF00BFBC
S214014D204A5800208E580020064B1878332806D0A3
S214014D3000F0EF00A0F143035842584170470120AC
S214014D40704700BFA06D002008B5084B00224FF643
S214014D50FE701A700EF01EF94FF6FF700EF037F95E
S214014D60034BD87BBDE808400AF047B8A06D002089
S214014D70565800202DE9F0438BB007469DF8489021
S214014D80154698460E4649B9104605AC0FF0E4FBA9
S214014D9021460FF0C4FB932818BF2646B9F1000F31
S214014DA00AD1124B1B781BB928460FF0E2FBD0B98B
S214014DB0284608F033FE02E028460FF0DAFB80F0C2
S214014DC00104E4B29DF8503002939DF84C300394F0
S214014DD0CDE900932A464346314638460EF0F8FAA6
S214014DE00BB0BDE8F0834C46ECE700BF9C6D00209D
S214014DF0014B00221A7470475658002008B500204F
S214014E0008F0CEFF024B00225A609A605A8008BD15
S214014E105658002010B5144B1B78033B012B16D8AF
S214014E20124BB3F868204FF6FF739A420FD1032056
S214014E30FEF730FB01F0EAFEFFF7E0FF0020FCF78B
S214014E4067F878B1BDE8104000200DF0FCBDFEF714
S214014E5011FB0446FEF708FB0146204606F0ACFEB1
S214014E600220E5E710BD00BFA16D0020C853002059
S214014E7008B5114A114BD8731378032B1BD0D3B145
S214014E80332B01D0432B10D10D4B1B78033B012B49
S214014E9005D803231370BDE8084009F0AEBF09F03A
S214014EA0ACFFBDE80840FFF7B5BF21231370BDE88E
S214014EB0084001F011BD08BDA06D00205658002025
S214014EC0A16D002008B50348FEF7C8F9FFF796FF65
S214014ED0702008BDA84B002038B5114D2B788342B1
S214014EE018BF287004460CF095F880B124B9204606
S214014EF00CF092F802220DE001200CF08DF82B78D0
S214014F001A1F012A05D9062BF4D1032202E0002C30
S214014F10F5D101220021BDE8384008460EF087B9D8
S214014F20A16D002030B585B0044668460D460EF0EA
S214014F3039FA94B100212846144A0EF025FB144B89
S214014F4020681B788DF80430124B61681B788DF849
S214014F50053002AB03C305F025F80F4B93F8582034
S214014F6093F85A308DF803208DF802300EF023F8AE
S214014F70ADF800000EF002F81023ADF80600072287
S214014F8069460020FEF7E4F905B030BD00F8FF07DA
S214014F900D140020A16D0020C853002010B50F4B42
S214014FA01A780F4B0446002083F85820FBF7B0FF11
S214014FB010B100200DF047FD00210846FFF7B2FFB3
S214014FC00CF01AF82046FDF7BBFA9B2009F015FFF6
S214014FD0044A00231380044A138010BDF56E002096
S214014FE0C8530020325800203058002010B5014622
S214014FF004460020FBF7D0FF90B10C4B1B78023B18
S214015000032B0FD80A4B1C70FCF7DAFD60B9094A6E
S2140150100949FCF7DBFF002814BFA120002010BDC2
S2140150208A20FCE77020FAE73D20F8E7A06D002013
S214015030F56E0020F57701009D4F0100F8B5064694
S214015040FCF7BEFD044668B9FBF762FF50B1064D9A
S214015050204695F8587085F858600DF0F4FC10B1AC
S21401506085F858703D20F8BDC85300201FB504468A
S21401507068460EF097F99DF805305A1E052A09D89C
S214015080054A9DF804101278914203D1237000203E
S21401509004B010BD9320FBE70D1400202DE9F0416C
S2140150A0274B1D78022D80460E46174606D0032D47
S2140150B043D118B9234B1B689B073ED43320FEF718
S2140150C0E9F901F049FAB6F1006F36BF1E4B052229
S2140150D01A7831460620FEF7C7FD10F0FF0425D1E9
S2140150E01A4D01202C7300F0E3FD0DF064FF68807B
S2140150F02846B8F1000F0DD0022300F8043B0EF04D
S214015100D5F96C73AF73394630460BF0F9FA204681
S214015110BDE8F081012300F8043B0EF0C7F96C737B
S214015120AF73394630460BF0EAFAF0E72846FEF749
S214015130B1F9B8F1000FF4D0E5E77024E7E700BF56
S214015140A06D0020FC4B00203A1400205658002089
S214015150034B187818B9034B034A1B78D05C704789
S2140151609F6D0020A16D0020B2D2020038B5437BAE
S214015170DB07044603D590F909000BF03CFF104B02
S214015180002583F859502079FFF758FFFFF7E0FF15
S2140151906188248803462246284608F007FE04460E
S2140151A020B19420FFF764FE204638BD054D064821
S2140151B09423C821EB73FDF7B5FF03232B74F3E7A4
S2140151C0C85300205658002088120020F0B5184D0C
S2140151D093B00646A5F868000C4605F16A0709BBB8
S2140151E0C5F86A10796000216A460846FCF790FE09
S2140151F0D5F86A30CDF8123000217B68CDF816302C
S2140152006A460846ADF81060FDF762F9B5F8680021
S2140152104FF6FF73984203D014B106490BF073FAA8
S21401522013B0F0BD082238460CF029F8DBE700BFC2
S214015230C8530020325400202DE9F041DFF8BC802D
S2140152401F4698F8003005460C4616461BB17025D9
S2140152502846BDE8F081531E052BF8D8FCF7B0FCB4
S2140152600028F4D13B7B032B14D14FF6FE739C42EE
S21401527012D1012E09D0022EE9D10DF07FFE4FF694
S214015280FB73984203D80DF079FE044604E00EF055
S214015290BAFAFAE7012EDAD0EDB939462046FFF719
S2140152A0C3FC05460028D3D198F80030332B03D031
S2140152B0532B1CBF0F4B98733046FFF70DFE002192
S2140152C04FF6FF70FFF782FF0B4B1B78002BBFD00A
S2140152D00FF028F9BCE7397BCB1E594206F1FF32A5
S2140152E059415042504105F03DFE05460028D4D0B4
S2140152F0AEE700BF565800203B140020A06D0020EA
S214015300F0B51E46184B074687B00C4601F114004F
S21401531051F8045B43F8045B8142F9D1098819808E
S214015320D4F80E00D4F8121023886D4603C5ADF8E4
S214015330083023798DF80B3000238DF80A208DF87C
S2140153400C303A466B464FF6FE710120FFF774FFAC
S21401535040B96846FFF74AFC2046FFF707FF08B941
S214015360024B1E7007B0F0BD68580020FF6E00208B
S2140153701FB5144B1B88DB07044607D44FF6FF7096
S2140153800021FFF723FF002004B010BD0A231A46B0
S21401539001A90120FDF7DCFFBDF80C204FF6FF73D5
S2140153A09A42EBD00822FF2101A80DF097FD0028B4
S2140153B0E4D10CB90120E7E7BDF80C0001A9FFF71D
S2140153C005FFF7E78258002038B50C4615460DF064
S2140153D0E1FD02F0DDFF29462046FFF7F7FE00F06B
S2140153E061FC48B1054BDB790E2B28BF0E23013338
S2140153F0DBB2034A137038BD0123FAE76858002070
S2140154000C6F002030B5012087B0FFF7B1FF154AB9
S2140154100446516810686B4603C384B904F0D0FD96
S21401542002A80DF0BFFFBDF80E004FF6FF7522462D
S2140154302946FFF7C9FF0BF06AF907B030BD0A4AE3
S214015440D2F86A00D2F86E10B2F868506B4603C301
S21401545004F0B6FD02A80DF0A5FFBDF80E006A46E1
S214015460E6E700BF75530200C853002037B5334B3B
S2140154701B7804461BB17024204603B030BDFCF7F0
S2140154809FFB0028F7D100F01DFC14B12C4B22889D
S2140154901A800DF10700FFF7E9FD00284AD10DF04B
S2140154A0F6FF04460028E7D1264D9DF80700FFF7D2
S2140154B013FD2B78033B012B27D82046FFF758FF17
S2140154C018B3FFF79FFF01F009F8FFF7A3FC0120CF
S2140154D00FF01BF980BB1A4B1B889A0707D51A4990
S2140154E00522012003B0BDE83040FFF7D7BD174DB8
S2140154F002230B2229460120FDF72AFF2B885B0792
S214015500BAD5204600F0FEFFB6E72B78053B012B07
S214015510B2D8FFF777FFFFF77DFC2B78052B0CBF82
S21401552004200520FDF7B6FF012003B0BDE830409A
S2140155300FF0EBB893249FE704469DE7A06D00208B
S21401554082580020A16D002000F8FF072E58002089
S2140155502DE9F743694D6A4E0123074668486B7388
S2140155608846144600F04EFB0BF047FD38B9012F74
S21401557001D9042F10D12146404609F074FC1020B1
S21401558000210EF0F4FF002800F0B080002003B0E8
S214015590BDE8F043FCF7C6BC002CF0D1594B1B7894
S2140155A0212B03D0062B01D0532B02D101F094F905
S2140155B0E5E7FDF7DFFF0028E1D000F073FB38B91F
S2140155C02B7B002B0CBFAB209420FFF751FCD6E7BA
S2140155D04D4B0193304600F015FB20B14B4840F689
S2140155E0690109F013FA4549307B01AA0BF0C3FCA7
S2140155F095F80080B8F1000F03D14148FFF7B6FDDA
S214015600BDE7DDF804900DF0B9FC737BDB070446BB
S21401561003D596F909000BF0EEFC0DF0AFFC3C4B00
S2140156203C4F18800DF0C7FC3B4B1880FDF71CFF64
S2140156303A4B1880FDF71EFF0822014638480BF04A
S2140156401EFE0DF07BFC374B18703079FFF7F6FC29
S21401565070880021FFF7BAFDFDF78CFF60B1631E6D
S2140156609BB24FF6F672934206D90EF0CCF8B7F815
S214015670683083420446F8D020460DF08BFC308813
S2140156800DF0A5FCB7F868004146C847044608B9BE
S21401569018209AE7B7F868100DF004F9002387F888
S2140156A059302B7803F0FB03022B02D020460DF075
S2140156B07FFE00231A4619462046FFF7B5F998B132
S2140156C09423EB73184B1B78042B06D11748C8217B
S2140156D0FDF728FD03232B7451E714484FF4167188
S2140156E0FDF720FD0023F6E794206EE7FFF712FA98
S2140156F000287FF44BAF03B0BDE8F0835658002076
S21401570068580020A06D0020C9340200D6D10200DE
S21401571054580020C85300205258002050580020EA
S214015720F66E0020FE6E0020A16D0020881200207B
S2140157307FB5194E194D00243278E3B29A4201D84A
S21401574004B070BDB5F868204FF6FF739A421AD0C0
S214015750134B1B88DB0714D5124AB5F8683010685E
S2140157605168ADF80C3001AB03C30A231A4601A9F0
S2140157700020FDF7EDFD0C4902230B220020FDF76A
S214015780E7FD0134D8E70748002208210DF0A6FB03
S2140157900028F6D1DCE700BF17140020C85300200C
S2140157A082580020325400202E58002010B500F0F8
S2140157B0D3FE01F0F1FBD8B10E480F4CFDF74EFDBC
S2140157C00E48017A0E30FFF7ADFB23781BB100F0CF
S2140157D0FBF9002323700A4B00221A73FFF71AFB0A
S2140157E007F01EF900F01AFFBDE81040FFF7A0BF52
S2140157F010BD00BF88120020FF6E002068580020F0
S2140158005658002010B52548FDF728FD01F0C4FBC9
S21401581030B1234B1B781BB9BDE81040FFF7C6BF5C
S21401582001F0BAFB78B11F4C237C83B11B48C82119
S214015830FDF778FC237C013B23740021BDE8104072
S2140158400846FCF7D9BBFDF795FE0028EBD1FDF71E
S21401585091FE154B1B7858B9112B03D003F0FD03AD
S214015860412B19D10F4BBDE81040D87BFFF700BB89
S214015870332BF7D10D4B18880DF08CFB0C4B188889
S2140158800DF0A5FB0B4B0C491888FFF79FFC0B4B43
S2140158901878FFF7D3FBE5E710BD00BF881200209C
S2140158A09C6D002056580020A06D00205458002002
S2140158B05258002050580020F66E0020FE6E002040
S2140158C02DE9F04F85B00F4602AD0446294638460D
S2140158D091460FF036F84FF0000B82463846CDF869
S2140158E004B00DF095F84678022C804606F00206C4
S2140158F009D85CB1FDF73EFE044600283CD1734B47
S21401590001241B7859E0043C022C2ED9FDF732FE07
S21401591038460CF0F6FF0024DFF8B4A10546A04691
S21401592038460DF075F850F8093001930DF1050071
S2140159300CF038FF9DF807B00746B8F1000F09D004
S214015940BAF1000F06D06249082250460BF087FCD8
S214015950002851D1BBF1000F34D14FF6F7739F42A7
S21401596030D99420FFF784FA46E00DF06AFDFDF782
S21401597001FE0446F8B15C464EB1564B1B78012B2E
S21401598002D0043B012B0BD805B0BDE8F08F4F4B7E
S2140159901B782BB14F4B1B7803F0FB03022BF3D084
S2140159A0BAF1000F404608BF00250EF0BDFF4FF0CC
S2140159B001088246B4E7454B1B78002BF0D0002E39
S2140159C0EED1E1E7DFF8049199F8003003B11EB398
S2140159D014B3414B1B78022B1ED1BBF1000F14D11F
S2140159E038460DF0D7FA58465946FFF79BFA07F0A6
S2140159F017F8992009F001FA0020FBF789FA002828
S214015A00C2D000200DF01FF8BEE7FDF7B3FD48B188
S214015A103248FDF723FCA4E7FDF7ACFD10B1BBF15E
S214015A20000FF5D1FDF7A6FD0028E5D02846FEF7C4
S214015A309FFBFF28DFF8A0A0294C03D09AF800307E
S214015A40012B04D1B4F868002946FEF7EDFCFEF7F9
S214015A50A9FD2A46B4F868103846FFF7B5FC214B75
S214015A60214A93F906301B0213809AF80030012B65
S214015A7018D0312B14BF432311238AF800301B4B57
S214015A8016481968134CFDF74DFB00F027FD99F8F1
S214015A9000100023237439B91048FDF743FBAD23EA
S214015AA0E373A9E71123E8E7B8F1000F03D016B1B5
S214015AB0FFF77CFEF3E70E4B1B78042BEFD107486C
S214015AC00521FDF72FFB09232374E8E79C6D0020D1
S214015AD0E46E002056580020A06D00208812002099
S214015AE0C85300206858002080580020A8120020C3
S214015AF0A16D002070B508468AB00D460CF088FFEF
S214015B00092200210646FBF78FFD044628460CF0C5
S214015B10F8FE0DF10703052202A928460AF0FCFD4E
S214015B2002281AD09DF807301C44E4B204F1100292
S214015B300023D2B229460120365D09F0F8F860B19B
S214015B40022E0AD1064B1B78012B06D1054B18787D
S214015B5018B922462946FFF7B3FE0AB070BD00BF4A
S214015B60A06D00205658002008B5FDF777FB024BC4
S214015B7000221A7008BD00BF946D002084B010B5D5
S214015B8002AC84E80F000F4CBDF8082063889A42E7
S214015B9004D00020BDE8104004B070470822211D43
S214015BA00DF116000BF05BFB02460028F1D108212F
S214015BB0201D0DF093F90028EBD16088003818BF3E
S214015BC00120E7E756580020034A044800231380C3
S214015BD0034A1370FDF742BB84580020AC12002024
S214015BE0016F002008B50348FDF738FBBDE8084003
S214015BF0FFF7EABFAC1200200148FCF787BE00BFE2
S214015C008458002037B5054698B10C4B1B7893B1E4
S214015C1000210B480CF04BFF00240146162300948C
S214015C20224628460DF067F8064B20461C7003B046
S214015C3030BD0220FBE77020F9E700BF016F0020AE
S214015C4084580020006F0020F7B5054618B3134CA2
S214015C5013482378124F0133002123700CF027FFDD
S214015C6000260146237819B9013B237001200AE07A
S214015C70F2B2934209D10024009416232246284604
S214015C800DF039F8204603B0F0BD38460CF065FF3C
S214015C9001360146E6E70220F5E700BF006F002067
S214015CA084580020014B1878704700BF016F002010
S214015CB025289DBF024B187000200220704700BFA8
S214015CC03C14002007B5012318460D220DF10701EB
S214015CD0FDF73EFB9DF80720024B1A7003B05DF8F6
S214015CE004FB00BFEA13002084B010B502AC84E8C0
S214015CF00F002548089C08220DF116010BF0AFFA9B
S214015D0038BB9DF815309B0705D4204B1B7803F054
S214015D10FD03312B23D11E496378097803F00F0266
S214015D208A4203D0012928D1022A18D12278B2B991
S214015D301B09022B13D194F90230002B21DB154BE2
S214015D40B3F86820BDF80A309A4208D1FEF7ECFF96
S214015D5006E00D48002208210DF0C0F820B9002009
S214015D60BDE8104004B070470B4BBDF808205B88B7
S214015D709A42C6D0002BC4D0F1E70229EFD1012AFE
S214015D80D3E70120ECE700BF5A580020A06D0020A1
S214015D900D140020C85300205658002084B02DE969
S214015DA0F04F89B012AC84E80F00DFF84CC1504BBD
S214015DB0BCF802009DF84D909DF95220BDF860E0B8
S214015DC09DF865A09DF966509DF868709DF96A106A
S214015DD0BDF848B09DF94E809DF850601B7810F0D4
S214015DE001042DD09DF86D00C0F34004C0F380007F
S214015DF0002B41D03F4B1B78012B00D1F4B1C0B131
S214015E009CF800301E335BB2AB42ACBF00250125C7
S214015E109845D4BF00230123AB4209D1914208DC47
S214015E200CD1B81BC0B280288CBF0020012000E036
S214015E30284609B0BDE8F04F04B070470020F8E7E7
S214015E40840718D5C3B1490814BF012000205208A1
S214015E5014BF012300238342EBD1BB1BDBB2802B93
S214015E600AD9BE42EAD1A84506DBE7D1D1452CBF07
S214015E7000200120DDE70BB90120DAE7BE4216D08B
S214015E8018AD0FCD02AC0FC495E8030044F8040B1F
S214015E902180DDE9160112AB0090ADF804100FCB9E
S214015EA00BF062F80028E7D1BE42BAD1C1E7F3454C
S214015EB018D00DF1700B9BE8030018AC0090ADF8FC
S214015EC0041094E80F00FFF759FE0028D4D19BE890
S214015ED003000090ADF8041094E80F00FFF74EFEA3
S214015EE00028C9D1A845C7DBCAD1D145C4D3C7E765
S214015EF0016F0020A06D0020EA13002084B02DE978
S214015F00F04F8FB06A4E18AC08AD84E80F00162229
S214015F10002128460BF0CDF933783BB90024654BB8
S214015F2032781B789A4239D2002726E06248DFF899
S214015F30889100210CF0BBFD00270446B846002CD2
S214015F4045D13FB15C48224639460CF02FFE3378E6
S214015F50013B33703378002BE0D05748DFF858B157
S214015F6000210CF0A4FD4FF0000980464F46CA46BA
S214015F70B8F1000F6CD1002FD1D01621002218A83D
S214015F800CF07EFD014648B1002F00F08B804A4898
S214015F9022460CF0B9FD337801333370454B327825
S214015FA01B789A4207D94448002201880CF0FEFD6E
S214015FB03378013B33703378012B03D13F49404896
S214015FC0FDF7B0F80FB0BDE8F04F04B070470022FF
S214015FD02146CDF80080162328460CF08CFE1622AA
S214015FE0294618A80BF03BF90028EBD09DF8642051
S214015FF09DF824309A4225D1BDF86020BDF82030A6
S2140160009A421FD108220DF12E010DF16E000BF000
S21401601026F9B8B90DF1600CBCE80F0002AF0FC746
S2140160209CE8030047F8040B0EAB398013E9030024
S2140160300090ADF8041095E80F00FFF7AFFE0028BA
S214016040C0D02746214648460CF087FD044676E731
S214016050162300224146CDF800A028460CF04BFE40
S2140160600DF1600CBCE80F0002AF0FC79CE80300FF
S21401607047F8040B0EAB398013E903000090ADF826
S214016080041095E80F00FFF789FE074620B1B9F125
S214016090000F04BF44468146414658460CF05DFD5C
S2140160A0804665E704483A460CF007FD73E700BFF3
S2140160B0016F00203C1400208458002020BF0200FD
S2140160C0AC1200202DE9F04F9FB010AF002104461E
S2140160D0162238460E91CDE90C11CDF83B100BF087
S2140160E0E8F80DF11F03052216A920460AF014FB55
S2140160F00228804600F0FD8020460CF089FC06460A
S2140161000CF050FB8146F01C0CF04CFBADF8400047
S214016110701D0CF047FBB8F1010FADF842002046A8
S21401612040F0EA800CF074FC05462046FCF7C8FDFA
S2140161300D352D1AEAB23B462146082008F0F7FD38
S214016140002800F0D68020460CF067FCB8F1010F5D
S2140161509DF84D30834640F0E88043F0010300256A
S2140161608DF84D3016AE04953388022B58D1F17850
S2140161700231C9B22046FCF793FF1B2850D1F178B3
S2140161800331C9B22046FCF78BFF192848D1F178B4
S2140161900431C9B22046FCF783FF4A2840D14FF0AC
S2140161A0050AF17801315144C9B22046FCF778FF5F
S2140161B0F17851448046C9B22046FCF771FF00EBE6
S2140161C0082083B200F03F02932B059240F09C809A
S2140161D096F80380D0445FFA88F808F10203DBB230
S2140161E004930023049A009321460F230CA80CF075
S2140161F082FD08F11101C9B220460CF0C9FD08F173
S21401620013010546C9B220460CF0C2FDADF84200A6
S214016210059B023353445FFA83FA33795345C0D85A
S21401622006360DF17603B3429ED19DF84D20C5F397
S214016230C03363F3410220468DF84D200CF07FFBFE
S2140162408DF8440020460CF06FFB8DF84500204683
S2140162500CF06FFB9DF832308DF84600C3F3C30295
S2140162608DF84720DDF83320CDF84E20BBF1190F0D
S214016270DDF83720CDF852208CBF9DF83E20002255
S2140162808DF8482003F003028DF84A209DF84D2032
S214016290DB0963F382026A4B8DF84D201B78022BD3
S2140162A058D1BDF840600CF086FE864252D108A84F
S2140162B00DF0FCF8BBF1190F49D908220DF14E017A
S2140162C008A80AF0CCFF00283ED1B9F5004F02D04D
S2140162D0B9F5624F0DD125F4404540F6FF739D4256
S2140162E007D1002208210DF14E000CF0F7FD002821
S2140162F040D01FB0BDE8F08F0CF08AFB0546204663
S214016300FCF7DEFC073514E7412B81D1F178023129
S2140163105144C9B22046FCF7C3FE4A4B1B78C3F171
S214016320B30318448DF8490072E76FF30003F01DBC
S2140163308DF84D300CF036FA0CA9054620460DF0C6
S214016340D7F80023049370E700F014FDBDE700F0D2
S21401635011FDCEE7B9F5004F02D0B9F5624FC8D1AD
S21401636025F4404540F6FF739D42C2D1BBF1190F9B
S214016370BFD9B6E7BBF11A0F06D004991F313A46CA
S214016380C9B220460AF0F6FD2F4C304D637BDBB1D7
S2140163902B78012B1DD1012323730CAB029314AC74
S2140163A094E803000090ADF8041097E80F00FFF79B
S2140163B09BFC90B194E803000090ADF8041097E8B8
S2140163C00F00FFF79BFD08E0FDF7D4F80028DFD0AB
S2140163D0E1E703F0FD03042BDDD02B78012B01D080
S2140163E0042B86D11A4BDDF84E001B788DF822302F
S2140163F0BDF84030ADF820309DF84D30DDF8521034
S214016400C3F340038DF823309DF8313003F00F03BA
S2140164108DF82C309DF848308DF82D3009AB03C32C
S2140164200C4B1B681BB1394608A8984761E79DF9D4
S21401643046209DF8451008A808F000FD59E700BF62
S214016440A06D0020086F002056580020EE6E002038
S214016450076F0020A054002010B508F0BDFA114BBC
S2140164601B78022B1CD1104A1468A04218D00F4981
S21401647010600A68121B10440D4A086012786AB14F
S214016480013A93403C2253434FF47A725343984265
S21401649006D9BDE810400320FCF7FCBF0A23F3E74A
S2140164A010BD00BFA06D0020F44B0020F04B002073
S2140164B009140020064B1B88DB0708D5054B002274
S2140164C043F82020044A135C63F00F03135470470B
S2140164D086580020C44A0020106D002008B508F038
S2140164E07BFA034B1860034B00221A6008BD00BFFD
S2140164F0F44B0020F04B0020014B1868704700BF9A
S214016500F04B002008B50C48FCF7A8FEFDF706F88E
S21401651080B10A4B0322B3F8681001200AF068FD27
S214016520074B05481B884FF47A715943BDE808406C
S214016530FCF7F8BD08BD00BFCC120020C8530020F0
S214016540D2130020034B1888C0F30E00003818BF82
S214016550012070472E58002008B5FFF7F3FF30B131
S2140165600449002002230B220880FCF7F1FE0020DC
S21401657008BD00BF2E580020024B1888C0F30E003D
S214016580704700BF2E580020084A0949002313709F
S214016590084A1370084B094A1B7843F0040313801A
S2140165A0012002230B22FCF7D3BE00BF046F00209C
S2140165B02E580020036F00200A1400208658002061
S2140165C030B585B00024114D019401210B230091B3
S2140165D08DF80C308DF80D000323B5F868008DF8A2
S2140165E00E4003AA0EF03DF968B1B5F868100DF03B
S2140165F054F840B1064B074805221A70064B642131
S2140166001C70FCF78FFD05B030BD00BFC8530020DD
S214016610036F0020EC120020046F0020064B1B784D
S214016620033B012B06D8054B1B781BB9044B187886
S214016630FFF7C6BF704700BFA16D0020026F0020A4
S2140166400914002008B51548FCF708FE144B197804
S214016650F9B9144A13787BB1013B1370124B1B78BE
S214016660042B02D10846FBF7C7FCBDE808400B48DF
S2140166704FF49671FCF756BD0C4B1B8803F00303D1
S214016680022B0AD1BDE80840094903220120FEF782
S21401669005BDBDE80840FFF7C1BF08BDEC120020EC
S2140166A0046F0020036F0020A16D00202E580020EB
S2140166B000F8FF07084B1A785AB1013A02239340B3
S2140166C04EF66022534303210448B3FBF1F1FCF775
S2140166D029BD42F21073F6E709140020EC120020DF
S2140166E070B505461748FCF7B9FD174B0122284639
S2140166F01A700EF0DAF8411C0446C9B22846FCF7B7
S214016700CFFCA11C0646C9B22846FCF7C9FC0F4CB3
S214016710022320800B2221460020FCF719FE86B9B1
S214016720238803F00303022B03D1FFF7D7FEFFF7FD
S214016730C1FF23885B0704D5BDE870400448FFF716
S214016740E1BE70BDEC120020046F00202E58002020
S214016750CC1200202DE9F0411A4C238886B005465C
S2140167604BB3DFF8688000214FF480700DF0D2FE45
S21401677098F80030DB071CD501212088FCF72AFB9E
S214016780074620880CF044F902300CF00BF803A9F8
S214016790064620880EF073F998F8003013F0020FC1
S2140167A018BF002500953B4603AA3146062008F08F
S2140167B099FA00232380044806B0BDE8F041FCF7AF
S2140167C04DBD00BF8A5800200C130020056F002025
S2140167D010B50446CA20FFF7BDFF01214FF48070B3
S2140167E00DF098FE58B1064B06481C80064B002259
S2140167F01A70064BBDE810401988FCF793BC10BD13
S2140168008A5800200C130020056F0020D6130020A4
S214016810044A137818B943F001031370704743F024
S2140168200303FAE7056F0020044B1B781BB9044AE3
S2140168301380FEF799B90020704700BFF26E002062
S2140168408858002030B501F0400387B0002B4FF088
S2140168500402054614BF012400248DF80C208DF88F
S2140168600D1004D004A90DF07BFE18B304ABCDE9DE
S214016870004303AA0223012128460DF0F2FF044635
S214016880D0B10E4BB3F868100CF00CF84FF6F77356
S2140168909D420AD90023322202212046FEF7C4F87F
S2140168A080F00100C0B207B030BD294620460CF08A
S2140168B0F4FEF5E70120F6E71820F4E7C8530020B8
S2140168C010B1034B1B880380024B1878704700BF3A
S2140168D0EE130020066F002010B5FFF73DFE04F012
S2140168E05BF90CF05DFD00200DF02CFEFBF768F95E
S2140168F008B1FDF765FA1F4C2378532B10D10323FB
S2140169000021012023700CF0DCFD0020FAF700FBCB
S21401691010B100200CF097F8BDE810400AF06CBBEF
S214016920062B01D0212BF0D101200CF096FD4FF65D
S214016930FE700CF02FFB4FF6FF700CF048FB0020AA
S214016940FEF7C0FA0020FEF7C7FAFEF757FA00F086
S21401695009FB0AF054FB2378212B02D1FEF7F4F948
S214016960D3E70020FCF796FD00214FF400400DF020
S214016970C5FBCAE7A06D002010B50A4C0A48FCF713
S2140169806DFC2378062B02D101200CF066FD2378DE
S214016990062B01D0532B03D1BDE81040FFF79CBF57
S2140169A010BD00BFA06D00202C1300202DE9F0477C
S2140169B0DFF8C08004460E461746FFF7CDFD98F86F
S2140169C0005015B97020BDE8F087212DFAD028486F
S2140169D00CF044FA0028F5D114F02004DFF898A052
S2140169E0DFF8989005F00F05394630461BD009F0C0
S2140169F089FE012D8AF80070A9F8006029D12123AB
S214016A0088F80030FFF768FF0020DCE7212388F8CC
S214016A100030FFF761FF00214FF6FE70FEF7D6FB50
S214016A20FEF786FEF0E709F06CFE012D8AF800708D
S214016A30A9F80060EAD0062321464FF6FD7088F8D3
S214016A400030FFF7FFFE0A4840F22621FCF76AFBFA
S214016A50E1E7532321464FF6FD7088F80030FFF733
S214016A60F1FE034840F22621FCF75CFBCCE700BFB1
S214016A702C130020A06D0020066F0020EE130020CE
S214016A80F8B50D46511CC9B206462846FCF708FB68
S214016A90044628460BF0BCFF054602300BF082FE8A
S214016AA0164B1B78022B074602D0043B012B23D83A
S214016AB0134B1B68580201D5A1061DD562061BD5CE
S214016AC0104BB3F86830B34216D16B781B070FD55D
S214016AD028460DF029FF0C4908220AF0C0FB58B9D8
S214016AE0314604F020000122BDE8F840FFF75EBF02
S214016AF00CF044FAB842F3D0F8BD00BFA06D0020F8
S214016B00FC4B0020C8530020E46E002073B50446F9
S214016B100D460DF021FDFF28034625D0134A1278B5
S214016B204AB1134A32F81020520404D50DF0F9FC8C
S214016B30002002B070BD18460DF006FD69460646F7
S214016B400DF00EFD40B1FCF799FC28B1002302229E
S214016B506946304604F0D6FF45F04001204602B0B3
S214016B60BDE87040FFF76EBE0120E2E79C6D002095
S214016B702858002038B505460BF04AFF044628463B
S214016B800DF093FE411CC9B22846FCF789FA42066D
S214016B900DD563781B070FD520460DF0C5FE0146BF
S214016BA000200DF0D7FCBDE838400DF0BABCBDE8BA
S214016BB038400248FFF7E0BE38BD00BF2C13002066
S214016BC038B54FF6FF75A842044617D00CF0F3F916
S214016BD0A04213D00A4B19884FF6FD7291420DD987
S214016BE0084A1288AA4201D0A24207D11C80064850
S214016BF0BDE838404FF47A71FCF794BA38BD00BF4F
S214016C00DC130020F0130020884B002008B5044850
S214016C10FCF724FB034B4FF6FF721A8008BD00BF3A
S214016C20884B0020DC130020024A13780BB1013B8D
S214016C3013707047926D002008B50CF0C8F9064B2A
S214016C4000214FF6FF7208461A80FEF76BF9BDE881
S214016C5008409A2008F0D1B8DC13002008B5FCF7EC
S214016C60FDFA0A4B1B78023B032B08D8084A10880A
S214016C704FF6FE7398424FF6FF7301D1138008BD9D
S214016C809842FCD0BDE80840FFF7D6BFA06D0020B3
S214016C90DC13002010B5084B1B78042B0AD00CF02F
S214016CA06DF90021044608460CF05AFC231A584296
S214016CB0584110BD0020FCE7A16D0020F0B589B059
S214016CC000260546CDE90566ADF81C600DF0EDFD24
S214016CD00A23024604460096294605A80CF00BF83E
S214016CE09DF815309DF814701F2B27D803A80CF0BB
S214016CF0DDFB08220DF1160103A80AF0B0FA0646DC
S214016D00E0B9092F1CD1FFF7C5FFB8B1154B1B78A9
S214016D10A3B1154B1A884FF6FD739A420ED9134C40
S214016D20134A23780433DBB223701278013AB3EBAB
S214016D30820F03DD58B208F0B2F9267009B0F0BD33
S214016D4004F10A01C9B22846FCF7AAF90CF02BFC9B
S214016D5004F10B01C9B228460CF01AF8FFF730FF10
S214016D60ECE700BF1B140020DC130020926D00200E
S214016D700814002038B5134B1B78033B012B20D990
S214016D80114B1B784FF6FF71ABB1104D2B888B4220
S214016D9017D10CF010F94EF6602104460C48FCF7AA
S214016DA0C1F94FF6FE732B8022460021BDE838401C
S214016DB009200CF006BC074A13888B421CBF01331E
S214016DC0138038BDA16D00201B140020DC130020A9
S214016DD0884B00202A58002008B50448FCF73EFAE4
S214016DE00021BDE808400846FBF706B94C13002011
S214016DF010B5044661B1FF210BF0ABFD0021204622
S214016E000BF0ADFD0BF06FFC014620460BF0ADFD1F
S214016E1021460348BDE8104000220BF04EBE00BFDD
S214016E208E5800202DE9F0410D46174604460BF01A
S214016E30EFFD0678284606F06FFD29468046204677
S214016E400BF030FD0CF09AF8A84206D1204601213D
S214016E50FFF7CEFF0120BDE8F0812846B8F1000F0C
S214016E600BD006F0DBFD58B915493A46204609789D
S214016E70BDE8F0410023FDF7D7BD0DF07AFBF2E740
S214016E8006F00306012E08D00CF078F800232246FF
S214016E90294602F097F90028D8D120460BF0BEFC0F
S214016EA0430505D520460021BDE8F0410CF053B955
S214016EB020460DF03CFBB0FA80F04009CBE700BF5E
S214016EC00714002010B586B004460DF0EEFC104BFA
S214016ED00246186819790290D3F805005B7A8DF896
S214016EE01430013200238DF80C10049000932146D3
S214016EF00523D2B204A80BF0FEFE052204A902A8BF
S214016F000AF0ADF9B0FA80F0400906B010BD00BF36
S214016F10E4D1020008B511480BF07FFF104B1B7837
S214016F20012B06D8FF200DF0D5FAFDF751FC0DF028
S214016F30F0FAFDF7B1F901F0C5FCFFF725FB0AF001
S214016F404EF80AF04DF8FDF7EDFD07F0A1F809F04F
S214016F50DBFBBDE8084002F033BC00BF88540020CC
S214016F600B6D002008B5F0F7E9FCFF2803D0094BAC
S214016F701B78012B06D900200DF0ACFAFDF728FC92
S214016F800DF0C7FAFDF788F901F09CFCBDE8084052
S214016F9002F016BC0B6D0020064B1878112806D09F
S214016FA000F0FD00A0F1410358425841704701200E
S214016FB0704700BFA06D00202DE9F8430446FDF799
S214016FC0AFFB18B100263046BDE8F8831A4BB3F87C
S214016FD068104FF6FF784145F4D020460BF062FC6E
S214016FE0164A0123128802212046FDF71DFD06469A
S214016FF00028E7D020460BF00BFD90F807900546D9
S21401700004300BF0CFFB07460BF0B8FF49460246AB
S2140170103846FDF79DFBA81C0BF0C4FB404502D18A
S2140170202046FFF7D5FB2B789B07CCD101212046C4
S214017030FFF7DEFEC7E700BFC85300208C580020CC
S214017040F8B507460BF0E4FC054604300BF0AAFB46
S2140170500646A81C0BF0A6FB044630460DF07CFA4B
S214017060304606F059FC2B789B0701D10BF086FFC2
S214017070AB790BB90320F8BD0BF080FFA0420CD111
S2140170800BF07CFF0446094B21461A783846FFF779
S214017090C9FE0028EED00020EDE7054B1B78052B36
S2140170A01CBF044BB3F86840EDE700BF8C580020C6
S2140170B0A16D0020C85300202DE9F0410646104678
S2140170C00D460DF0F2FBA0F11004E7B256FA84F477
S2140170D0EA1B214604F10E000AF0D1F82823F355E5
S2140170E0DFF8408098F80030637301F0FDFB611C07
S2140170F0024601200BF05CFB09490822601D0AF0DC
S214017100BEF898F800000DF055F805F10E0130466E
S2140171103B460022C9B201F093FC1220BDE8F08183
S214017120E46E00209B6D00202DE9F04F87B00446E9
S2140171300BF06EFC064620460BF0CDFB0746301DD5
S2140171400BF030FB8146B01C0BF02CFB384696F852
S21401715007A00DF010FA33789A0769D1214604206A
S21401716001F076FD002863D020460DF09EFB014617
S2140171702046FBF795FF83075AD120460DF095FB75
S21401718001462046FBF78CFF10F0030303934FD113
S2140171902046FFF797FE00284AD020460DF05EFCF9
S2140171A000F1010B05462046FBF7A6FD5FFA8BFBB7
S2140171B00BF10A03834264DA334A1068516804AB60
S2140171C003C3A91CC9B22046FBF76AFF594680468D
S2140171D02046FBF765FF05F10B0100EB08201FFABF
S2140171E080F8C9B22046FBF75BFF039B0093EA1CBD
S2140171F00823D2B22146834604A80BF07CFD204624
S2140172000BF069FB5A46414609F000FF012204A92A
S214017210404601F07DF9A0BB022009F0E2FE022003
S21401722009F0DFFE013003D104A94046F0F780FAE9
S2140172300BF0A4FE48453A46514607D10CF094F8A7
S214017240F8B907B0BDE8F04F0CF0DCBA48460CF0D0
S2140172508BF8B0B90D4B1B781BB9394648460CF074
S214017260F6F93A4651464846FDF772FA48B1317882
S21401727011F0030105D1204607B0BDE8F04FFFF736
S214017280B7BD07B0BDE8F08F75530200976D0020BB
S21401729038B50F4D2B78023B012B15D809F0B8FEF7
S2140172A0044698B9FFF7D8F82B78032B214604D16A
S2140172B001200CF006F9012038BD2046FAF79CFEA5
S2140172C0003818BF0120F7E79320F5E77020F3E7B1
S2140172D0A06D00202DE9F74306460D4614460BF037
S2140172E0A7FA0C28304645D10BF092FB0922002163
S2140172F0FAF79AF900F11001C9B23046FBF7D0FE51
S214017300042813D07C282BD0012840F0A78045B94B
S214017310132130460BF03CFD03B0BDE8F0430BF003
S21401732056BE03B0BDE8F043FDF762BD594B1B786E
S214017330022B40F0938045B9FFF71EF9C3070AD523
S214017340FFF7CCF8002C08BF3125284603B0BDE86E
S214017350F04307F0C2BDFFF7F5F80028F0D0F1E7DB
S21401736001213046FBF736FD294603B0BDE8F04360
S21401737007F04CBE0BF04CFB804604300BF012FAC3
S214017380074608F102000BF00DFA4FF6F773984224
S21401739004460CD8404A138801339BB213800BB9BC
S2140173A03E4A13801DB13D4A13880133138098F875
S2140173B0009009F00309B9F1010F1DD130460DF017
S2140173C074FA01463046FBF76BFE0B2809D00D28F0
S2140173D007D0042842D1304603B0BDE8F043FFF79A
S2140173E0C9BB2F4B1B78042B38D10021084603B0AC
S2140173F0BDE8F043FAF700BEB9F1000F2ED12946D9
S214017400304603F0A5FC4DB34FF6F7739C4225D8E2
S21401741098F8016016F00406204622D10DF06AF8AD
S214017420054620467DB10DF0A4F8034600BB00904A
S2140174300C22214638460CF07BFA0C2200230093DE
S2140174403946204608E00DF094F80346C8B9154AB7
S21401745000901278214638460CF06AFA03B0BDE86F
S214017460F0830DF086F8034678B900900B22F1E719
S214017470062200963346214638460CF059FA062273
S214017480DCE700952B460622E4E7CDF800904B4654
S214017490F9E700BFA06D00203258002030580020C8
S2140174A0A16D00203E1400202DE9F04F05888BB019
S2140174B0044628460BF0ACFA074604300BF072F986
S2140174C08246B81C0BF06EF905A9804628460DF0D9
S2140174D038FA28460DF0E9F9014606462846FBF734
S2140174E0DFFD3B78009003F00303012B0CBF8346BE
S2140174F04FF0FF0B07F06BFAE3880293637A019073
S214017500D90700F186800BF039FDA0EB0A02D2F113
S214017510000949EB0209FB790393504600F05AFF34
S214017520002879D1404600F055FF002840F08B80B6
S214017530FDF7BEFB8046FCF71DF810B9FFF72CFDE2
S21401754030B1A8F104085FFA88F8B8F1020F1BD928
S2140175500BF0FD03042B00F0B680FFF71DFD20B1F4
S214017560009B03F00303012B0ED0FBF7D7FF28B9CE
S214017570724B1B7803F00F03062B6BD1704B28461A
S214017580B3F868100BF08EF9BBF1010F66D12846EF
S2140175900BF072F94FF6FF73984240F09480002387
S2140175A007AA314628460CF0ADFF0746002845D00D
S2140175B042799DF82530934209D9711DC9B22846F2
S2140175C0FBF782FDA37823F00F030233A370EBF7DA
S2140175D0FDFC7E23B0FBF3F202FB130303F580737D
S2140175E0A3809DF8263013F0180F0AD0A3781B0746
S2140175F007D1B9F1000F04D17A7905A9504607F0F1
S2140176008DFC9DF82700003818BF01200BB0BDE89F
S214017610F08F4FF001097EE728460BF0F9F90230AA
S2140176200BF0C0F84FF6F773984207D9039B2BB9B6
S2140176302846FFF747FC00287FF474AFA37823F0B1
S2140176400F03A37008E040460CF095FF00287FF476
S2140176506FAFF3E72823A3800020D7E7BBF1020F23
S21401766054D1012307AA314628460CF04BFF804629
S2140176700BF084FCBDF8223098421FD1B8F1000F00
S214017680DCD0B8F802300122314628460CF038FF2B
S2140176902C4A13780133DBB2FB711370B8F8023051
S2140176A0BDF81E209A421FBFA37823F00F030233B2
S2140176B0A3704FF4C873A3800120A7E718460CF007
S2140176C05AFF0028DAD128460BF0D6F80BF049FC11
S2140176D0012808BF1C4BA27801BF1B7803EB83036C
S2140176E003EB83039B0006BFFA339BB2FA2312090E
S2140176F0A4D1DDE90121521A92B293429ED3EBF74F
S21401770065FC00F01F001030A080D5E7BBF1030F29
S214017710D9D1B9F1000FD6D0711CC9B22846FBF7F2
S214017720BFFC0C28CFD1FCF767FF4FF6FF739842DA
S2140177300146C8D028460BF0B5F8C4E7A06D002076
S214017740C85300209E6D0020151400202DE9F0413D
S21401775005460C460BF06CF8082802D10120BDE85E
S214017760F081201D0BF01EF80646284694F8078087
S2140177700BF0B1F8074628460BF050F8010612D573
S214017780184B1B78042B0ED1174B1B78022B0AD1F2
S214017790164BB3F868204FF6FF739A4203D00021C8
S2140177A00846FAF729FC124B1B78002BD6D1A01CF1
S2140177B00AF0F8FF4FF6F773984202D86378DA07B3
S2140177C00DD523789B070AD13A46414630460BF041
S2140177D0CBFD80F00100C0B200F00100BFE7012040
S2140177E0FAE700BFA16D0020A06D0020C85300205D
S2140177F00B6F00202DE9F04F9BB004460BF018F8F4
S214017800054620460BF014F808284CD12046ADF862
S2140178105840FBF771FABDF85820A0F11005EDB2FB
S21401782010461023009500210BF09FFA294616A852
S2140178300BF048FA2046FBF743FA05462046FBF7CD
S2140178405BFAC1B22846FCF769F8ADF85A408DF8E4
S214017850590048B92046FBF733FA01460DF15900A5
S214017860FCF796F88DF85800BDF8582048F2010349
S2140178709A4202D1204608F049FF9DF85930402B24
S21401788005D1204608F042FF1BB0BDE8F08F802BE3
S21401789003D016A807F0D4FBF6E716A809F0B0FB4C
S2140178A00028F6D0F0E720460BF002F8B0F5006F9E
S2140178B040F0FE8020460BF00EF80646042D40F000
S2140178C0FA8020460AF0AAFF80F40060C0F3C020C8
S2140178D000223146400008F0DAFE914B1A78022A5F
S2140178E00DD0FFF759FB50B902F0FD03312B06D03E
S2140178F0043A012A03D98B4B1B78002BC4D02146AE
S214017900022001F0A5F905900028BDD02046ADF86B
S21401791042400BF07DF80446BDF842000AF0DBFF5A
S2140179200546201D0AF03EFFA31C83461846089311
S2140179300AF038FF11A90746BDF842000DF001F81C
S2140179402378069003F0030ABDF842006378099392
S2140179500CF0ABFF63780D930646284605F0DCFF76
S214017960BAF1010F0CBF032302230F936E4B0E9047
S2140179701D80237803F03C030CBF4FF00B084FF03B
S2140179800A08082B80D1BDF84200FBF7B5F9B042D2
S2140179907FF67AAFBAF1010F03D023789B077FF405
S2140179A073AF624BB3F86830AB420DD1604A614B9E
S2140179B0B2F9001093F90030002900F0A18001EB24
S2140179C00313A3EB21131380A6F11003DBB20B9371
S2140179D08DF84130BDF842100DF1410310224046AA
S2140179E007F0A5F900283FF44FAF099B13F00203F7
S2140179F00A9300F00C81504B1B78002B3FF444AFE8
S214017A00BDF8428040460CF050FF4FF00009079049
S214017A104046CDE91699CDF86090ADF864900AF02D
S214017A205AFF079B039003F10E0189B240460CF002
S214017A300FFF00286ED00E23079ACDF8009041461E
S214017A4016A80BF058F90DF1590101200AF0BEFEF7
S214017A509DF8653004939DF858300C90282B59D129
S214017A60364908220DF15D0009F0F9FB002851D0D6
S214017A7004980CF09FFB002866D1314B049A1B78C2
S214017A80D31A1C0646D404F08BF801283AD12D4EA1
S214017A9006F0A2FF3468054624B104F087F82C1BD3
S214017AA0844237D3002108460BF00BFD356031E0E8
S214017AB04FF6FD7602E74FF6FF70301A18BF012029
S214017AC000223146400008F0E2FD0C2D0DD1214682
S214017AD0012001F0BDF800283FF4D6AE2146002073
S214017AE01BB0BDE8F04FFEF705B82DB920461BB018
S214017AF0BDE8F04FFEF7E6BA042D7FF4C5AEECE61E
S214017B001B0260E704F04CF8022803D104F02AF8BF
S214017B100028BCD003990022192008F0B8FDB3E66E
S214017B20A06D00200B6F0020AA580020C85300202B
S214017B3080580020086F00209C6D0020E46E002015
S214017B409B6D0020B454002001230093079A4B46F6
S214017B50102140460CF06DF90028DBD0BD4B049A8D
S214017B601B78934240F0A88003990DF15D0213A89B
S214017B7005F0BAFE012113A805F026FF48F203011D
S214017B80814613A805F094FFB9F1000F03D0082130
S214017B9013A809F0DCF940460CF0A5FE03990DF197
S214017BA05D0006F075F9FE288146B3D0FF280AD19C
S214017BB003980BF04DFBFF28814600F085800DF100
S214017BC05D01FCF77DFCA34B049A1B78934200F001
S214017BD0A1800C99484606F041F900283FF454AEBE
S214017BE048460C9906F04CF9237898070FD1404681
S214017BF00CF05BFE01464046FBF752FA00F003002C
S214017C00012804D103980DF15D01EFF791FDBDF850
S214017C1042000AF003FE010440F1838020460AF088
S214017C20C1FD40F4007189B220460AF0BDFDBDF8E1
S214017C30420000224FF400410AF0E1FDDDF8148015
S214017C40BDF842100F980DF14103102207F06FF8AE
S214017C5000283FF419AE032866D120460AF0A2FD9B
S214017C6040F4007189B220460AF09EFD28460CF0C9
S214017C7082FC002840F0BC80DDF81480BAF1010FC8
S214017C8040F0BC80BDF84210032000F0E1FF002860
S214017C9040F0B4803146BDF84200FBF701FA0F28E8
S214017CA001467FF6F1AD4FF6F7739F423FF6ECAD16
S214017CB028460BF037FDE7E50499012003F0CEF9DD
S214017CC000287FF451AF25E7237803F00303012B47
S214017CD008D140460CF0E9FD01464046FBF7E0F9C5
S214017CE0082894D05C4B1A785C4B1B789A4209D2D0
S214017CF00DF15D010398FCF797FB03980BF0A8FACA
S214017D00814660E708980AF04DFD4FF6F7739842F2
S214017D10EED9FFE6484606F01BF900283FF459AFB6
S214017D205EE74FF000088BE728460CF024FC00289D
S214017D30A4D00A9B002B5DD1B8F1000F58D1BAF13F
S214017D40010FBDF842009DD03146FBF7A9F98146E7
S214017D50DFF8148198F80030002B5AD00BF00EF99A
S214017D6087427FF491ADBAF1010F40F08580B9F1F9
S214017D70070F7BD8B9F1050F7FF686AD384B1B7818
S214017D80022B02D0043B012B03D898F80030002BBD
S214017D9046D00D9B9A0640F1BA800E9B002B40F010
S214017DA0B28028460CF0D8FBFF2840F0AC805D4539
S214017DB07FF46AAD069B002B00F0A38011AB46F260
S214017DC004020126ADF8582001930096022316AA54
S214017DD0314628460CF045FD044600283FF454ADD4
S214017DE029460AF05FFD314620460BF0B4F94BE513
S214017DF0DDF8148028460CF097FB3FE7BDF84200FB
S214017E003146FBF74DF90A9B814613B9B8F1000FCD
S214017E109ED0134B1B78022B02D0043B012BB8D803
S214017E20284600F0D7FA804600287FF42DAD0BF0E7
S214017E30A5F8854226D10B4BB3F868400BF09EF8A7
S214017E40CDF80080014643460D2220460BF070FD1A
S214017E501AE500BF9B6D00209A6D002016140020C5
S214017E60A06D0020C85300209C6D0020A9F10E03D0
S214017E70DBB2012B82D907E509F00303012B7FF45E
S214017E8003AD7BE728460CF076FB58B90BF093F868
S214017E904FF6FF73984205D0F9F792FE10B92846BF
S214017EA0FCF768FA28460CF066FB88B10BF083F8FD
S214017EB04FF6FF7398420BD0F9F782FE40B9BAF13C
S214017EC0010F02D1B9F1060F02D028460CF02BFBA8
S214017ED0069BA3B919460122584600F019FB8046B5
S214017EE000287FF4D1AC20460CF01EFD4246014628
S214017EF0384600F00DFB00283FF44BAFC4E411A94F
S214017F00E9E7069B5BE7637823F0200363704FF68F
S214017F10FC739F423FF4B8AC4FF6FD739F4204D109
S214017F20B04B1B78042B3FF4AFACA3790BB1013BEC
S214017F30A37163785B0727D5002316AA13A95846B1
S214017F4016930CF0D1FA1698F0B10CF0C6FA8046EA
S214017F5038460CF001FB169A1379014603F03000FF
S214017F60102806D003F00C0008281CBF23F00C03D1
S214017F701371137903F03303202B05D1FF2903D0A6
S214017F80012240460CF0B8FA28460CF0E5FAFF2824
S214017F901EBF954B002243F82020099B03F00108E1
S214017FA04FF6F7739F4200F2F980B8F1000F40F0E8
S214017FB0CF80294658460BF04AFB0AF0DFFF87427E
S214017FC000F0F88038460CF0D6FA002841D0BAF115
S214017FD0010F27D1B9F1010F17D1BDF84200424672
S214017FE031460CF08CFA38460CF0C5FA7F4B1B78FC
S214017FF0002B72D158460CF0BEFA002866D13846DE
S2140180000CF0B9FA002861D13EE438460CF0B3FA18
S21401801050B3B9F1030F27D1BDF8420031460BF03A
S214018020BFFC31E438460CF0A6FA38460CF0A1FA4B
S214018030002847D0BDF8422000233946584601F0B3
S214018040C1F800283ED0BDF842000021FEF7D0FE60
S2140180501AE438460CF08FFA18B1BAF1010FD8D0ED
S214018060E3E7BAF1010FE0D1604B1B78002BC1D0DA
S214018070B9F1050F31D10AF081FF8DF858000AF0E9
S2140180807DFF000A8DF859000123022216A90DF181
S2140180904200FAF761FF00287FF4F6AB711CC9B203
S2140180A0BDF84200FAF7EAFF0378013303706378FC
S2140180B0590715D40AF062FF834522D000223946BB
S2140180C01C202AE5494B1B78002B93D0BAF1010FEF
S2140180D0CED063785A0714D502E06378580718D5CE
S2140180E0BDF8424020460CF0A2FB411CC9B2204616
S2140180F0FAF7C4FF0378BAF1010F03F1FF330370F7
S21401810004D0BDF84200FEF79BFF09E0B9F1050F68
S214018110D0D0BDF84200FEF793FFB9F1030FCDD0E2
S2140181200228CBD116AA002158460CF0E0F930B14E
S2140181300379458003F03C0343F0400303710023B9
S2140181402B4A00931278394658460BF0F1FBB5E7F7
S214018150BAF1010F40F0918009F1FF330C2B00F2C8
S214018160808001A252F823F0BF810100BF81010087
S21401817019800100D5810100F5810100897801008F
S2140181801982010029820100358201003582010031
S214018190897801004B82010057820100BAF1010F74
S2140181A072D0B8F1000F68D1BDF84200FEF7BCFFEF
S2140181B0FFF76ABBBAF1010F7FF445AFCCE7A9F12F
S2140181C002035A42BDF842005A4131460CF097F973
S2140181D0FFF75ABBBDF8421032465846FEF750FC30
S2140181E0FFF752BBA16D0020C44A00201A140020DC
S2140181F03E140020711CBDF84200C9B2FAF750FFC8
S2140182000236F6B20246BDF84230009611A958462B
S21401821008F0CCFEFFF738BB0B9ABDF842100120E0
S214018220FDF74EFBFFF730BBBDF842000CF06DF9D1
S214018230FFF72ABBBDF84200FEF740FDFFF724BB5F
S214018240BDF84200FEF73AFDAEE7BDF84200FEF784
S21401825047FAFFF719BBBDF8420008F0CBFEFFF75F
S21401826013BBBDF8421033462246484608F07AFE54
S21401827000287FF409AB49461AE5237A03F0030385
S214018280012B7FF401AB8FE709F1FF330C2B3FF68F
S214018290FBAA01A252F823F0BF810100BF810100B1
S2140182A019800100D5810100F5810100897801005E
S2140182B019820100298201004182010041820100E8
S2140182C0897801004B8201005782010010B51248DF
S2140182D000210AF04CFC0446E8B10AF025FB0F4BDE
S2140182E0187020460AF025FB0D4B187020460AF040
S2140182F026FB0C4B187020460AF026FB0A4B18602A
S214018300012006F07BFB2046FFF774FABDE810401B
S214018310002006F073BB10BD4A580020096F0020EC
S214018320086F0020076F0020AC54002070B5144E73
S214018330336804460D46BBB10AF07AFA0C2813D10D
S21401834020460AF065FB092200210446F9F76CF97C
S214018350235C042B08D10B4C25B10B4B22781B78E0
S2140183609A4203D300232370002070BD074831686A
S214018370FAF7D8FE2378013323700120F5E700BF12
S214018380B05400200A6F00203D1400204C1300203A
S21401839070B50D4D00242C70EFF75EFAE6B2B042D0
S2140183A008D80A4B00221A70094B198801B11A80A5
S2140183B0012070BD30460CF0D7F8C30742BF2B78BA
S2140183C001332B700134E7E7996D0020936D00208F
S2140183D02C58002038B50B4B1B78054673B101337A
S2140183E05C08094B1888FAF76BFC002330F8132059
S2140183F0AA4205D00133DAB2A242F7D3002038BD33
S2140184000120FCE7936D00202C58002030B505466E
S21401841085B008460C460CF0A1F8FF280CD00BF0EE
S214018420F2F901220021CDE901120346009221460C
S2140184302A460720FCF79EFC28460CF08DF8FF28FC
S21401844004460FD00CF090F8C2070DD520460CF06C
S2140184508BF8830708D40B4A32F8143043F4806350
S21401846022F8143005B030BD0BF0CDF90122002101
S214018470CDE901120346009207202A46FCF77AFC52
S214018480F0E700BF28580020431E9BB24FF6FA7251
S214018490934270B504462AD8FFF79CFF38BB194BA8
S2140184A01B78042B23D020460AF0D2FEFF2801D0E9
S2140184B0FBF78EFE20460CF012F808B10CF009F816
S2140184C02046114E114D03F0E3FD204606F04DFD0A
S2140184D0317869B12888FAF7F3FB054601461E2272
S2140184E0023008F0CCFE2C8033781E2B07D970BDE5
S2140184F02020FAF7ABFC28800028EBD1F7E70233FF
S2140185003370F4E7A16D0020936D00202C580020F5
S214018510F7B504460D4617460AF030FD0646002D0F
S21401852041D04FF6FB739C423DD82046FFF752FFE1
S21401853008B1A64237D02046FFF74CFF10B1012004
S21401854003B0F0BD204608F0E3F8C0B1A642F6D06D
S21401855004B369462046FBF70DF90246D0B9082157
S21401856068460AF0BBFCA8B908226946284608F006
S21401857076FE78B1294620460BF075F9DFE7A6426C
S214018580E6D10A490822284608F069FE10B10BF028
S214018590BFFFD4E73FB121462846FBF7AFFF214690
S2140185A0284603F091FD0020CAE700BFE46E0020D4
S2140185B0044A13782BB1013BDBB213700BB9024AA4
S2140185C013807047936D00202C5800200148FAF75D
S2140185D09DB900BF2C5800202DE9F04780468CB08D
S2140185E017460D4661B903AE1B48DFF86CA00021A3
S2140185F00AF05DFA4FF0000904461CB920461DE05A
S2140186000E46F1E700222146CDF80090242330469D
S2140186100AF071FB08224146304608F020FEA8B950
S214018620337C9BB96FB945B92A460B4821460AF0F7
S214018630BDFA0A4A1388013B138001200CB0BDE83D
S214018640F0873B88B28953405B06ECD521465046FD
S2140186500AF083FA0446D0E792580020905800208A
S214018660024B1888003818BF012070479058002028
S2140186702DE9F0433048314D8DB0FAF7EFFD06F0A5
S214018680ABF92B68C41A4FF47A73B4FBF3F4A4B2B3
S21401869014B106F0A1F92860294FDFF8A8803B88BD
S2140186A0ADF80A3000233B804FF6FF7600210DF12E
S2140186B00A000AF05CFA054658B9224B1B882BB112
S2140186C04FF47A711C487143FAF72CFD0DB0BDE8E2
S2140186D0F0834FF000092423CDF800904A4629463E
S2140186E003A80AF008FBBDF81A30A34294BFDB1AB0
S2140186F01B1B9BB2ADF81A3063B9BDF818301B06C8
S21401870002D5089808F040FAB8F80030013BA8F8FE
S2140187100030CBE79E4228BF1E46012300934A46FF
S2140187202946242303A80AF0E6FA4A46294638468B
S2140187300AF0C3F9BAE700BF284B0020B85400205E
S2140187409258002090580020F0B52D4A04465168F2
S21401875010688DB001AB03C3A378012B4BD1142253
S214018760002107A808F0A5FDD4F82110D4F81D00B3
S21401877003AB03C32388190644BF62680892DA056F
S2140187800BD5221D08AE04F1140710685168354652
S21401879003C50832BA422E46F7D1ADF8183013F0A9
S2140187A0040318BFA3690593164B08221B88ADF86E
S2140187B01A3001A903A808F052FD18B106A903A8AA
S2140187C00BF070FA0022242103A80AF059F9044696
S2140187D098B10020FFF74CFF0B48002221460AF013
S2140187E06CF90A4A1388002001331380FFF740FF13
S2140187F000200DB0F0BD7020FBE71820F9E700BFA0
S21401880075530200D813002092580020905800207B
S214018810F7B5044600200E46FFF72AFF104B1B88CB
S214018820A34202D8022003B0F0BD00210D480D4F2F
S2140188300AF03DF9002501460029F3D0A54208D1EA
S214018840002400942423224630460AF054FA204697
S214018850E9E738460AF081F901350146ECE700BF41
S21401886090580020925800200148FAF74FB800BFF0
S21401887092580020014B1888704700BF905800207E
S21401888070B50C4611460E4A2378127813F020056F
S21401889042EA03020646227018BF611D082208F04C
S2140188A0EEFCD4F80130B36023783373002D0CBF8F
S2140188B005200D2003F01803082B08BF013070BDFA
S2140188C09C6D002007B504231A460DEB0301012019
S2140188D0FAF73EFD019B034A1B03136003B05DF8E4
S2140188E004FB00BFEC4B002010B5064C2368C3F315
S2140188F00B0313B9042006F0A3F82068431C236079
S21401890010BD00BFEC4B0020014B1868704700BF3C
S214018910EC4B002007B5064B0020186004231A46CE
S2140189200DEB03010190FAF713FD03B05DF804FBAC
S214018930EC4B00207FB51123062201A90120FAF78E
S21401894007FD084B9DF814201A70074B1B780BB1D6
S214018950052B05D107F0D2FE012007B05DF804FB18
S2140189600020FAE79B6D00209C6D00202DE9F04F5A
S2140189700646CBB08846008801211746FAF72AFA40
S2140189802E4B3188ADF816003A4606A80BF026FAAB
S2140189900DF1280BC4195A46414630880BF0ABF945
S2140189A0E4B208EB0003A34216BFA4EB0804044696
S2140189B0E4B205464FF004092346CDE900095A46BC
S2140189C001210BEB050ACDF808B02D1B06A8EFF721
S2140189D00DF9EDB20BEB04030093019523465A46BD
S2140189E0308841460BF0B5F9348839462046FAF707
S2140189F057FB394600F0F8022046FAF765FB0121DD
S214018A003088FAF7E7F901234A46514680B10DF15D
S214018A101600FAF7A1FABDF816200446012130889F
S214018A20FAF7ECF9B4FA84F040094BB0BDE8F08FE0
S214018A303046FAF791FA0446F4E700BFE46E0020E8
S214018A402DE9F04FC9B0044688469246C118224A1D
S214018A5004A81F46FFF714FFC519EDB208AB029331
S214018A60A5EB0A0BA8EB0A035FFA8BFB4FF0040990
S214018A70A8EB0506DBB2F6B204EB0A020093CDF8CA
S214018A8004905B46012104A8EFF7B0F806F5907351
S214018A900DEB03025A44A2F5807208A8136844F845
S214018AA00830E35D23F00703E3552C4432462146A4
S214018AB008F0C7FB08ABCDE9019308AA002300968E
S214018AC0012104A8EFF792F8324608A9204608F0DB
S214018AD0B8FB49B0BDE8F08FE46E0020F8B5064655
S214018AE00BF0BCFF811C054689B230460BF0B0FE88
S214018AF0F0B1EDB129463046FAF7D2FA1228074608
S214018B0016D80C4B691C1C5CC9B23046FAF7C8FA79
S214018B102C44052FE4B205D1052809D8064B1B5C69
S214018B201C44E4B221463046BDE8F8400BF090BE46
S214018B300020F8BD26D2020020D20200F8B5054674
S214018B400BF0B3FE0446284609F062FFA11C074657
S214018B5089B228460BF07CFE00283ED0002C3CD083
S214018B6021462846FAF79CFA611C0646C9B22846F1
S214018B70FAF796FA0F2E30D8194B9B5DE118731E43
S214018B8089B2092B0ED8DFE803F009050D0D120D89
S214018B900D181E1EC40644BF083189B2820601D5CF
S214018BA0083189B22846BDE8F8400BF051BE7B7803
S214018BB0DB0612D501EB4001F3E700F01F0000EBE6
S214018BC040000144EDE71F2805D8092E06BF4000E6
S214018BD080B20220F5E7C828E4D00020F8BD00BF27
S214018BE039D20200F8B5064609F012FF0922002123
S214018BF00546F8F719FD00F11004284609F0D2FDE4
S214018C00E4B2074621463046FAF74AFA05463046A8
S214018C10FAF772F8BA05A0EB0403DBB20AD47C2D8E
S214018C200AD0082D0AD8064A505D98428CBF00200B
S214018C300120F8BD1220F8E70320F6E7FF20F4E74D
S214018C404AD20200014B1878704700BF3F1400203B
S214018C5038B5114B1B78044608469BB9012038BD30
S214018C60A24205F101050FD103EBC1035B689847EA
S214018C700028F3D11E2022464FF6FF7107F007FDAC
S214018C800020ECE7054B0025E9B213F83120002A55
S214018C90E6D11446EEE700BF3F140020F0D10200F3
S214018CA013B50F49002303807F2202230988044657
S214018CB00DF1060005F0C6FE9DF80630BDF806204B
S214018CC01BB1238843F001032380FF2A88BF238832
S214018CD04FF0000084BF43F00203238002B010BDB2
S214018CE042520200034B1B78002B14BF442056202F
S214018CF00E3070479C6D00202DE9F04F8DB0CDE908
S214018D000423179C0394039CBDF858A0D5880646F7
S214018D100F4644B9EC0606D5CDF858A00DB0BDE80F
S214018D20F04F07F016BDC5F380242B054FEA043437
S214018D3048BF44F40064A80511D544F080040A2E07
S214018D4000F25E81DFE816F088004F003B00590014
S214018D505C015C0159001000880059003600E905E5
S214018D6048BF44F04004EAE7BB464FF0010902233E
S214018D7002934FF00008BAF1000F74D1A24B188885
S214018D804FF6FF73984206D0A049FAF7F3FC10B1EC
S214018D9024F48054A4B2059B00935A46434644F4F7
S214018DA00271504604F0B8FEADF8200000286BD1E1
S214018DB018204EE0BB464FF001090323D8E708A967
S214018DC0F8B20BF060FADDF82500DDF8291006ABE5
S214018DD003C38F4B33F817B04FF00009CDF8089056
S214018DE00DF11808C7E706A9F8B203F029F90C2314
S214018DF0884A7B4332F803B0EEE74FF6F7739F429B
S214018E0040F2FE8015F4026F40F0FA80824B1B7828
S214018E10022B03D0043B012B00F2F480BAF1000FC1
S214018E200BD1032E0CBF0C23082324F4C074029329
S214018E30A4B2BB464FF001099BE75046F9F75CFF29
S214018E400246FFF74FFF032E08BF01388242E8DDD6
S214018E5074200DB0BDE8F08F4FF00009BB46CDF889
S214018E600890C84687E7049B1B8843B91A465146B3
S214018E70062005F078FF002880D11920E9E70023B5
S214018E801A4651460720F4E75F4A11884FF6FF73EA
S214018E9099421CD009F0BCFD5B4A03461188059334
S214018EA0043009F081FC5D49059B0978D971574961
S214018EB0554A14F4805F1FBF086898604868D860F8
S214018EC04FF6FF7313804FF0FF330B604B60049A2D
S214018ED0029908A804F0CEFE00283FF469AF504C72
S214018EE02378002B3DD1BAF1000F14D05046F9F784
S214018EF003FF8046BDF82000F9F7FEFE2378002B1D
S214018F0014BF122200228044EB1003F004039044A5
S214018F104344842B9CDC15F400540AD0BDF8208011
S214018F20404609F07BFC40F4806189B2404609F076
S214018F3060FCA6F10803012B05D8BDF8200001222C
S214018F40102109F05CFC039BBDF820803BB3594619
S214018F50404609F0A7FC039ABDF820301380002094
S214018F6077E7AA06BFD56B0103F020030A2E14BFCC
S214018F7043F0010363F07E03DBB2B9F1000F08D0C2
S214018F8000210091424608A800F0FCFD0028AAD066
S214018F905FE71A46414608A80BF058F8F6E7404640
S214018FA00BF083FC039B02464146042005F0DBFEE2
S214018FB000283FF462AF0A2E16D84FF4D963F34067
S214018FC0DB0711D5072E09D00A2E07D0BDF82000E1
S214018FD00AF04DFB0028C2D1A1203AE708A807F005
S214018FE0CEFF0028F2D0F7E714B125F04005ADB268
S214018FF0BDF820002B46FAB2314601F0EFFD28E716
S214019000012026E7912024E7F213002040140020D7
S2140190102256002062550020A06D0020166F002009
S2140190209C6D002070B4084EBDF810403080074893
S2140190301546057000201A469DF80C30CDE9034010
S21401904070BC0620FFF758BEF2130020166F0020F2
S21401905030B402460C48BDF8085005800B489DF810
S2140190600C4004700A4804780020CDE902304FF61F
S214019070FD700B464FF6FF71002C08BF014630BC51
S2140190800320FFF739BE00BFF2130020166F002041
S2140190900A6D002013B50246084804780020CDE981
S2140190A000300B464FF6FD704FF6FF71002C08BFDF
S2140190B001460320FFF720FE02B010BD0A6D002016
S2140190C0F7B51E46234B1B78022B05460C46174662
S2140190D00AD1A6B13046F9F70FFE0246FFF702FEA7
S2140190E082420CD9742008E0043B012BF1D90846D2
S2140190F007F042FF0028ECD1912003B0F0BD65B126
S214019100022D1AD1EEF7A2FBA04214D9124B33F866
S21401911014204FF6FD739A4202E04FF6F7739C4215
S21401912009D80023CDE900633A46FF2321462846A5
S214019130FFF7E2FDE1E70120DFE7012DFBD1074B59
S2140191401B78A342F7D9E0B202F092FF4FF6FD7307
S2140191509842E5E7A06D0020225600201114002059
S21401916030B5104B87B005460C461868596803AAF7
S21401917003C2986810609A88DB880B49ADF80E50D8
S21401918023F04003ADF812300023CDE9004352BA74
S214019190ADF810200988FF2303AA0720FFF7ACFDCE
S2140191A007B030BD9E580020AA580020034B1B78FC
S2140191B013B1034B18787047FF207047266F0020C5
S2140191C0256F00202DE9F04F074689B01046154659
S2140191D01C468A460BF069FB01462846F9F760FFF4
S2140191E00646284609F014FC043009F0DBFA8046EE
S2140191F009F0C4FE804551D0B2074FD1DFF8AC80EC
S21401920005A92846B8F800B00BF039FC9DF81930CE
S214019210A8F800700BBBBDF81430F3B9284609F066
S214019220F7FB023009F0BEFA4FF6F773984204F1E5
S214019230010494BF4FF000094FF00109E4B2012385
S214019240CDF800902A4605A93846039303F024FC7E
S214019250039B40B901339C421ED20020A8F800B0FF
S21401926009B0BDE8F08F022CF8D1012BF6D10C4ADB
S2140192700C4BA3F800A01378591C11700A4A7F3BC7
S21401928016F00C01137007D1BDF81A305B0603D532
S214019290BDF81600FFF764FF0223D1E70020DFE7E1
S2140192A09E6D0020F2130020166F0020AA580020A1
S2140192B02DE9F04F8BB08846ADF81E0009F0A8FBEB
S2140192C000F1020A0646504609F06CFABDF81E4047
S2140192D0BB4D074620460BF0E8FA01462046F9F753
S2140192E0DFFE814600F00304301D09F05BFA28809A
S2140192F009F044FEB8422DD04FF6F7739F4229D8A5
S2140193007378DA0726D438460BF033F930B1BDF856
S2140193101E20288801233946FFF754FF09F02EFE48
S214019320A74B1B8883420FD1BDF81E4020460BF089
S214019330BCFA01462046F9F7B3FE10F00C0103D142
S214019340BDF81E0001F004FD9E4B00221A600BB012
S214019350BDE8F08F9C49BDF81E000BF090FB9B49C1
S214019360BDF81E000BF0EDFA964A984B002808BF90
S2140193700023BDF81E00136009F0D6FA944B18704E
S214019380BDF81E0009F0D5FA924B1870BDF81E0004
S21401939009F0DAFA904B186000238DF82230B8F104
S2140193A0000F25D0884BDB889B0621D58B4B1B688D
S2140193B09F071BD4012C14BF082318230DF122028A
S2140193C00092002211460DF11E0000F0DBFB78B181
S2140193D0012CA3D1824B1B78112B9FD10AF0D9FE09
S2140193E000289BD1AF20FBF75DFC97E70823E5E754
S2140193F0504609F0D7F94FF6F773984240F2F480D9
S214019400012C00F0FC80022C00F07881002C85D124
S214019410DFF8B481BDF81E00B8F806300493ADF845
S214019420240009F0F5FABDF82460044630460BF036
S2140194303CFA01463046F9F733FE8DF82300A01CAE
S214019440667809F0AFF9074609F098FD4FF6F7730D
S2140194509F422D88B8F8024006F00106824600F2C7
S214019460FE80002E0CBF082006200022294607F0A9
S2140194700EF9BDF8249048460BF017FA0023024671
S2140194804946042005F053FC4FF6F7739F42814688
S2140194900BD8B8F90620B8F80630002A05DB5806BE
S2140194A003D500212046FFF75BFEB9F1000F3FF41C
S2140194B035AFB8F80030002B5BD198F80530002B9B
S2140194C057D14FF6F7739F4294BF002301230DF146
S2140194D02601BDF8240003930AF034FFDFF8E0B05C
S2140194E000F1FF39BBF8003005935FFA89F9B8F847
S2140194F00630BDF8260006934946F9F7D1FD0499D2
S214019500069B019000930598039B2246C1F34011E8
S21401951007F03FFD00283FF401AF2B4BBDF82610A6
S2140195204A46062005F003FC00283FF4F7AEB8F8DB
S214019530022048F202039A4205D1BDF82410BBF876
S214019540000000F03FFFDFF8808009AA41460DF1D8
S214019550230007F01CFD034600287FF4DFAE21043C
S214019560BBF80000BDF824207BD5234641460AF00F
S214019570FEFEDFF8548036B99DF8233003F00C0365
S2140195800C2B40F09280B8F808000AF0BBFE0028C9
S2140195903FF4C4AEB8F80810002002F015FC114BD9
S2140195A018704FF6F773AA4514BF022503259F428C
S2140195B0BDF8240002D8002E00F09280012393E02B
S2140195C0AA580020C05400209E5800200E6F00208C
S2140195D0096F0020086F0020AC540020FC4B0020CF
S2140195E0A06D0020256F0020022C00F08780474BDD
S2140195F0B3F90630002B25DA012C7FF407AF09F00A
S214019600BDFC2B8883423FF489AEBDF81E100520B1
S214019610FFF71EFB00283FF481AE3C4AD3885B0669
S21401962007D50023CDE900330A202988FF23FFF759
S21401963063FB9DF822302988BDF81E00424602F0E1
S21401964003F86BE6BDF81E00F9F756FBA0F1100112
S214019650C9B2304600F086F80028CDD05EE6062076
S21401966003E7DFF8B890022189F80010039900910A
S214019670414603F011FA132C3FF47BAFB8F80630DD
S2140196805B043FF576AF224B1B78D80704D599F8D3
S2140196900020022A3FF46DAF99077FF53FAE99F897
S2140196A00030012B7FF43AAE63E798F8043019488E
S2140196B0009398F8053000883246314602F0ACFB3C
S2140196C0154B18709DF82330BDF8240003F00C03E9
S2140196D0082B4FF6F7730CD035469F423FF66EAF18
S2140196E0A4F138025342534108492A4603F086FF43
S2140196F014E6AA4514BF04250525EEE7BDF81E208D
S2140197000249484601F096FA08E600BF9E58002036
S2140197100E6D0020AA580020256F0020176F00202C
S21401972010B50948002109F022FA044650B1014655
S2140197300420FFF78DFA28B120460121BDE810402C
S214019740FFF7B6BD10BD00BF8E580020034B04487E
S2140197501A78FF21920007F0ACBD00BF121400205A
S214019760344A002070B5451804464FF0FF31AC422C
S21401977012D1104B10481A7805460023934211DB8C
S2140197800E4C2078431CB3FBF2F602FB163345F869
S2140197902010237000200CE014F8010BE9F720FAE2
S2140197A00146E4E750F8044BA14201D00133E5E756
S2140197B0012070BD12140020344A0020186F0020CA
S2140197C007B5042301220DEB03011046F9F7C0FD8E
S2140197D0019B034A1B03136003B05DF804FB00BF43
S2140197E0BC540020014B1868704700BFBC540020D1
S2140197F0014B1868704700BFBC54002010B5064CDA
S2140198002368C3F30B0313B9012005F019F9206887
S214019810431C236010BD00BFBC5400202DE9F04F4F
S21401982093B0DDE91C79039300230693834699F8E8
S214019830003004930DA80E46154606F091FF99F8E0
S214019840003013F003043ED0039B8DF824300DF155
S214019850250A00220821384609F040FB00286FD06F
S214019860288809F0D5F899F800301C074CBF043059
S214019870023008F097FF07A9804604F063F89DF8C8
S21401988024300446980633D5288806F10D010AF0DF
S214019890DFFFB0B100230093721D29880823D2B2DE
S2140198A0384609F028FA99F8003003F01803182B07
S2140198B048D1B8F1000F45D0A74BB3F868304345FF
S2140198C040D0A62326E02888711D0AF0C1FF002893
S2140198D0F7D0009405232988324609A809F00BFA27
S2140198E09DF8243003F0180303930DF1240AB0E722
S2140198F00CBB39464046F9F73DFF0028D3D099F80E
S21401990000309907DDD040232246214640460AF022
S214019910CCFDBE2399F8002012F0030440F0F78036
S2140199202888039308F0D7FF224601461A2006F03E
S214019930AEFE039BEBE007AB03CB38607960B2E782
S2140199404FF6FF7807F008FB044620B1042138469D
S21401995004F014F804461E9B002B5AD009231E99C6
S2140199608DF834300DA807F047F9209B0BB1209BEA
S2140199700693039B002B40F08E800DA8EEF7F0F9BE
S21401998099F800309A0700F09880FFF737FF5146A4
S2140199900246012008F00CFF99F800309B0710D50D
S2140199A0594628880BF031F80BF1090350FA83F376
S2140199B05FFA83FB288859460AF0FCFF00EB0B068A
S2140199C0F6B299F8003013F0C20F0AF104030DD075
S2140199D09DF82420614942F020028DF824200A686F
S2140199E0CAF804204A685A600AF10C0309A8012241
S2140199F000921B1A29883246DBB209F07CF93246FE
S214019A0059462846FEF7B2FF002800F0A38000233F
S214019A107DE01F9B5BB19E46BEE80F000DF1340C46
S214019A20ACE80F00DEF80030CCF800309DE7049B70
S214019A30288803F0200359460493F9F731FB10F008
S214019A40030F0CBF012300230593049B059A1F995E
S214019A50003B18BF012342EA430300930DAA06AB5D
S214019A60384600F0E5FA049A034682B1002880D011
S214019A70059B00930DAA06AB1F99384600F0D8FA4D
S214019A8099F8002022F02002034689F80020002BD6
S214019A903FF46FAF3EE7039B102B06D1BDF836307F
S214019AA043F00103ADF8363067E7039B182B4FD11F
S214019AB0BDF8363043F00203F4E70DF1250101202D
S214019AC008F084FE99F8003013F0040F82462888C7
S214019AD021D1069B1BB3002C35D008F0FCFE0022DA
S214019AE00146162006F0D3FD84B17FB14FF6FF7311
S214019AF098450BD000231A460DA9384607F080F981
S214019B009DF835203946404607F03CFA01231846B1
S214019B1013B0BDE8F08F002CDFD1104F01E0002C10
S214019B20DBD10023009332463B4659460AF081F9C1
S214019B3000283FF4C6AE002C3FF469AF069A0AF13E
S214019B400103136063E71B685345C6D80124E8E7A1
S214019B50A623DCE71823DAE7C8530020E46E0020CA
S214019B6007B5074A00230193136004230DEB030294
S214019B707F21012004F062FF03B05DF804FB00BF03
S214019B80BC5400202DE9F04FB1B0044600888DF892
S214019B902F3016468A463A9F0AF087FE01468146CE
S214019BA020880AF007FF00EB090820880AF056FF14
S214019BB09DF82F500790002315F0010B5FFA88F8E7
S214019BC0ADF8363008D101460DF1360220880AF08C
S214019BD0F9FD08B1ADF836B016B9CDE90E660EAE90
S214019BE0FEF73EFD18B145F020058DF82F500023F5
S214019BF0CDE9033302930DF12F03CDE9006322462D
S214019C00534641464846FFF709FE0546002800F040
S214019C1030819DF82F3013F0010B45D1B64A23F061
S214019C202003106851688DF82F3010AB03C3184617
S214019C3000F0E2F95D460890FEF71CFEABB29842D2
S214019C4000F2B4800FB100233B70BDF83630CBB1C3
S214019C5020880121F9F7BEF827880546002800F07C
S214019C60368101213846F9F7B5F8BDF83670054654
S214019C703846F9F741F8002300903A461946284637
S214019C8009F073F80023CDE9033302930DF12F0396
S214019C90CDE900632246534641464846FFF7BEFDDE
S214019CA00546002800F0E5809DF82F3003F01103EB
S214019CB0102B40F0F180914B1B78432B40F0EC8049
S214019CC08F4B1B685B0640F1E780208808F1050191
S214019CD00AF0BEFD8346002800F0DE80414620885B
S214019CE0F9F7DEF9874B10F0200F08BF1E4612A8C1
S214019CF000F082F90822314612A807F0B0FA0028CF
S214019D0000F0F580314612A807F0F3F8012326AEDD
S214019D1000933246002314A912A800F089F90028FE
S214019D2040F0BA8012AB0DF12F07CDE90360029027
S214019D30009301975346224641464846FFF76EFD7B
S214019D40002800F0D680BDF89A3018AA43F0080320
S214019D5014A91020ADF89A3009F044FF002840F00D
S214019D609B8012ABCDE90360CDE9017000932246DA
S214019D70534641464846FFF751FD0546002840F048
S214019D808B8018AB4FF49071002012AA00F0BEF839
S214019D904FF0005100200AF0B1F9BBF1000F7AD064
S214019DA04FF0805100200AF0A9F974E018AB14AA0C
S214019DB026A9E8B207F079F8002875D1082210A97B
S214019DC027A807F04CFA089B8346002B68D09DF81D
S214019DD0A530099313F0020F62D0082212A927A812
S214019DE007F03DFA00285BD1099B590758D50FB1FA
S214019DF001233B7014AB0FCB0DF1740C8CE80F00F4
S214019E00BDF83630CBB120880121F8F7E3FFB4F86E
S214019E1000B000284DD001215846F8F7DBFFBDF809
S214019E203620099283461046F8F766FF0023099A02
S214019E3000901946584608F098FF334B04930023C8
S214019E4003931DAB02930DF12F03CDE90063224668
S214019E50534641464846FFF7E1FC28BB089B002BCA
S214019E6033D012AA1DAB4FF482714FF4005000F0AC
S214019E704DF8234B1B689A070DD4FEF7F1FB50B142
S214019E801D4A1068516818AB03C3002226A918A8FA
S214019E9009F0CBFE30BB0025284631B0BDE8F08F77
S214019EA027B9BBF1000FA5D00135C5E600233B70ED
S214019EB0F7E7BDF836200A9010460992F8F71CFF1E
S214019EC0DDE9092307990090B4E7089ACAE7BDF8C7
S214019ED036B05846F8F710FF079900902B465A46B9
S214019EE03846CDE626A918A809F0DCFECDE783465C
S214019EF00CE714AB46E700BF75530200A06D0020C7
S214019F00FC4B002032540020F84B0020F0B591B0F5
S214019F100746164609A80D461C460AF0E9F83EB162
S214019F203368CDF826307368CDF82A3045F0400501
S214019F301B4B1A6822EA070242EA050119604B0424
S214019F400DD5BDF824200B0A03F4E243C9B222F46E
S214019F50E3420B4322F07F021343ADF824301A2369
S214019F60082209A90020F9F7F3F9B4B104A806F00C
S214019F70F7FB02236A468DF8103004F110062346DB
S214019F80154618685968144603C40833B342224676
S214019F90F7D1294604A806F02FFE11B0F0BD00BF88
S214019FA0FC4B0020054B196847F2FF1041F4804234
S214019FB0014041F480411A600AF0A0B8FC4B002031
S214019FC000B589B0FEF7B6FC01A80AF091F8094879
S214019FD0BDF804200168130221F0FF0103F4E20337
S214019FE00B43D2B2134343F48043036009B05DF8D8
S214019FF004FB00BFFC4B002010B50C4B0446186850
S21401A000830788B006D54FF0FF33236063600120D5
S21401A01008B010BD10F04000FAD001A80AF068F8A8
S21401A020DDF806302360DDF80A30EFE7FC4B002050
S21401A0302DE9F04F99B082469DF888900C461E4651
S21401A0409046CAB11546284606F08AFB19F0020763
S21401A05014D004B911AC6B4622462946504606F088
S21401A06002FF0EB100233360002814BFA627002785
S21401A070384619B0BDE8F08F0CADE4E76B4604AA8C
S21401A0802946504606F0BCFE6B78FF2B09F0010905
S21401A09023D000287AD15CB104AB0DF1200C1A460E
S21401A0A003CA624520606160134604F10804F6D1D4
S21401A0B026B16A78364B03EB82033360B9F1000FA1
S21401A0C0D6D0BDF80030D906D2D46A784FF6FF71E3
S21401A0D0182006F0DCFABB27CAE7DFF8BCB0DBF8CD
S21401A0E0003026B19A0756BF2A4A3760326003F01D
S21401A0F03003102B01D0202B1FD111A809F0F8FF37
S21401A10008220DF14601504607F0A9F828B1DBF800
S21401A110003003F04403402B0FD0B9F1000F0ED1ED
S21401A12008A809F0EFFF02232B70CCB9B8F1000F95
S21401A1309ED0281DFFF760FF9AE7A62798E7DBF871
S21401A1400030DB03ECD508A809F0DCFF02232B70F6
S21401A150D4B9B8F1000FB8D0281DFFF74DFFB4E70A
S21401A160002608AB0DF1300C1A4603CA6245206082
S21401A1706160134604F10804F6D1281DFFF73CFF81
S21401A180002E3FF475AFA0E70126EAE703276FE745
S21401A190304A0020F84B0020FC4B002049B9084B00
S21401A1A0197849B14EF66023594328B10548F8F7A6
S21401A1B0B9BF41F28831F8E70248F9F74FB800BF56
S21401A1C00C6D0020484B002070B586B00546F9F7A7
S21401A1D055F910B9702006B070BD01A8FFF70CFF45
S21401A1E006460028F6D055B9304B1C6814F0020418
S21401A1F033D14FF48163ADF80C30022125E02C49B0
S21401A2000822284607F02BF80028E3D0274B1C68C5
S21401A21014F0020406D0274B1B78112BDAD1264BFB
S21401A220B3F868400822294601A807F018F8002864
S21401A230DFD04FF40273ADF80C302B68CDF80E303A
S21401A2406B68CDF8123000260A21002203A808F018
S21401A25017FC024648B91820BDE7164B1B78112B90
S21401A260B8D1154BB3F86840C3E7104B196801F035
S21401A2703003102B17D0202B14BF012303234900D2
S21401A28001F004010B432046002100F0DBFF00280B
S21401A290E1D000210120FFF781FF16B1074B012213
S21401A2A01A70002097E70323E9E700BFFC4B002064
S21401A2B0E46E0020A06D0020C85300200D6F002022
S21401A2C030B51D4D85B00024CDE90044F8F7C6FF32
S21401A2D02B783BB319491A480A780078904221D95D
S21401A2E00132012B0A700DD122464FF4A07120468F
S21401A2F002F052FBB0B9134841F28831F8F712FF69
S21401A30005B030BD022B08D102A92046F9F732FA72
S21401A31040B902A8FFF758FFECE7032B02D101F082
S21401A32045F9E7E7002108462970FFF737FF0421C2
S21401A330684604F059FEE3E7196F00201A6F002003
S21401A34048140020484B002070B5194A194D516831
S21401A3502E7886B00446106801AB03C31EB1702484
S21401A360204606B070BDF9F7D1F80228F7D103A848
S21401A37000F0D6FD082201A90DF10E0006F06FFFD0
S21401A380A0B10D4B32464FF4A07130461C7002F05E
S21401A39003FB04460028E3D1084A0948012341F299
S21401A3A088312B701370F8F7BDFED9E7B724D7E7CD
S21401A3B053D20200196F0020481400201A6F0020A3
S21401A3C0484B0020F0B52F4E9BB007460C4649225D
S21401A3D0002107A8069106F06CFF3378012B37D1D0
S21401A3E0B7BB0DF10E01204609F0ACFF0546BDF8DE
S21401A3F00E00F8F781FC441BE4B22A46BDF80E10A5
S21401A4000097234606A808F076FC04A93846F9F713
S21401A410B1F90246E4B19DF819301A4312F0FF0271
S21401A42016D1BDF8233003F47E43B3F5285F1ED35F
S21401A430B3F5385F0ED31449BDF80E000B6843F42C
S21401A44000030B60294606F080FD18B10423337023
S21401A4501BB0F0BD0D4B012204A81A70FFF7B4FE25
S21401A4600B4841F28831F8F75DFE0223EFE711460B
S21401A47010463270FFF792FE1E2104A804F0B4FDC8
S21401A480E6E700BF196F0020FC4B00201A6F002082
S21401A490484B0020014B1870704700BF1A6F002010
S21401A4A0014B1878704700BF196F0020014B1870D8
S21401A4B0704700BF196F00202DE9F0478CB00546A4
S21401A4C0B5294088ADF80A00884600F0878095F8DF
S21401A4D00890AE7908F09CFA05A90446BDF80A0072
S21401A4E0EF790AF0CCFABDF80A0008F097F94305AF
S21401A4F042BFBDF81A3043F40053ADF81A30EB7979
S21401A500D80642BFBDF81A3043F48053ADF81A306E
S21401A510BDF81A30990613D5022E65D108A9287AF6
S21401A52009F0B1FEDDF82500DDF8291003AB03C301
S21401A53003AA0021009104230DF10A00FFF722FB74
S21401A540BDF80A000121F8F745FC022E824657D1D4
S21401A550444B33F81940B8F1000F6DD0BDF81A30EE
S21401A5605A0669D54FF6FB72944265D83E4AB2F850
S21401A5706820A24260D0DB0502D5204609F0BDFF67
S21401A580BDF81A30D80457D5002E46D1BDF80A00BA
S21401A59008F044F9C10611D4CDF80080534605AA47
S21401A5A02146304604F09EFB0B2017F003021CBF29
S21401A5B002F1FF32D2B2214606F069F8BDF8162044
S21401A5C048F234039A4209D1284E3078FF2805D044
S21401A5D003222146FCF7EAF9FF23337000232B8080
S21401A5E06B800CB0BDE8F087012E01BF2B7A204AA4
S21401A5F003EB430302EB83020CBF0232002298E70F
S21401A600012E05D10C231A4A03FB09F3D45AA2E7FB
S21401A610A01C08F0C7F804469DE7204601F038FD67
S21401A620BDF80A0008F0FAF8C206C7D4CDF80080D3
S21401A630534605AA4946B4E7BDF80A0008F0EEF805
S21401A640C306BBD4CDF80080534605AA002E14BF1E
S21401A65049462146304604F045FBB8F1000FA3D128
S21401A6600920A2E722560020C85300204C140020DF
S21401A6706255002070B5114B114D00240A262A7828
S21401A680A24205D8C2B9BDE870400E48F8F7E6BD4B
S21401A690598869B9013AD2B2A2422A70EFD0121B88
S21401A6A003F10A011846724306F0E9FD0346E6E7A0
S21401A6B001340A33E4B2E2E770BD00BFFE54002065
S21401A6C01D6F00206C13002070B51A4B1A4A1D78B6
S21401A6D00023DCB2A54200D870BD1446013366885B
S21401A6E0864202F10A02F4D1E379A588617203F089
S21401A6F040028DB9CAB123F00403E37108F088F96A
S21401A700037803F07F03037021880029E4D1BDE8B4
S21401A71070400A48F8F706BD00216580A180002A2E
S21401A720E9D1BDE87040FFF7A5BF2046FFF7C4FE9C
S21401A730F7E700BF1D6F0020FE5400206C130020B9
S21401A7402DE9F047044686B040880F46154608F0C6
S21401A7505FF9A3798046082B51D8DFE803F0052E70
S21401A7601850505050500500023008F01BF8002DCC
S21401A7704DD06946F8F7FEFF38B9684601F032FD5C
S21401A78000F0010006B0BDE8F0870020F8E702A956
S21401A790207A09F078FDDDF80D00DDF81110334A56
S21401A7A06B4603C3237A32F81390314AD05C6E4667
S21401A7B075B1314609F08BFDE4E7237A2D4903EBA9
S21401A7C0430301EB830231F82390907A961CEFE75E
S21401A7D04FF6FB7AD14514D9304609F0B8FE4FF64C
S21401A7E0FF739842054614D00146304601F06CFCD2
S21401A7F0554507D9E379DA060DD4CB2363720020D9
S21401A800C0E74D46294608F1020007F0CDFF0120BA
S21401A810B8E74D46EEE74FF6FC78454511D103F013
S21401A8200C030C2B1BD1D7B130464FF6FD7101F04E
S21401A8304BFCC82161722046FFF73EFEFFF71AFF68
S21401A840DDE74FF6FD739D4209D1002319461A46EE
S21401A850304602F005F94146304601F035FCE37911
S21401A86043F00C03E371CC23C8E700BF2256002057
S21401A870116D00206255002073B5044640880E46CF
S21401A88008F0C6F8023007F08DFF06F075FB18B128
S21401A890A11C201D06F075FBE6B1E5790135EDB288
S21401A8A0E57115F0400514D0ECF7CAFF0122054604
S21401A8B000212046FFF744FF18B1394B1B882B4473
S21401A8C09DB2384B1B78042B01BF354B1B885B1997
S21401A8D09DB22580002231462046FFF731FF20B386
S21401A8E0608808F095F8E2792F4922F00C03E371AD
S21401A8F00B780133DBB20B70C3712C4B1B7805460A
S21401A900A61C0BB3E37998061ED52949097871B1BF
S21401A91059060CD592070AD5002200920423114647
S21401A9203046FFF72FF910B1607202B070BD0022F9
S21401A9300092012311463046FFF724F920B1E3794E
S21401A94043F00303E371EFE7304606F018FB10B15E
S21401A9500123E371E9E76088FCF772FB0328E4D87A
S21401A960DFE800F0020D1B18E37943F00403E371FE
S21401A9701B06DAD50F4B1A780F4B1A70D5E7CD2385
S21401A9806372E37943F00803E3712B7803F07F03E6
S21401A9902B70CAE7CE236372C7E7CF23FBE700BF5E
S21401A9A0D4130020A16D00209E6D00209C6D002018
S21401A9B0491400200F6D00201C6F00202DE9F74F71
S21401A9C0064604F004F85D4B5D4AB3F80090188023
S21401A9D05B4BDFF880B11B78A0EB0904A4B2A3425D
S21401A9E086BF1B1BDBB200231370A9EB00030546D1
S21401A9F04FF000084FF6FF770093524B19785FFA35
S21401AA0088F291420ED80EB1FFF734FE4FF6FF736F
S21401AA109F4200F08D804C48394603B0BDE8F04FA8
S21401AA20F8F780BBBBF80220002A3CD0474B9BF8C6
S21401AA3007201878BBF800A0042818D00020BAF127
S21401AA40000F08BFA2462044504523D2BBF8001091
S21401AA50009B1944ABF80010002E4DD002F04802BE
S21401AA60482A49D100215846FFF706FF44E00192E3
S21401AA70F8F7F6FD30F01003019ADFD1FBF73CFD45
S21401AA80334B019AB3F800C08445D7D9ACEB00002C
S21401AA9080B2D4E702F00C00042807D10022ABF8FC
S21401AAA000200BF10A0B08F10108A6E7510602F097
S21401AAB0030C02F008000DD520B3BCF1030F24D11E
S21401AAC0D6B19BF80910002908BFC9215846FFF7DF
S21401AAD0F3FC11E040B3BCF1010F25D11206EFD40F
S21401AAE04FF4C862ABF800209BF8072022F003025F
S21401AAF042F002028BF80720BBF80020974228BFDD
S21401AB001746CEE703208445DAD213060ED50C4B42
S21401AB101A780AEB0200844208DA4A44521B0AEB0E
S21401AB200201ABF80010E7E70120ECE701219AE704
S21401AB30054803B0BDE8F04FF8F790BB94580020E5
S21401AB401C6F00201D6F00206C130020A16D0020DB
S21401AB50D6130020FE5400202DE9F0410B4EDFF8FD
S21401AB60348000250A273378ECB2A34204D8BDE826
S21401AB70F0410748F7F7CABE07FB0484A01CF7F7A5
S21401AB80C5FE201DF7F7C2FE0135ECE71D6F00205C
S21401AB908A580020FE54002070B50D4D0D4E00243D
S21401ABA02B78A34208D81B1BDBB22B7073B9BDE808
S21401ABB070400948F8F752BB04EB8400CA2106EB43
S21401ABC040000134FFF778FCE4B2E9E770BD00BF4E
S21401ABD01D6F0020FE5400206C130020F8B5124FA4
S21401ABE0124D3E782D78DFF848C006EB8604B54254
S21401ABF04FEA440E0CEB440414D003F4835343EAA7
S21401AC0013230025E37166236080A1712272284612
S21401AC102CF80E500136A58063723E70FFF7CEFE0B
S21401AC202846F8BD7220FCE71D6F00201014002096
S21401AC30FE5400202DE9F04F354B1C7885B00E46AA
S21401AC4017465CB9B1F90680DFF8CC90DFF8CCA0E6
S21401AC50DFF8CCB099F80030A34202D805B0BDE8C1
S21401AC60F08F04EB84050AEB4505A88800B96888CF
S21401AC7001A909F004FFB27A9DF80E309A4244D138
S21401AC80B8F1000F0FDA317A9DF80C203389914222
S21401AC9009D8204800780844824236DA521A1B0A3C
S21401ACA01341D90731D5384609F0D8FEBDF80A3028
S21401ACB09A06044602D5F3889B06CFD5EB7903F0B6
S21401ACC00C03042B08D16888F9F7DAFE00236A889A
S21401ACD01946184609F035FC00212846FFF7ECFB1B
S21401ACE0FFF7C8FC3846F8F707F8844208D22B7AF3
S21401ACF08BF80030012200233146384602F07EFCF4
S21401AD00B8F1000FAADA0024A4E70134E4B2A1E7FF
S21401AD101B6F00200F1400201D6F0020FE54002022
S21401AD20256F002008B503F052FE074B1B88C01A9A
S21401AD3080B2B0F5807F05D9BDE808400348002100
S21401AD40F8F7F0B908BD00BF945800206C13002036
S21401AD502DE9F04186B004460D4609F0A6FD0146F0
S21401AD602046F8F79DF910F003034DD110F00C0FB3
S21401AD7006D12946204606B0BDE8F041FFF7A4BC3F
S21401AD80204607F04BFDC30634D4204609F08DFD5E
S21401AD9001462046F8F784F90646204607F038FEB5
S21401ADA00746023007F0FEFC03A98046204609F05C
S21401ADB066FE06F00C067B780C2E0CBF03260626D4
S21401ADC0012113F0010F204618BF0326F8F702F8F9
S21401ADD0104A1288A24203460FD1B5FA85F04009FF
S21401ADE0FBF716FD204607F047FD00220146072027
S21401ADF005F04DFC06B0BDE8F081009503AA41467A
S21401AE00304603F06FFFEDE7012BF3D110F00C0F86
S21401AE10F0D1AEE78A58002010B50A4B1C780A4BD1
S21401AE200022D1B28C4201D8002010BD197A81428D
S21401AE3002D19979022902D00A330132F1E70120C1
S21401AE40F3E700BF1D6F0020FE54002010B5094B2C
S21401AE501C78094B01460022D0B2844201D800205A
S21401AE6010BD187A884202D198790128F8D00A33A1
S21401AE700132F1E71D6F0020FE54002010B40B4B89
S21401AE801C780B4B0022D1B28C4203D85DF8044BE0
S21401AE90FFF7F0BB197A814205D19979012902BFE2
S21401AEA00021198059800A330132ECE71D6F00201A
S21401AEB0FE540020024B1878003818BF0120704756
S21401AEC01D6F0020044B1B6813F0300F03D02021A8
S21401AED0302009F013B97047FC4B002009490023C4
S21401AEE010B51A46044601EA00414FF07F60FFF7AD
S21401AEF00DF8E30703D50021302009F0FFF8002004
S21401AF0010BD00BF00007207044B5B8823F4784332
S21401AF1023F08D0303800020704700BFFC4B002008
S21401AF2008B503460022C3F80220C3F806200B4AE0
S21401AF301268D1B212F0200F18BF41F0100119802B
S21401AF40930700F1020001D4FFF756F8044B1B7873
S21401AF50023B032B8CBF9320002008BDFC4B002036
S21401AF60A06D002038B505460C46FDF7E3FC98B108
S21401AF700D4B187878B10D4B1B681A040ED57CB1B1
S21401AF8013F0420F00D16DB103F44073B3F5407F67
S21401AF900CBF0020B72038BD9520FCE7A820FAE7B3
S21401AFA02046F8E7B720F6E79C6D0020FC4B002012
S21401AFB0F0B58DB0044607A80D46164605F0D0FB41
S21401AFC01022002103A806F074F95CB1234603F1B0
S21401AFD0100703AC18685968224603C20833BB42FF
S21401AFE01446F7D1012786EA070303A907A88DF8B7
S21401AFF01C708DF81D3005F0F0FD80EA070401A8ED
S21401B000E4B205F0C3FDB6B101A88DF8065005F00F
S21401B0104CFE64B1002303A907A88DF81D3005F086
S21401B020EBFD0C4B1B78432B01D102F0DFFE0A4BE4
S21401B0301D700DB0F0BD01A88DF8075005F035FE66
S21401B040002CF6D003A907A88DF81D7005F0D4FDD5
S21401B050EFE700BFA06D00209B6D0020F0B593B018
S21401B06007460DA801250C4605F07AFB05A90DA893
S21401B070ADF8345005F0DBFD01A805F087FD09A900
S21401B0800DA88DF835509DF8066005F0D0FD0DA889
S21401B0909DF8075005F03AFD70BB731BDBB2802BA1
S21401B0A028D91FB1A64225D0A54223D105A90DA8AE
S21401B0B005F0A2FD03A805F069FD03A88DF80F6051
S21401B0C005F0F3FD0122294609A8FFF771FF09F0F3
S21401B0D067FD01214FF4007009F01CFAFDF714FC1E
S21401B0E0B0F1004F01D9FDF715FC044B187803F0B9
S21401B0F06CFF012013B0F0BD0020FBE79B6D002024
S21401B10070B50E46144605460320FFF7CFF946F004
S21401B11004022946204605F0B1FD024B00221A60C2
S21401B12070BD00BFF84B0020F0B587B00788054614
S21401B1301022002102A806F0BCF83B4B1B78002B1E
S21401B1406FD1B80557D407F08403842B5CD0374CF5
S21401B15009F050F817F4045F276005F102061CD0C9
S21401B160BA040AD5304602F0A3FA00284AD1236869
S21401B17023F4005343F480732360304609F047F804
S21401B18000283ED105F0EAFA18B9236843F4803363
S21401B1902360236843F020032360226842F40041C1
S21401B1A012F0400218BF05F12302334647F2FF10A2
S21401B1B02160FEF7ABFE0DF10600FFF7A5FE236842
S21401B1C013F4805FBDF8063022D043F02003ADF8BB
S21401B1D00630BDF80600FFF781FE23689B0506D5FD
S21401B1E095F82210012205F11200FFF7E1FE104B3F
S21401B1F00020186006E005F1120009F008F80028A2
S21401B200A1D0B22007B0F0BDB907A0D5B720F9E7A5
S21401B21023F02003ADF80630FDF77CFBFEF7A0FC1B
S21401B220D7E77020EEE700BFA06D0020FC4B0020A2
S21401B230F84B0020024B1868C0F30050704700BF5F
S21401B240FC4B00202DE9F047064688B0894610469B
S21401B250002115469846F7F723FF102807460AD817
S21401B260684B0341DB0706D4C8F340049DB90020B0
S21401B27008B0BDE8F087644B1C78002CF6D0FFF7C9
S21401B280D9FF00280CBF4FF4F0744FF4D074FC4083
S21401B29004F00104EAE7002318F0010F1A462946D4
S21401B2A04FF005000CBF4FF0080A4FF4027A03F086
S21401B2B05AFD0028DBD0C8230093324600235146AE
S21401B2C0284602F029FCADF80E000028CFD018F071
S21401B2D0080A4AD1A7F10F024FF6F773D2B29E427F
S21401B2E08CBF09230123012A01D843F04003474AB2
S21401B2F08DF8103013788DF81130591C1170002C10
S21401B3004FD09DF81030052F43F020038DF81030F4
S21401B31033D03F4B1D78002D5AD04FF6F7730025DA
S21401B3209E424FF00F0248D9012304A90DF10E00E9
S21401B330F7F712FE00289AD1002C4DD1BAF1000180
S21401B340BDF80E00CDF8009033463A4618BF0121ED
S21401B35005F01CFEADF80E00002888D018F0040F8A
S21401B3604DD0314608F099F982E749460DF10E00B5
S21401B37009F004F90028ADD179E70121BDF80E00E6
S21401B380F7F728FD0121F7F78BFE0123834013F021
S21401B390620F1CD11E4B1B78E3B14FF6F7731825CD
S21401B3A0BEE71B4B1B7825460222002BBCD04FF66E
S21401B3B0F7739E42B8D8052FB6D0BAF1000FB3D1B5
S21401B3C09DF8103043F040038DF81030ACE710259F
S21401B3D00F22A9E71825FBE7BAF1000F0AD0009063
S21401B3E002234A4629460DF10E00FEF7CBFB002844
S21401B3F0A4D03CE7CDF800A041235246F2E708F07E
S21401B40036F935E79FFEFEFF9C6D00209D6D0020FE
S21401B410916D00202DE9DF431E46144B0A9C1B68E4
S21401B4209B0780460F4691461CD4204614B105F072
S21401B43097FDC0B2CDE902400622CDE900890C494C
S21401B4403B46002007F0D7FC024658B1002E4FF0CD
S21401B45000010CBF01230323084604B0BDE8D04316
S21401B460FFF7F0BE002004B0BDE8D083FC4B0020FF
S21401B4705BD202002DE9F04F8DB081469DF85C80CD
S21401B4808A461F4693463AB903A8FEF7B5FDA8BB00
S21401B49000200DB0BDE8F08F15460022232110468E
S21401B4A007F0EEFAADF80A000028F1D0F7F708FC2D
S21401B4B00446052318F0100F00F8023B67701FD0F2
S21401B4C01122002105F0F5FE04F11306032F4FF0BB
S21401B4D0080236D15946304605F0D1FEC8F380132E
S21401B4E006F10905337205F037FD00283DD000232B
S21401B4F02B706B700123AB70033536E003ADCCE7E0
S21401B50016991022012605F0BAFE06FA07F313F083
S21401B510620F02D104F11206D8E707A805F020F958
S21401B52005A88DF81C6005F031FB9DF816209DF8E6
S21401B530173018F0200F08BF134604F11306A37442
S21401B540C4E75146304605F09AFE06F1080201238B
S21401B550121B00932846BDF80A100823D2B207F042
S21401B560CAFB042F06F11005BDD02D1BE9B20DF163
S21401B5700A0007F0A7FB00288AD118F0040F0BD0A9
S21401B580484608F0E9FFFF281FBF074A32F8103087
S21401B59023F4804322F81030BDF80A204346514672
S21401B5A04846FFF74FFE74E72858002070B590B064
S21401B5B003268DF80760F7F761FF10B9702010B009
S21401B5C070BD02AD2846FEF717FD0028F6D01C4BCD
S21401B5D01C6814F00204F1D11A4A40F20F43ADF888
S21401B5E024301368CDF8263004A85368CDF82A30E5
S21401B5F005F0B6F895E8030005AB83E803000623DB
S21401B60004A88DF81D308DF81060ECF7A9FB0DF13C
S21401B6102E0201210DF10700ECF7A6FA22461A21A7
S21401B62009A807F02DFA024608B91820C7E7012332
S21401B63029462046FFF706FE0028F6D02046BEE73C
S21401B640FC4B0020E46E00202DE9F04F91B004463B
S21401B6501F220D4608A800219B46079105F029FEEA
S21401B660204609F022F901462046F7F719FD8DF824
S21401B6701300204607F0CCF99DF81330467899065A
S21401B6808146C6F34006204648BF46F0020609F04A
S21401B690E5F980462046F7F72FFBA0EB0803DBB25F
S21401B6A00022232B009228BF23234246214607A8C7
S21401B6B007F021FB002838D1A84B9DF81C701B7899
S21401B6C09DF81DA0A3B3FFF7B5FD00280CBF4FF4EE
S21401B6D0F0734FF4D073FB40DA0729D5B30727D4AC
S21401B6E0082F20D1BAF1040F1FD1FBF755FCE0B9A2
S21401B6F00DF1130342462146052003F018FBA0B1C5
S21401B700053F0D2F11D8DFE817F024001000A40123
S21401B710B201BB0110001000100010001000100054
S21401B720C101EF01EF01052F07D011B0BDE8F08F81
S21401B730102F05D1BBF1000FF7D0FBF72DFCD7E793
S21401B740FBF72AFC0028D3D0052FD1D0112FCFD05C
S21401B750EBE7BAF1050FE8D8204607F0BCF80290EF
S21401B76009F1020007F01EF8824605A8FFF7CCFB98
S21401B7709DF81D80012303FA08F313F06203039377
S21401B7803ED0BDF814309D0733D5B407CDD5FBF7B1
S21401B79003FC0DF11E0008F03AFDB8F1030F9DF809
S21401B7A02EB004463FD10DF12F0507F0E7FB824589
S21401B7B000F0DE800027039B002B4FD1284607F0C0
S21401B7C0DBFB4FF6FF739842064604D1284608F085
S21401B7D0E2FFB042A9D0002C0CBF0423152301932D
S21401B7E00DF11E0300933A4643462946FFF742FEF3
S21401B7F09BE7FBF7D1FB0028CBD1002E95D0C8E7FD
S21401B800FBF7CAFB60B10DF11E0008F000FDB8F1B0
S21401B810030F04464FF0000B7FD10DF12E05C4E750
S21401B820002E82D0EFE74E4B1B68980728D5FF22E3
S21401B83008210DF1370007F051FB814600BB034696
S21401B84001460DF137020220FEF760FB07F096FB7A
S21401B85082450DF137070DF12F0520D04FF6F7730E
S21401B8609A45ABD900220821284607F037FB002865
S21401B870A4D0002259460DF11E00FFF799FB54E7AC
S21401B8800DF137070DF12F05384608F05FFC00284B
S21401B89048D007F073FB82458DD14FF0000931493E
S21401B8A00822284605F0DBFC002884D1B8F1010FF8
S21401B8B06DD0B8F1040F7FF438AF08F06AFC10B110
S21401B8C0032E7FF432AF002C7FF42FAF3A460221CD
S21401B8D00DF11E00FFF714FC234B1B7863B1FFF735
S21401B8E065FEFEF7DDFD022806D10120FEF7D2FD3A
S21401B8F001210846FEF752FC1C4B1B78022B21D176
S21401B9000321384603F070FBFEF7CAFD0146002806
S21401B9107FF40BAFFEF742FC07E70DF136070DF19A
S21401B9202E05B1E7114B1B78432B7FF4FEAEB8F121
S21401B930010F7FF4FAAE07F021FB82457FF43BAF9F
S21401B940C146ACE7412B7FF4F0AE054B1B685905A9
S21401B9507FF5EBAEF9F72AFFE7E600BF9C6D002006
S21401B960FC4B0020E46E00200D6F0020A06D00202F
S21401B970032E7FF4DAAE9DF8361000390DF11E0263
S21401B98018BF01210DF12E0005F009FBCDE6584D3B
S21401B9902B78022B21D02B78412B3FF4C6AE3CB935
S21401B9A0FBF7FAFA594602460DF11E00FFF700FBB7
S21401B9B0FBF7F2FA00283FF4B8AE08F0EAFB4D4C6C
S21401B9C090B123681B0502D42B78432B0CD1B0070A
S21401B9D00AD4AC20F9F766F9A7E608F0DAFB0028E6
S21401B9E0D9D0B207D7D4A0E6206810F0020002D161
S21401B9F0029908F089FD2B78112B15D1236859057A
S21401BA0012D50020FEF7E0FB044600287FF48DAE39
S21401BA1007F017FDAE20F9F745F921462046FEF757
S21401BA20BDFBF9F74BF980E6B20701D5FFF74AFAF5
S21401BA30B9F1000F8ED004F091FE18B94FF48031A1
S21401BA4008F05CFB2C4B002238461A6008F075FBA8
S21401BA5080E72A4908220DF11D0005F000FC0028A8
S21401BA607FF463AE02222946FAF7A0FF5DE6F307EC
S21401BA707FF55BAE324607A9284608F07EFD54E600
S21401BA809DF81D100120FFF7E9FA4EE6184B1B78CA
S21401BA90022B20D1002D7FF448AE05A8FEF7ACFAA4
S21401BAA000283FF442AE164B1D709DF81D30002B4A
S21401BAB014BF64246524FEF7F3FC032806D1284648
S21401BAC02946FEF76BFB2846FEF7F0FC214605A843
S21401BAD003F08AFA29E6043B012BDBD9284605F058
S21401BAE04BFA0028D6D120E6204605F047FA1CE698
S21401BAF0A06D0020FC4B0020F84B0020E46E0020D7
S21401BB000D6F00202DE9F34105460E46174698466F
S21401BB1008F03FFB044640B1CDF8008001233A46C9
S21401BB2031462846FFF776FC044608F032FB30B172
S21401BB30FFF780FB78B10A4B1B689B010BD4CDF84D
S21401BB40008000233A4631462846FFF763FC002C66
S21401BB500CBF0446012404F0010002B0BDE8F081E8
S21401BB60FC4B002070B58AB005A804F0F9FD02234D
S21401BB708DF81430094B01AA03F110061546186812
S21401BB805968144603C40833B3422246F7D12946FE
S21401BB9005A805F022F80AB070BD00BF61D2020008
S21401BBA0014B1878704700BF4A140020014B1888D3
S21401BBB0704700BFF41300202DE9F0434FF6FF73E2
S21401BBC0994285B080460D4604D11E49082205F0EB
S21401BBD046FB58B11C4E00274FF6FD79EBF736FEB3
S21401BBE0FCB2A04207D84FF6FF7019E005B0BDE8D9
S21401BBF0F04307F0C3B936F814304B4517D86946F9
S21401BC00204608F009FB082241460DF1050005F023
S21401BC1026FB4FF6FF7360B99D4204D136F8140037
S21401BC2005B0BDE8F08326F8145008F0C2FA0137D3
S21401BC30D4E79D42FBD036F81430AB4208BF26F855
S21401BC401490F4E7E46E0020225600202DE9FF4709
S21401BC50DFF84480DFF844A006460F4600254FF67D
S21401BC60FD79EBF7F3FDECB2A04202D804B0BDE8D3
S21401BC70F08738F814304B450CD86946204608F052
S21401BC80CBFA082231460DF1050005F0E8FA08B9AD
S21401BC900AF804700135E4E722560020116D0020F1
S21401BCA0014B33F81000704722560020F0B50E4FB6
S21401BCB085B006460025EBF7C9FDECB2A04201D8D7
S21401BCC005B0F0BD37F81430B3420BD169462046B3
S21401BCD008F0D9FA9DF80030022B1CBF4FF6FD7311
S21401BCE027F814300135E6E72256002030B585B036
S21401BCF00446EBF7ABFDA04219D92046FFF78CF8B6
S21401BD000546B0B96946204608F086FA9DF8003027
S21401BD102BB1694620468DF8005008F099FA064B7B
S21401BD204FF6FF7223F81420002005B030BD6920BD
S21401BD30FBE77520F9E700BF225600202DE9F04108
S21401BD400B7805460E461BB9BDE8F041FFF7CEBF9E
S21401BD50EBF77CFDA8422ED92846FFF75DF860BBBD
S21401BD6037464FF6FF7117F8058B3846FFF724FF65
S21401BD700446384600F036FAB8F1000F15D0B8F18F
S21401BD80030F15D04FF6FF724FF6FD73944208BFAE
S21401BD901C460B4B23F815400A4B3146585528468E
S21401BDA008F056FA0020BDE8F0814FF6FF74F0E780
S21401BDB04FF6FE74EDE76920F5E77520F3E700BF5F
S21401BDC022560020116D00202DE9FF41114F0D462E
S21401BDD00E0A04464FF6FE78EBF738FDA04204D86B
S21401BDE0FF24204604B0BDE8F08137F814304345FF
S21401BDF00CD16946204608F00FFA9DF80520EBB2F3
S21401BE009A4203D19DF80630B342EAD00134E4B237
S21401BE10E2E700BF225600202DE9F04F87B0DFF899
S21401BE206C909DF840A001900C4617469846002558
S21401BE304FF6FD7BEBF70AFDEEB2B04201D8FF26C6
S21401BE4016E039F816205A451ED802A9304608F0E1
S21401BE50E3F93FB99DF80920424515D19DF80C201C
S21401BE60524511D144B939F81620019B9A420BD19B
S21401BE70304607B0BDE8F08F08220DF10D012046CF
S21401BE8005F0EDF90028F3D00135D3E7225600205E
S21401BE9010B5144608F0C0F920460349BDE8104025
S21401BEA0082205F0ECB900BFE46E00202DE9FF473B
S21401BEB0074615460846082224491E4605F0CFF9CE
S21401BEC0044600283FD1DFF888904FF6FF7AEBF75B
S21401BED0BDFC5FFA84F840450BD885B3384602F0BE
S21401BEE0D4FF01250C9B18703570012004B0BDE805
S21401BEF0F08739F8183053451FD06946404608F098
S21401BF008BF97A789DF801309A4216D17A88BDF875
S21401BF1002309A4211D13A799DF804309A420CD1F6
S21401BF2008220DF10501781D05F099F928B9002DB3
S21401BF30D7D1404602F0BDFFD3E70134C7E7FF2063
S21401BF4002F0B7FFCEE70020D0E700BFE46E002086
S21401BF5022560020F0B5164E164F85B00025EBF799
S21401BF6075FCECB2A04201D805B0F0BD694620468A
S21401BF7008F052F99DF80030032B06D900236946D4
S21401BF8020468DF8003008F063F99DF8002062B174
S21401BF904FF6FD734FF6FE71032A08BF0B4626F8CF
S21401BFA0143000233B550135D9E74FF6FF73F6E70A
S21401BFB022560020116D0020F8B50E4B0E4D1B7851
S21401BFC003EB43030E4605EB830504464FF6FF7766
S21401BFD0A54202D800242046F8BD2388BB4206D0DD
S21401BFE008223146A01C05F03AF90028F3D00C349B
S21401BFF0EEE700BF1114002062550020044B0548EF
S21401C0001A7802EB42029200FF2105F052B900BFF6
S21401C0101114002062550020074A127882420AD97C
S21401C02000EB4003054A22F823104FF6FF739942AE
S21401C03001D1FEF723BF704711140020625500207E
S21401C040094A127803469A42084608D90C21022268
S21401C05011FB032305490822194405F010B90023F2
S21401C0600B604B60704700BF111400206255002022
S21401C070054B1B78834281BF0C235843034B185A48
S21401C08098BF4FF6FF7070471114002062550020CC
S21401C09038B50446FFF70AFE094B1878094B00220B
S21401C0A04FF6FD75D1B2884200D838BD33F80C1C66
S21401C0B0A14208BF23F80C5C01320C33F2E700BF43
S21401C0C0111400206E55002070B505460E46084630
S21401C0D0FFF7DEFF31462846FFF76EFD0648294684
S21401C0E0FFF76AFF00B970BD044624F80C6B08F030
S21401C0F060F829462046F3E76255002010B524492A
S21401C10086B00822044605F0AAF820B906B0BDE8B4
S21401C110104006F033BF1F490822204605F09FF85D
S21401C12020B91D4BB3F8680006B010BD002300937C
S21401C130012221464FF6FF70FFF76EFEFF2806D05C
S21401C140164B33F810004FF6FB739842ECD903A850
S21401C150FEF7E6FE58B9BDF80C305B0607D5082297
S21401C16021460DF10E0005F07AF80028DCD00C48C7
S21401C1702146FFF721FF40B100884FF6FB724FF6CC
S21401C180FF73904288BF1846CEE74FF6FF70CBE7A5
S21401C190E46E002032540020C853002022560020AE
S21401C1A06255002070B50D4B1D780D4B04460022DC
S21401C1B008464FF6FB76D1B28D4201D8002009E041
S21401C1C01988B14207D8A14205D10822991C05F069
S21401C1D056F8012070BD0C330132ECE71114002033
S21401C1E06255002037B5014605460D48FFF7E4FEC7
S21401C1F0044630B1807A294603B0BDE8304008F0E5
S21401C20066B803460090012229464FF6FF70FFF7F5
S21401C21003FEFF2816BF034B2046185CEBE700BF62
S21401C22062550020116D00202DE9F843164B1B784E
S21401C230834207460E4623D9FEF708FE044608BB8E
S21401C240304606F099FE4FF00C084FF6FF724FF697
S21401C250FD73904218BF03460C4D08FB07F23046AB
S21401C260AB5205EB0209FFF7BDFF89F80A00484605
S21401C27008223146023005F002F82046BDE8F88370
S21401C2806A20FBE77620F9E71114002062550020AA
S21401C29038B504460D46FFF7D9FC05482146FFF799
S21401C2A08BFE00B938BD857221460C30F7E700BF1A
S21401C2B0625500202DE9F04192F808801F4608F1EA
S21401C2C0FF33DBB2EF2B88B005460E4614460BD97A
S21401C2D082238DF80E309DF80E30214A31462846CD
S21401C2E000F0A6FA012037E00E22002104A804F08F
S21401C2F0E0FFB4F80930ADF81230E37A8DF811801A
S21401C30003F07F02032A08D0012B24D103238DF8E2
S21401C3101030A389ADF815300EE0032B14BF0223AD
S21401C32001238DF81030E368CDF815302369CDF878
S21401C3301930237D8DF81430A7F121014A420DF101
S21401C3400E034A41009321460DF10F0304A8FFF79F
S21401C350ADFD0028BFD1002008B0BDE8F08100BFC8
S21401C36075D202002DE9F04F95B01D780492002495
S21401C370CDE90201CDE90054414923462246012078
S21401C38006F039FDADF81E00F8B1A346264627464D
S21401C3900DF120090DF1380AEBF758FA5FFA84F827
S21401C3A0404516D8BDF81E003A460221F6F78CFE27
S21401C3B0BDF81E0032460421F6F786FEDDE90310BD
S21401C3C0BDF81E30002200F033FA012015B0BDE89A
S21401C3D0F08F4A460AA94046FFF75AFD9DF82820E5
S21401C3E022B12DB1013DEDB20137FFB20134D3E7E1
S21401C3F0BBF1000FF8D199E803009DF829308AE8CF
S21401C40003008DF84030BDF82A308DF84130032AFC
S21401C4104FEA13238DF8423016BF032301238DF80C
S21401C4204330DDF8311018BF9DF82C30DDF82D00B3
S21401C43014BF8DF84C308DF8433011AB03C302980E
S21401C4400CBF4FF00E084FF0150807F0F2FD0590EF
S21401C450BDF81E00F6F750FC059900EB080399425B
S21401C4600BDB0123424651460DF11E00F6F774FD23
S21401C4700028AAD10136F6B2B6E74FF0010BB3E7B2
S21401C48072D20200074A00231370074A1370074A44
S21401C490118801B11380064B1A880AB100221A804E
S21401C4A0704700BF1F6F00201E6F00209A580020A3
S21401C4B0985800202DE9F04F3C4C87B01D46238844
S21401C4C09DF840600746884610465BB952B106F0B3
S21401C4D03DFC208036484FF4FA6107B0BDE8F04FC6
S21401C4E0F6F720BEDFF8D890B9F80040002C4AD005
S21401C4F02046F6F701FCDFF8CCA0DFF8CCB0C0F39D
S21401C50047062046F6F7DCFB0296BAF800300193A0
S21401C510BBF800300093274904462B460022012031
S21401C52006F069FCADF81600F0B104EB46060125ED
S21401C530B4420DD1C5B9BDF81630ABB12A46414655
S21401C540384600F075F9ABF80050AAF800500BE039
S21401C550012321461A460DF11600F6F7FDFC10F0F0
S21401C560FF0504F10204E3D0134A0023A9F80030C2
S21401C5701378013BDBB21370002BABD107B0BDE8DB
S21401C580F04FFFF77FBF0D4C237823B9F5F718FB63
S21401C59008B901232370324629460520F7F764FBC4
S21401C5A00028EBD1207007B0BDE8F08F9A58002024
S21401C5B08C13002077D202001F6F00201E6F002010
S21401C5C098580020305800203258002030B5154DBC
S21401C5D02C8887B09CB923464FF4A07248F23801E4
S21401C5E003A807F051FF2146204606F0B9FF0E4B7F
S21401C5F00094224603A9FFF75DFF07B030BD204631
S21401C60006F006FA043006F0CDF803A90446288899
S21401C61008F035FA002300932A8803A9204600F083
S21401C6203BFAEAE79A58002000F8FF0737B50F4CA7
S21401C6300F4D01A9002006F093FF237801467BB138
S21401C6400C4B019A187806F09FFF2078F8F7CEFC7D
S21401C650002323702B700848F6F700FE03B030BDA8
S21401C6602B78002BF7D0FFF7B1FFF4E7216F0020FE
S21401C6701F6F0020206F00208C13002008B505488E
S21401C680F6F744F90448F6F741F9BDE808400348CF
S21401C690F6F73CB99A580020985800209658002082
S21401C6A02DE9F04F89B0CDE905239DF84870139E1A
S21401C6B08946044630B316F801ABBAF1000F23D011
S21401C6C00AF1FF34A400E4B23146012006F07EF8F8
S21401C6D0C00E1BD1DFF844B13146012006F076F8D2
S21401C6E034449BF800502279BDB1002F47D1CDE9E3
S21401C6F00277CDE90077424A05998023484600F043
S21401C70097F83CE08246DFE75446DDE71B28ECD984
S21401C7103146012006F05AF8E7E7DFF80481FF2AE0
S21401C72000EA08080BD1E379A179607901EB0321CE
S21401C730424689B209B0BDE8F04F06F025BF31493F
S21401C74009688B070AD5FE2A3AD101230135EDB2D5
S21401C750202D4FEA43030AD1FF250AE02946284641
S21401C760079206F0FDFE4845BFD1079AEBE79845CC
S21401C770ECD1254B1B78FF2B04D0AB4204D009B07B
S21401C780BDE8F08FFF2DFAD00020F4F7FFFBA8429A
S21401C790F5D029460020F4F7FFFB0028EFD09BF8E0
S21401C7A000306479002BEAD1FFF76CFE17484FF48E
S21401C7B01051F6F7B7FC164B8BF800501C70DEE7ED
S21401C7C0052A92D8BAF1010F8FD8B8F1000F8CD094
S21401C7D0002FD4D17379002BD1D00E49098821B905
S21401C7E00D49082B28BF08230B701292DDE90512AC
S21401C7F04346484609B0BDE8F04FFFF75BBE00BFB1
S21401C80077D20200FC4B00204B1400208C13002032
S21401C810206F00209A5800201F6F0020216F0020F3
S21401C82000F8FF07014B1880FFF7D0BE985800208C
S21401C8300CB42DE9FF470CAA0E4652F8041B0392CE
S21401C840074600297ED1BDF83400ADF80A0000285D
S21401C85000F0918033794FF6F778002B76D1474573
S21401C8608CBF4FF009084FF00808454B1C78FF2C89
S21401C87074D1B6F90230002BA9BF424B347A1C782A
S21401C8800134A2BFE4B21C7044F08004DFF80091CA
S21401C89022460021F6F718FC99F80020BDF80A3068
S21401C8A0002A5ED00193DFF8ECA0FF230093BAF8CC
S21401C8B00000334622463946FCF7B4FB002389F8CC
S21401C8C000304FF6FF730546AAF80030742D33D1B9
S21401C8D00DF10A0332463946404604F055FB00285E
S21401C8E04BD04FF6F7739F4226D8B6F902307088C0
S21401C8F0002B21DA2449254B48F20402904214BF4A
S21401C9008946994606F03AFB4FF000080346494629
S21401C910CDF800808A22012006F06DFA814658B1D2
S21401C92022464146F6F7D0FBCDE90098FF23324672
S21401C93039464046FCF7E0F9284604B0BDE8F04722
S21401C94002B07047012006F033FA7EE70023337108
S21401C95047458CBF4FF00608984686E7FF221A70B7
S21401C96094E7CDE900323946FF2332464046FCF7CC
S21401C970C3F90546AAE71825DEE70546DCE700BF4A
S21401C9804D140020236F002081D202007DD20200C8
S21401C990226F00209C58002070B588B000241646EF
S21401C9A04FF40033ADF81A100DF10F0204A9054635
S21401C9B00593ADF81840ADF81C4004948DF80F406F
S21401C9C004F0C1FA9DF80F300193049B0093044ACA
S21401C9D0334605A92846FFF72BFF08B070BD00BFF8
S21401C9E084D2020030B587B04FF48035CDE900120D
S21401C9F0002403958DF81030BDF82850074A8DF8AD
S21401CA001140034603A9BDF82C00ADF81250ADF84D
S21401CA101440FFF70DFF07B030BD00BF91D20200F2
S21401CA2010B54FF4981286B04FF08063CDE903231A
S21401CA300023ADF8143006F0A1FA0446F8F788FB97
S21401CA40054B01900093054A234603A94FF6FD7056
S21401CA50FFF7EEFE06B010BDE46E002087D202009E
S21401CA6030B587B0CDE9001200248DF81030094AA0
S21401CA708DF8114003464FF4806503A94FF6FD700B
S21401CA800394ADF81250ADF81440FFF7D1FE07B08D
S21401CA9030BD00BF8BD202002DE9F04F99B00E4693
S21401CAA005460CA91046CDE90A329DF8887007F0B4
S21401CAB049FCBDF8309080464846F6F71DF9B6F9B0
S21401CAC00230B6F806A0B6F802B0002B044604DA27
S21401CAD0904B00221A7000204BE04846F6F70CF9FE
S21401CAE04045F5D3A4EB0804E3B2002F18BF4FF47A
S21401CAF0A07A152B099328BF15230024013308F1CA
S21401CB00FF32DBB2D2B24946009412A806F0F3F81F
S21401CB1081499DF8482008684968ADF840406FEAA9
S21401CB204B436FEA5343ADF83E300DAB03C3ADF84C
S21401CB303C40ADF842A0ADF84420BBF1000F26D131
S21401CB40764908220DF1490004F089FB044698B99C
S21401CB5006F014FA06460DF151080DF149030A9A3A
S21401CB6098F80090012A2CD14FB384F0010404F008
S21401CB70010019B0BDE8F08F0DF1490007F0E7FCA0
S21401CB804FF6FF74011B4C4206464C41E3E7BBF1EE
S21401CB90010F5AD1BDF8496006F0F0F986420AD075
S21401CBA00DA9304607F0DCFC80F00104E4B20DF17B
S21401CBB04B080DABD3E7594B0DF14B08CFE70A9C59
S21401CBC0D5E767B34CBBB9F1010F26D832D106F0D1
S21401CBD0D5F906F0D3F998F80110504B06462246CF
S21401CBE002910021CDE9006101204D4906F003F9CB
S21401CBF0ADF8320088B134BBB9F1010F0CBF0D217D
S21401CC000C210DF1320006F05DF8024628B9BDF898
S21401CC1032300FA92846FFF70BFE0120A9E7B9F12C
S21401CC20010F05D1002CD2D098F801108122D7E748
S21401CC30002CF9D1B9F1010F94BF0022012298F816
S21401CC400110D201CCE70C21DBE70A9B002B7FF415
S21401CC5042AF7388342B4CD1099B092B7FF43BAF31
S21401CC60002F7FF438AF9DF951603A46B410082181
S21401CC700DF1490004F0200406F030F930B92749D7
S21401CC8008220DF1490004F0EAFA08BB254B1B788F
S21401CC90012B3FF420AF244A244BB2F868201B68CE
S21401CCA0AA4208D0DA0006D5C823214A0FA9284689
S21401CCB0FFF7BEFD0FE75B0201D5002E17DA002352
S21401CCC01B4A0FA92846FFF7B3FD1A4B1C7002E753
S21401CCD00DF1490007F03BFC4FF6FF739842E3D095
S21401CCE02146F9F713FF03460028DDD1DDE78D2342
S21401CCF0DBE7099B04930DF14903CDE905A2CDE9D4
S21401CD000283CDE900790B9B0FAA3146284600F035
S21401CD1013F8E0E6176F002075530200E46E00205A
S21401CD208FD20200A16D0020C8530020FC4B0020CA
S21401CD3075D202004C1400202DE9F04FA1B099469F
S21401CD40BDF8AC302D9F0D939DF8B0300E93BDF815
S21401CD50BC300F9304469DF8C0304E889DF8A8B0AD
S21401CD60109338468846154605F01CFD112E82465E
S21401CD7071D806F003F9504576D0062E10D14FF63D
S21401CD80FD72924526D0BBF1000F10D10022CDE9ED
S21401CD9000A28023BD4A29462046FFF749FD06E04A
S21401CDA0BBF1000F03D1032E07D8012E09D8B84BCB
S21401CDB000221A7021B0BDE8F08F043E022EF6D88C
S21401CDC0E4E7B44ACDF800A0802329462046FFF7C1
S21401CDD02FFDECE7B04B1B785E074CD406F0CEF87F
S21401CDE000260346A94900963246012006F003F8BC
S21401CDF03B79ADF866000F930028DBD0DDE90E32F3
S21401CE000D9803EB42095FFA89F9F5F775FF09F109
S21401CE1005085FFA88F88045CCD241460D98F6F7AA
S21401CE203FF9109008EB40080D98F5F765FF80452F
S21401CE30C0DADDE90F321343DBB2002B40F0338258
S21401CE40BBF1000FB6D1D8464246BDF866000421B4
S21401CE50F6F73AF974E1904A3A2E127812D948F266
S21401CE603B039E4207D013E08B4A127850070BD53E
S21401CE70321F022A08D8B8F8063043F48043A8F8CF
S21401CE80063097E71B2E1DD8B21E91B213295FD923
S21401CE90109B02930F9B0E9ACDE900B34946234699
S21401CEA0304604F057F80F2884D1794B01221A70C6
S21401CEB0794B1B789B0740F12783BBF1000F7FF46A
S21401CEC079AFD8E7A6F11C011E29E1D801A050F8D8
S21401CED021F000BF1FD5010091CE010091CE0100C7
S21401CEE0B5CD010091CE01000BD301000BD301009B
S21401CEF091CE010091CE010091CE010091CE0100AC
S21401CF0091CE010091CE010091CE010091CE01009B
S21401CF1091CE010091CE010091CE010091CE01008B
S21401CF2091CE010091CE01003DD301003DD3010019
S21401CF30F1D4010091CE010091CE010013D501007C
S21401CF4091CE010075D501008BD5010099D5010060
S21401CF50132A9DD801A151F822F000BFADCF0100E0
S21401CF603DD001005BD0010073D10100DDCD010091
S21401CF7091CE010091CE010091CE010091CE01002B
S21401CF8091CE010091CE010091CE010091CE01001B
S21401CF9091CE010091CE010091CE010091CE01000B
S21401CFA0B5D2010091CE010051D5010000231A939C
S21401CFB08DF866300DF166030E99009322461AAB82
S21401CFC0484603F0C1FF05F0D9FF0646EAF74AFCDA
S21401CFD0162894BF4FF002094FF02209F8F7B8F867
S21401CFE02E4B0746B3F800A0FBF77CFE2C4B804681
S21401CFF04FF6FF70B3F800B007F05FFA294B9DF8C3
S21401D00066201988244B1B7813F002031CBF264B9D
S21401D0101B780B921A9A0096CDE909324023CDE986
S21401D0200701CDE90193CDE9058BCDE9037A1F4AC6
S21401D030002329462046FFF7FBFBBBE605F09EFFD3
S21401D0401B4B1C4A1B88CDE92A0300232946204690
S21401D05021B0BDE8F04FFFF7EBBBBE78731EDBB225
S21401D060EF2B1AA9304627D9F22E25D002F0ACFBB9
S21401D070822605F083FF0023CDE90003034A3346E9
S21401D08029462046FFF7D4FB94E600BF7DD2020076
S21401D090176F002081D202000E6D0020FC130020C5
S21401D0A0F8130020F6130020246F002095D202000A
S21401D0B0FA130020A2D2020002F086FB002856D006
S21401D0C005F05CFF9DF86C200492BDF86A2003927F
S21401D0D0BDF868209DF86E10CDE901629DF86D20BF
S21401D0E05200D2B24900C9B208320A44034600923D
S21401D0F0C7490022012005F07EFE9DF86D30ADF88F
S21401D10066008DF8633000283FF454AE4FF00008F7
S21401D11001231A460DF163010DF16600F5F71CFFB8
S21401D120074600287FF446AE9DF86330FAB2934274
S21401D1300CD89DF86E308DF86330B8F1000F02D030
S21401D140BDF8663036E04FF00108E1E7414630466B
S21401D15002F03CFB0123ADF86400022219A90DF18F
S21401D1606600F5F7F9FE01370028DDD022E68326B2
S21401D1707FE705F003FF064602F02CFBA549009069
S21401D18033460022012005F036FE00283FF412AE99
S21401D1900027ADF868003E4602F01CFB5FFA87F8F0
S21401D1A040450DD8BDF8680032460421F5F78CFFDE
S21401D1B0BDF86830002229462046FFF739FBF9E51D
S21401D1C0404602F0FFFAFF288DF866000BD00123D7
S21401D1D001361A460DF166011AA8F6B2F5F7BCFE3D
S21401D1E000287FF4E7AD0137D6E75046B7F802903E
S21401D1F002F0E8FAFF288DF8640000F0E5811AA92C
S21401D20002F0E2FABDF868304B4507D04FF6FF72E0
S21401D210914540F0D981190400F1D6819DF86D3011
S21401D22012930E9B0533DBB213930F9B14930023CB
S21401D2304FF0000911934B4612E01793139B0D987C
S21401D24003EB4101C9B205F0A3FD179B15904FF002
S21401D250000A12995FFA8AF28A4216D309F1010985
S21401D260149A5FFA89F19142E7D39DF86E201292E3
S21401D270169A1392002B40F09981119B002B40F0D7
S21401D280A381109B14930123D2E711999DF86400A2
S21401D290179302F09BFA159A179B0AF1010A82422C
S21401D2A008BF0123D5E709F106095FFA89F3B046FD
S21401D2B016938AE1BD1C29465046BC7A03F02AFA29
S21401D2C0012229465046FBF723F9504607F009F993
S21401D2D0284607F03CF93A88824207D04FF6FF729B
S21401D2E0904203D007F038F907F01BF984F00804E0
S21401D2F0C4F3C00421462846FEF7CAFF2146284645
S21401D30021B0BDE8F04F03F04CBEBBF1000F7FF437
S21401D31051AD12073FF5AFAD33463A462946204692
S21401D320FEF7C8FF00287FF445AD84233A4A294614
S21401D330204621B0BDE8F04FFFF77ABA0F9897F86C
S21401D340008006F076FE00210746204603F03CFEEC
S21401D350312EA7EB0007FFB240F0D6804FF0000A4F
S21401D360CDE9008A2D4953465246012005F043FD7A
S21401D370ADF8660000283FF41DAD16225146DFF8D1
S21401D380A8B01AA803F095FF1AA806F08FF89BF824
S21401D39000904FF0FF33CDE91C33B9F1000F02D1F5
S21401D3A04FF0010A56E01E4E33796F2B02D9002644
S21401D3B0324625E01CA9504600F024FD0028F6D090
S21401D3C0184BB6F80090B3F86830B9F1000F2DD1BC
S21401D3D0003B18BF01235B0143F004038DF87A304C
S21401D3E002238DF87B3073881B0A49461EA88DF8E8
S21401D3F07D3005F0D9F9B8F1000F66D0002601227C
S21401D400BDF866000221F5F75FFE32461DE500BF56
S21401D410A6D202007DD2020075D2020072D20200AC
S21401D420F4570020C85300209A6D0020B3EB09037F
S21401D43018BF01235B0143F005038DF87A30022300
S21401D4408DF87B300F238DF87C30CCE70AF1010A8A
S21401D4505FFA8AFA0AF1FF36F6B2304607F084F828
S21401D460C307F3D59BF8003019EB030F04D009F17D
S21401D47001095FFA89F9E9E75A4B187830441CA983
S21401D480C0B200F0BFFC002891D0304607F05CF82F
S21401D4908146304607F068F8C0070FD416238DF88A
S21401D4A07A30514B1B780133DBB20F2B28BF0F2389
S21401D4B08DF87C304D4B33F8163095E7304607F043
S21401D4C053F88107EAD41223E9E7BDF86600F5F7B9
S21401D4D013FC1630B84291DC012316221AA90DF16D
S21401D4E06600F5F739FD00287FF464AC01265FE796
S21401D4F012073FF5C0AC0F983B4622462946FEF779
S21401D50031FF00287FF456ACBBF1000F7FF452AC1C
S21401D5100BE7BBF1000F7FF44DAC802306E705F067
S21401D5202DFD50457FF446ACDFF8CC8008224146FD
S21401D530B81C03F094FE00287FF43CAC05F01EFDF9
S21401D540064605F01BFD2A4ACDE92A0833467DE545
S21401D550384605F027F906F0B0FF00283FF42AAC5C
S21401D560244A2A9000232946204621B0BDE8F04FE0
S21401D570FFF75EB9CDE92AB74B462A462146002079
S21401D58021B0BDE8F04FFFF78BB8CDE92AB74B467F
S21401D5902A4621460120F3E75B464A4629462046AD
S21401D5A02A9721B0BDE8F04F03F020BD01231A46AB
S21401D5B019A90DF16600F5F7CFFC00287FF4FAAB48
S21401D5C008F101085FFA88F8013602F003F95FFAFC
S21401D5D086FA50453FF609AEB8F1000F3FF430AC7D
S21401D5E032E400BF161400200C6F002026580020DD
S21401D5F0AED2020081D20200E46E002073B5064668
S21401D6000C46154607F02AFA0DF106020146304689
S21401D61007F0D8F80C4E034680B9012232702288F2
S21401D620BDF8061022B10246072001F080FB28B1A2
S21401D630BDF806202146284601F040FB034A002398
S21401D6401360337002B070BD266F0020C0540020F6
S21401D650024B1B7803700020704700BF096F002043
S21401D660024B93F90030037000207047086F0020CA
S21401D670044B1B7813B1044B188870474FF6FF70A4
S21401D680704700BF266F0020AA58002008B5064B39
S21401D6901B783BB1054B196821B1082203F0EFFD59
S21401D6A0002008BD7020FCE7266F0020C054002033
S21401D6B030B519498BB014237F22098805460DEB36
S21401D6C0030001F0B2F9BDF81430DA0721D413F0E3
S21401D6D0060FC3F3410208BFC3F341220F4B9C5C04
S21401D6E00DF116012246684603F0ABFD04F128024F
S21401D6F0BDF826306A44023402F8283C1B0A02F8B8
S21401D700273C69462A46E0B206F06CFA00200BB0C8
S21401D71030BDB720FBE700BF44520200B9D2020079
S21401D72010B58AB00446ADF826200022CDE90522C0
S21401D73004920CAA02924FF6FF720192074AAC219C
S21401D74004FB012201206032009203900DF12602B3
S21401D7504CF6200106F014FF0AB010BDC853002095
S21401D76010B5204AB2F86800B2F85E10B2F85C3024
S21401D7708AB04FF6FF74A042ADF82600ADF824102B
S21401D7804FF6FD7018D081424FF00000CDE905003C
S21401D790CDE90300CDE9010094BF09AA60320092E9
S21401D7A094BF48F660014CF660010DF12602042094
S21401D7B006F0E6FE0AB010BD814288BF60324FF027
S21401D7C0000098BF09AA0092CDE90500CDE9030043
S21401D7D0CDE90100044A8CBF4CF6604148F6604131
S21401D7E0E5E700BFC85300203254002000B54FF6CD
S21401D7F0FF738BB00022CDE90522CDE90322CDE9E6
S21401D8000132074A00924CF640010DF1260206202D
S21401D810ADF8263006F0B4FE0BB05DF804FB00BF91
S21401D8202854002000B50E4B8BB00022B3F85E30B2
S21401D830ADF82430CDE90522CDE90322CDE9012258
S21401D84009AA4FF6FF7300924FF400610DF126020C
S21401D8500720ADF8263006F093FE0BB05DF804FB0A
S21401D860C8530020034B1A781AB1FF2A04BF0022BE
S21401D8701A707047286F002070B5084C084E237840
S21401D880F55C1DB107483E2101F0C0F82378FF2260
S21401D890F25400232370284670BD00BF276F002076
S21401D8A0286F0020BED20200034B044A1B78D05CCE
S21401D8B0FF3818BF01207047276F0020286F00200F
S21401D8C010B508490822044603F0C9FCB0FA80F0F6
S21401D8D0228940094FF6FF7340009A4208BF40F084
S21401D8E0010010BDD2D2020030B5044685B00D4607
S21401D8F002B9084A1068516801AB03C301AB03CBF8
S21401D900ADF80C501B88206020466160238105B06D
S21401D91030BD00BF755302001FB50146002201A8A5
S21401D920FFF7E2FF064801A906F01FFF20B1F5F751
S21401D930C7F94089C0F3400005B05DF804FB00BF9D
S21401D940FE13002030B585B00D460022014601A821
S21401D950FFF7CAFF084801A906F007FF50B1F5F71F
S21401D960AFF9044601460822284603F088FC608980
S21401D970C0F3400005B030BDFE130020F8B50546E3
S21401D980F8B11048002105F092F80446A8B10D4FF1
S21401D9902046F5F795F90646FFF792FF830705D46B
S21401D9A008222946304603F05AFC38B1214638464B
S21401D9B005F0D3F804460028EAD10024201E18BF3B
S21401D9C00120F8BDFE13002010B50C46014606489E
S21401D9D006F0CBFE30B1F5F773F943891C4214BF4C
S21401D9E00120002010BD00BFFE1300201FB5144605
S21401D9F0024601A8FFF778FF074801A906F0B5FE21
S21401DA0040B134B1F5F75CF914220146204603F023
S21401DA1036FC012004B010BDFE1300201FB50146E0
S21401DA20002201A8FFF760FF094801A906F09DFE44
S21401DA3058B1F5F745F94389024613F0020004D0C0
S21401DA40507B80F00800C0F3C00005B05DF804FB11
S21401DA50FE130020F7B59DF8244001949DF8204060
S21401DA6000940D4606461F4606F056FD4FF6FF711A
S21401DA708842044610D0BB0711D42846F6F7AEFC00
S21401DA80204606F069FDFF281FBF084A32F810300D
S21401DA9023F4804322F81030204603B0F0BD02463E
S21401DAA02946304606F086FEEAE700BF28580020E1
S21401DAB073B50E460146144806F057FE0546D8B122
S21401DAC0F5F7FEF843893340044612D09B0736B279
S21401DAD00BD5002E09DAA17B437B0289007B0191DD
S21401DAE0012100912146FFF7B5FF638923EA06036A
S21401DAF06381628912B1012002B070BD29460248D5
S21401DB0005F054F8F7E700BFFE1300200148F4F7CC
S21401DB10FDBE00BFFE1300202DE9F0438FB007467F
S21401DB209DF858800C4615461E46F8F70BFD20B1A9
S21401DB30F5F7F4FC08B144F400544A4B1B7813B9CA
S21401DB4024F40074A4B2200509D546B904A92846D0
S21401DB50F5F710FE002840D024F40064A4B2ADF816
S21401DB601840ADF81A5005F009FA3F4BADF81C0005
S21401DB70B8F1000F02D01A78424501D293F800801E
S21401DB803A4A8DF81E8013780133E105DBB2137033
S21401DB904CBF0DF1210108A922058DF81F3004D5CF
S21401DBA033680B6073684B600831E30405D5304A6F
S21401DBB013680B6053684B6008310DF11808A1EB30
S21401DBC008005FFA80F900214846F5F73FF9064656
S21401DBD028B900200FB0BDE8F08304AEBFE7F5F723
S21401DBE06FF841464A4603F02CFB3046F5F784F8B9
S21401DBF080463046F5F764F80023024600935FFA44
S21401DC0088F104234FF6FF7004F0B5FEADF80E0060
S21401DC100028DED040F201131C421AD14FF6F773EA
S21401DC209D4216D8F5F768F80DF10E010446284610
S21401DC3003F0CAF9BDF80E00F5F75EF8E4B2A042AB
S21401DC4007D9BDF80E0004F0E3FE437843F0040361
S21401DC504370BDF80E003A460121F5F7CFF8BDF83E
S21401DC600E00B7E79C6D00200B1400209E6D00206F
S21401DC70E46E0020F0B50829D58889B028D00C2993
S21401DC8026D0AE0424D405F040030B43424C26783C
S21401DC9016B105F0200423432FB2002FB8BF43F07E
S21401DCA08003032920D11223AC068DF80430937A21
S21401DCB010D48DF805300DF1060401A9621A01236E
S21401DCC0D2B2F5F749F9B0FA80F0400909B0F0BDD3
S21401DCD00B46DBE732228DF804208DF80530002E46
S21401DCE0E9D00DF11304E8E70C298DF8043009BFDB
S21401DCF0138953798DF805301B0A0BBF8DF8063052
S21401DD008DF805300DF107030DF1060354881C70DC
S21401DD10240A5C7014889C700239240ADC7001297C
S21401DD2014791C7111D8917A5971002F31DA128940
S21401DD30DA710221120A997103F109041A72002E8E
S21401DD40BBD0AB06B9D50534B7E7A9071AD4002F5F
S21401DD500CDA117A51B1917A59711189127A03F15B
S21401DD60080492B102229A71D971E8E70B4C217826
S21401DD70917201F1010C84F800C09C1D002F5971AD
S21401DD80DDDAEAE7917A9C1DF8E701229A71090A21
S21401DD90EAE79C1DD3E700BF9C6D00209D6D002027
S21401DDA0014B1870704700BF956D0020F7B50D4602
S21401DDB004460021284616461F46F7F707FA0A4B7F
S21401DDC0002183F859402A46009733462046FFF73C
S21401DDD0A7FC014630B102222046F5F737FDC0B256
S21401DDE003B0F0BD0120FBE7C8530020034B0448F5
S21401DDF01A780021920003F05CBA00BF16140020C6
S21401DE00484A002010B5134B1B78834286B00C4657
S21401DE1012D9114900EBC00001EB4001082206317E
S21401DE20204603F02CFA00220821204605F056F879
S21401DE3080F00100C0B206E0C01A01A9C0B206F027
S21401DE406EFB10B1002006B010BD01AB03CB206005
S21401DE506160E8E716140020F457002008B5074B68
S21401DE6053F820308B42024606D915204FF6FF7133
S21401DE7002F00DFC002008BD0120FCE7484A002006
S21401DE80024B013143F82010704700BF484A00207A
S21401DE902DE9F3472B4EDFF8B4A081460C46002748
S21401DEA09AF80030FDB2AB4210D86946204606F01B
S21401DEB057FBC0B308226946484603F0D0F990B331
S21401DEC04946204605F0CFFCFE2537E006F1060858
S21401DED008224146484603F0C2F990B94FF6FF734F
S21401DEE09C422BD03388A34228D0204606F034FB30
S21401DEF0FF2814D14946204602B0BDE8F047F6F7A0
S21401DF0093BA14B912360137CAE73388A342F9D156
S21401DF1000220821404604F0E1FF0028F2D12846FD
S21401DF20F6F756F9CCE74946002006F013FBFF2822
S21401DF30054603D0044B1B780344DDB2284602B0E5
S21401DF40BDE8F087F4570020161400209A6D0020D3
S21401DF500F4B1B7883420CD8C01A0E4AC0B232F857
S21401DF601030D90411D443F4805322F81030012024
S21401DF707047094B00EBC00003EB40035A79D1060A
S21401DF8003D442F010025A71F1E70020704700BF37
S21401DF901614002028580020F45700202DE9F843D5
S21401DFA0074600F019FD05461B4804F057FF1B4BBA
S21401DFB060B31C683C1B2C44A4B2194BDFF8689074
S21401DFC01B78184D99F8006003EB830305EB4305B6
S21401DFD000225FFA82F846450AD9AB88A34205F1CA
S21401DFE00A0016D9B21A0A235A43294603F047F9FA
S21401DFF0013689F80060AC80B8F1000F03D10648FD
S21401E0003946F5F78FF82846BDE8F8831D603C468B
S21401E010D3E701320546DCE7AC130020C4540020E8
S21401E020296F0020225700202A6F00201FB5154AAD
S21401E030154C1378013BDBB213706168206801AAA6
S21401E04003C221891180114A1278D21805D00A23F9
S21401E0505A43E118204603F012F99DF806301B07D3
S21401E0600DD0BDF80C00FFF799FF8288ADF80820A7
S21401E07001AA034603CA1288186059601A8104B0BF
S21401E08010BD00BF296F0020225700202A6F0020F4
S21401E09008B5094B094800211970094B1970094B3D
S21401E0A01A7802EB8202520003F003F9BDE8084039
S21401E0B00548F5F7D3B800BF2A6F00202257002085
S21401E0C0296F002014140020AC130020F8B5094D68
S21401E0D0094F0A4E00243B783178E2B20B449A424B
S21401E0E004F1010400DBF8BD2846F4F70FFC0A35FD
S21401E0F0F1E700BF225700202A6F0020296F002079
S21401E10010B5064C207828B1054805F0C9FA10B1BB
S21401E110034B188810BDFFF789FFF3E7296F00202E
S21401E1202257002008B50A4A0346107860B1094A0A
S21401E1301088984209D121B99378103323F00F0340
S21401E1409370FFF773FF012008BD0020FCE700BFB6
S21401E150296F0020225700202DE9F74F00F03CFCE4
S21401E160DFF8F8803A4CB8F800C0DFF8F490394D83
S21401E17099F800701FFA80FEAEEB0C039BB2019378
S21401E18023780093002603EB830305EB43033A460B
S21401E190B246ACEB0E0CB3465FFA86FEBE4515D30F
S21401E1A0BAF1000F01D0009B2370BA422AD3002F88
S21401E1B037D02378C8F800000A2202FB035326480A
S21401E1C0998803B0BDE8F04FF4F7ACBFB3F804E0AC
S21401E1D001998E4512D8009993F802E0A3F804B08D
S21401E1E001310EF1FF3EC9B2013A83F802E0009117
S21401E1F0D2B24FF0010A0A330136CDE7E644A3F85E
S21401E20004E0F8E789F800204AB12378C8F800004E
S21401E2100A2202FB035310489988F4F783FF2378F8
S21401E22013B903B0BDE8F08FFFF76AFF0646002872
S21401E230F5D004F021FB0146304605F02EFA20B158
S21401E24000212888FFF76EFFE9E76621F9E700BF9E
S21401E250296F002022570020AC130020C454002050
S21401E2602A6F002000230360704703680B6001607B
S21401E2707047FEE7FEE74FF4004070474FF47A70B0
S21401E2807047704713B5044601A8E3F743FD9DF8B0
S21401E2900630238040F201136380E3F761FD60607E
S21401E2A0002002B010BDE3F7DDBB08B5E3F7CEFBF7
S21401E2B0002008BD10B5044644EA010313F0030329
S21401E2C0084609D1934201D1002010BD54F823100D
S21401E2D040F823100133F5E79200214602F0B1FF22
S21401E2E0F2E77047E2F7DEB908B5E2F70DFC013058
S21401E2F008BDEFF3108072B6704700B962B670477A
S21401E300602383F311887047EFF31180602383F352
S21401E3101188704780F31188704784B00B680093AA
S21401E3204B6801938B680293CB680393009B036051
S21401E330019B0360029B0360039B03600023009321
S21401E34001930293039304B0704784B0036800936B
S21401E350036801930368029303680393009B0B60B1
S21401E360019B4B60029B8B60039BCB600023009359
S21401E37001930293039304B0704730B5D1E90223A9
S21401E380D1E90054056004600260036030BD30B519
S21401E3900568046802680368C1E90054C1E90223FC
S21401E3A030BD7FB58A0704460B4610D06D4601F195
S21401E3B01006186859682A4603C20833B342154640
S21401E3C0F7D169462046FFF7D8FF04B070BD00912B
S21401E3D0009904B0BDE87040FFF7CFBF30B58B079A
S21401E3E085B00C4610D06946FFF7D1FF0D4623468F
S21401E3F004AC2A4603CAA24218605960154603F1C6
S21401E4000803F6D105B030BD0091009905B0BDE80E
S21401E4103040FFF7BCBF00F1424303F58013102ADA
S21401E42010B54FEA43130AD101221A6000F588702D
S21401E430FFF773FF1031BDE81040FFF76EBF0022F3
S21401E4401A602430F7E7F0B50B46990789B0044601
S21401E45015462DD0082A19D16D4603F11006186805
S21401E46059682A4603C20833B3421546F7D1082233
S21401E47069462046FFF7CFFF03226B460020013A8C
S21401E480186003F10403FAD209B0F0BD6E4603F139
S21401E490200718685968324603C20833BB4216463D
S21401E4A0F7D12A4669462046FFF7B5FF0722E4E77B
S21401E4B00093009909B0BDE8F040FFF7ACBF10B576
S21401E4C02030FFF742FF102A04D1BDE8104010317A
S21401E4D0FFF73BBF10BD30B58B0789B00C4615461C
S21401E4E025D06946FFF7EBFF082D6A4613D104AD28
S21401E4F0134603CBAB42206061601A4604F1080460
S21401E500F6D103226B460020013A186003F104039A
S21401E510FAD209B030BD08AD134603CBAB4220603A
S21401E52061601A4604F10804F6D10722EAE7009171
S21401E530009909B0BDE83040FFF7C1BF704770478A
S21401E5407047E2F7FFBEE2F7C9BE70B505460E4654
S21401E5501446FFF7CEFE2B685C4034405C402C60CE
S21401E560BDE87040FFF7C9BEE3F7C4BACB435B0012
S21401E57003F00A03C360C160704738B5E3F72EFCA9
S21401E5808B7C04460D461BB1036843F08043036051
S21401E590EB7C1BB12B7D43F08003A3652A8A6B7B42
S21401E5A01343EA89134363602B7BD5E901122046A6
S21401E5B0E3F7E2FB6B7D1BB1236843F480332360F2
S21401E5C0AB7D1BB1236843F400432360EB7D2A7EB9
S21401E5D01B07120502F4E00203F0E043134323662F
S21401E5E0636F23F030036367626F6B7E1343636769
S21401E5F02B78E36038BD03691B06FCD5C069C0B241
S21401E600704703695B06FCD541637047002070477D
S21401E6100020704700207047012070470120704796
S21401E6200F207047ECF7A6BE704770B504460D463E
S21401E630FFF75FFEA36A102B064604F10501284684
S21401E64014BF10220822FFF7FEFE05F1840004F134
S21401E6504C01FFF7A6FE3046BDE87040FFF74DBE01
S21401E6602DE9F043074685B016461C460D4631B9DE
S21401E670E3F7F6FC054601463846FFF7D6FF44B3F6
S21401E680FFF737FE97F842308046F3B10E2200219D
S21401E6900DF1020002F00DFE0E2CBB8DA14628BF27
S21401E6A04FF00E095BBA31464A460DF10200ADF84D
S21401E6B0003002F0C6FD69462846E3F7E9FC002370
S21401E6C0A4EB09044E4487F842302CB94046FFF7C4
S21401E6D014FE05B0BDE8F083102C27464FF010025B
S21401E6E028BF10270021684602F0E3FD31463A466E
S21401E6F0684602F0A6FD69462846E3F7C9FCE41B16
S21401E7003E44E2E72DE9F04F8BB00546DDF8508038
S21401E710169E17469A460C464FF0010900297BD1F2
S21401E720E3F79EFCCDF8009004462B6E2F714FF058
S21401E73000095FFA88F7EB62C5F8449085F86C70BB
S21401E7404246514605F15C00019302F07AFD159AA6
S21401E750019BC7F10F0B023AC7F10E07B3EB090392
S21401E760FFB24FEA520247EAC20218BF012342EA49
S21401E7708313514642460DF109008DF8083002F028
S21401E78060FD06AA4B465FFA8BFB9146D9B28B45D4
S21401E79047D8002E59D166602660FFF7AAFDAB6AFE
S21401E7A00190102B14BF10220822691D2046FFF786
S21401E7B04AFEC4F8886002A9C4F888602046C4F8F6
S21401E7C08860C4F88860E3F763FC0198FFF795FD5D
S21401E7D0424651460DF119008DF8187002F031FDD0
S21401E7E008F101005A463146484402F062FD012311
S21401E7F08DF82730FFF77DFD04F18407064649466C
S21401E8003846FFF7CEFD3046FFF777FD009B6BB924
S21401E81000200BB0BDE8F08F002380F842900093F3
S21401E82083E702F8016D0133360AAFE7FFF761FDB2
S21401E83005F14C0106463846FFF7D0FD3046FFF796
S21401E8405CFD2046E3F716FCE2E76FF08600E0E7A2
S21401E85001440023884200D1704700F8013BF9E7E4
S21401E8602DE9FF47DDF83890DDF848800C4606466E
S21401E87017469A46E3F7F4FB0C9BC6F860902246CF
S21401E88000930146CDE90187054653463046FFF71A
S21401E89039FF0446C8B90D9A4B4629463046FFF75C
S21401E8A0DFFE3FB1109B00933A460F9B2946304648
S21401E8B0E3F758FC119A434629463046E3F7F6FB40
S21401E8C0044610B92846E3F7D5FB204604B0BDE858
S21401E8D0F0872DE9F8431546894607469846E3F73B
S21401E8E0BFFB0023436003600446FFF702FDB9F156
S21401E8F0100F14BF102208223946064604F180077D
S21401E9002046FFF7A0FD41463846FFF74AFD304650
S21401E910FFF7F3FC012D0CBF05230623A360256931
S21401E92015F00205FBD1FFF7E4FC089906463846C8
S21401E930FFF754FD3046FFF7E0FC2046E3F79AFB6D
S21401E9402846BDE8F8832DE9F04190461E46054667
S21401E95078B38B422DD1E3F783FB0023436003603A
S21401E9600446FFF7C6FC102E074614BF10220822E5
S21401E97029462046FFF767FD3846FFF7BEFC05230C
S21401E980A360256915F00205FBD1FFF7B2FC102E36
S21401E99014BF10220822414607462046FFF79BFD7A
S21401E9A03846FFF7AAFC2046E3F764FB2846BDE895
S21401E9B0F0816FF08600FAE713B5002468460094EC
S21401E9C08DF80440E2F746FD204602B010BD08B5BA
S21401E9D0E4F7AAF880B208BD08B5E4F7A5F808BDC3
S21401E9E008B5FFF7F9FFFA23B0FBF3F080B208BDD4
S21401E9F00120704704207047704770477047032016
S21401EA0000F01EB80120704742DE704738B5044654
S21401EA100D4603F06DFE00F020F8FFF771FC294665
S21401EA202046BDE83840FFF7EFBF10B4044608465D
S21401EA30114622465DF8044BE5F70CBBE5F74CBBE7
S21401EA40E5F78ABB10B404460846114622465DF82F
S21401EA50044BE5F79FBBE5F71FBC704710B5FFF702
S21401EA6048FC0446E4F726FB2046BDE81040FFF7C5
S21401EA7044BC7047FFF765BD70477047012070477B
S21401EA804FF41670E4F72EBC2DE9FF410D461646ED
S21401EA901F460446A8B14FF00008C0F81C80E4F7F2
S21401EAA013FFBDF82C3002939DF828304246CDE97D
S21401EAB00073294633462046E4F76CFE04B0BDE8F1
S21401EAC0F0812220FAE7F0B587B01F4600230D46F5
S21401EAD016468DF817300446A8B1C3610DF117012B
S21401EAE0E4F722FF9DF817207AB9BDF83430029377
S21401EAF09DF830302946CDE9007320463346E4F7C9
S21401EB0049FE07B0F0BD2220FBE70320F9E738B540
S21401EB10FFF7FAFB0546E5F7EBF804462846FFF74C
S21401EB20F9FB204638BD08B5E9F7C6FA02F095FAB2
S21401EB3002F094FA02F099FABDE8084002F0A4BA8D
S21401EB4008B502F0A2FA02F0A1FA02F0A0FABDE8B6
S21401EB50084002F0A3BA704707B503469B0753BFA8
S21401EB606FEA01414FF6FF7343EA01416FEA114133
S21401EB700422019120F003000DEB0201FFF7F4FCE3
S21401EB8003B05DF804FB41EA000313F001032DE92D
S21401EB90F04104460E4615463FD1002A3BD04FF6BB
S21401EBA0FF7234F81310914205D036F8131011B1E4
S21401EBB04B20BDE8F0810133AB42F2D1E2F746FFCC
S21401EBC0012D01D0A3070ED531882046FFF7C4FFDB
S21401EBD010B1E2F747FFEBE7013D012D04F1020416
S21401EBE006F102060ED925F001084FEA48073A4613
S21401EBF031462046FFF7B8FC0028EAD13C443E44A3
S21401EC00A5EB08052DB131882046FFF7A5FF0028A2
S21401EC10DFD1E2F727FF0020CBE70120C9E708B5DF
S21401EC20FFF71BFFBDE80840F4F76ABD10B51446B0
S21401EC30E5F73CFC2146BDE81040F4F773BA08B589
S21401EC40E5F734FCBDE808400021F4F76BBA08B5D7
S21401EC50E5F72CFCBDE80840F4F700BB08B5E5F77E
S21401EC6025FCBDE8084004F0F9B87047704708B5C0
S21401EC70FFF7F3FEFFF7FAFF02F07EFABDE8084061
S21401EC80E5F74EBC704738B50546FFF732FB012164
S21401EC9004462846E4F79AFA2046BDE83840FFF7CE
S21401ECA02CBB012070470120704708B5E5F7F0FC42
S21401ECB000280CBF0420012008BD704770B504462B
S21401ECC00D46164601F00BFA32462946204602F05A
S21401ECD055FA324629462046FFF7EFFFBDE8704059
S21401ECE001F0FFB92DE9F34104469DF820800D4659
S21401ECF016461F4601F0F3F9CDF800803B46324632
S21401ED002946204600F0F9FC02B0BDE8F04101F0CA
S21401ED10E8B9704708B501F0E2F902F032FAFFF7F8
S21401ED20F8FFBDE8084001F0DCB9012070472DE985
S21401ED30F04104460D4616461F4601F0D0F93B4603
S21401ED40324629462046FFF7F0FF3B4680463246CC
S21401ED502946204602F017FA01F0C3F94046BDE8FD
S21401ED60F081012070472DE9F04104460D46164614
S21401ED701F4601F0B4F93B46324629462046FFF7C6
S21401ED80F0FF3B46804632462946204602F0FCF913
S21401ED9001F0A7F94046BDE8F0812DE9F743DDF81B
S21401EDA02C909DF8288004460D4616461F4601F015
S21401EDB096F9CDE900893B4632462946204602F0BF
S21401EDC0E4F903B0BDE8F04301F08BB900207047C9
S21401EDD0F8B504460D46164601F081F93246294635
S21401EDE02046FFF7F3FF324607462946204602F043
S21401EDF0CDF901F076F93846F8BD10B5044601F0B4
S21401EE006EF9204602F0C3F92046EAF7A5F8BDE8F8
S21401EE10104001F066B9704738B504460D4601F05A
S21401EE205EF92946204602F0C1F929462046FFF739
S21401EE30F2FFBDE8384001F054B9704770B504469A
S21401EE400D46164601F04BF932462946204602F099
S21401EE50AFF9324629462046FFF7EFFFBDE870407E
S21401EE6001F03FB9704738B504460D4601F037F951
S21401EE702946204602F09EF929462046FFF7F2FF72
S21401EE80BDE8384001F02DB9704738B5044601F0A9
S21401EE9026F9204600F0CFFB0546204602F08CF905
S21401EEA029462046FFF7F0FF01F01BF9284638BD3A
S21401EEB0704738B5044601F012F9204600F0E9FB28
S21401EEC00546204602F079F929462046FFF7F0FF6D
S21401EED001F007F9284638BD704710B5044601F021
S21401EEE0FEF8204602F06AF92046FFF7F5FFBDE876
S21401EEF0104001F0F6B8704738B504460D4601F0EB
S21401EF00EEF82946204602F05BF929462046FFF72F
S21401EF10F2FFBDE8384001F0E4B8704770B504462A
S21401EF200D46164601F0DBF832462946204602F029
S21401EF3048F9324629462046FFF7EFFFBDE8704004
S21401EF4001F0CFB8704738B504460D4601F0C7F852
S21401EF502946204602F036F929462046FFF7F2FFF9
S21401EF60BDE8384001F0BDB8704710B5044601F061
S21401EF70B6F8204602F027F92046FFF7F5FFBDE870
S21401EF80104001F0AEB8704710B5044601F0A7F87E
S21401EF90204602F019F92046FFF7F5FFBDE81040BC
S21401EFA001F09FB8704738B504460D4601F097F852
S21401EFB02946204602F009F929462046FFF7F2FFC6
S21401EFC0BDE8384001F08DB8704710B5044601F031
S21401EFD086F8204602F0FAF82046FFF7F5FFBDE86E
S21401EFE0104001F07EB8704738B504460D4601F072
S21401EFF076F82946204602F0EAF829462046FFF729
S21401F000F2FFBDE8384001F06CB8704770B50446B1
S21401F0100D4601F064F82946204602F0DAF820464B
S21401F020F3F76AFE06462046F3F74AFEF1B20246B9
S21401F0302846FFF7EAFFBDE8704001F052B8704776
S21401F04030B5044685B001F04AF8204602F0C2F811
S21401F05000230DF10F008DF80E308DF80F30FEF7FE
S21401F060FFFA0DF10E00FEF7F3FA6088F3F744FE9F
S21401F07005466088F3F724FEEDB2019000959DF9F0
S21401F0800F309DF80E2061782078FFF7D8FF01F049
S21401F09028F805B030BDB5207047B520704738B5A3
S21401F0A0044601F01CF82046FFF7F7FF0546204608
S21401F0B002F091F82046FFF7EEFF01F012F828461D
S21401F0C038BD82B002AB03E9060002B0704737B51F
S21401F0D005466C4684E8060001F001F894E806004F
S21401F0E0284602F079F894E806002846FFF7E9FF7B
S21401F0F003B0BDE8304000F0F4BF002070470020A8
S21401F100704738B5044600F0EAFF2046FFF7F7FFE0
S21401F1100546204602F066F82046FFF7EEFF00F0AF
S21401F120E0FF284638BD704708B502F05CF8FFF7E7
S21401F130FAFF08BD08B500F0D2FF02F055F802F05C
S21401F14074F8BDE8084000F0CCBF0020704708B551
S21401F15000F026F808B1002008BDE5F7C7FA002838
S21401F160F9D1E5F7D5FA0120F6E7902808B503D1DD
S21401F170BDE80840E5F7C0BAF5F7D6FD60B900F07E
S21401F180EBFA032806D100F009F828B9BDE80840D3
S21401F190FFF7DDBF0028EBD008BD704700207047A1
S21401F1A00020704708B500F0D7FA022803D1BDE861
S21401F1B00840F8F76DB808BD0321E5F78FBB0020BE
S21401F1C07047E5F727BC0020704730B49DF80C5017
S21401F1D0029C1DB1029430BC00F00BB930BC7047E4
S21401F1E0902808B505D1E5F7D7FEBDE80840E5F754
S21401F1F091BF08BD10B50346026808684240FF2A61
S21401F20017D858684A68504030F07F4011D11C89A1
S21401F2100A8994420CD11C780A78A24208D152B1CC
S21401F220DB68CA68534033F07F430CBF01200020DF
S21401F23010BD0020FCE70120FAE70020704713B557
S21401F24000230C46CDE9003301461A46E0B2E6F744
S21401F250B1FC02B010BD13B5002314460190009313
S21401F2600122E0B2E6F7A6FC02B010BD70471944D1
S21401F27091420ADC4218002003B9704712F8011DBA
S21401F280013B01EB0020DBB2F6E70020704798282F
S21401F29008B513D88F281ED900F17002D2B2012307
S21401F2A0934013F4A97F10D1DB0714D5902813D10E
S21401F2B0F4F786F8BDE8084000F0C5BEBC280BD0C0
S21401F2C007D85530C0B2042805D8BDE8084001F07B
S21401F2D071B8BF2800D008BD00F0B4FE00F0B3FE40
S21401F2E0E8E710B586B00881089C04940024CDE9AF
S21401F2F002440124CDE9003413460A4601460320A0
S21401F300E6F7A6FD06B010BD13B500240094FFF77E
S21401F310E8FF02B010BD2DE9FF410E46174605462F
S21401F32080B379B372B34FF0000869465FFA88F08C
S21401F33004F0A9FF044640B99DF80030032B08D01D
S21401F34008F10108B8F17F0FEFD1204604B0BDE8FF
S21401F350F0819DF801202B799A42F1D1BDF8022067
S21401F3606B889A42ECD19DF80430BDF805006B71AC
S21401F37028813B4632462946FFF7C6FF0028DFD0E4
S21401F3800446E2E70224E0E710B586B0089C049440
S21401F3900024CDE902440124CDE9003413460A468F
S21401F3A001460620E6F754FD06B010BDF0B502286A
S21401F3B08BB005460E4614461F460AD106A9F0B282
S21401F3C004F061FF98B99DF8193023719DF81C303F
S21401F3D06371119B04930023CDE902330193109BC3
S21401F3E0009322463B4631462846E6F731FD0BB0F0
S21401F3F0F0BD13B500240194049C0094FFF7D6FFDA
S21401F40002B010BD2DE9F04305468BB00F4690467D
S21401F4109946002606A9F0B204F035FF044630B935
S21401F4209DF81830012B06D001367F2EF2D12046EA
S21401F4300BB0BDE8F0839DF819202B799A42F3D1E1
S21401F440BDF81A206B889A42EED19DF81C306B717C
S21401F4502A46CDE90309CDE90100CDF800803B46F7
S21401F460B1B20220E6F7F4FC0028DDD00446DEE760
S21401F470FE2828BFFE20E6F719BEB1F800C0F8B591
S21401F48005460C4616461F46BCF1000F1AD101F080
S21401F490AEFE70B93B4632462146284601F0A9FE2B
S21401F4A0628848F221039A4203D17178284600F017
S21401F4B0BBFD6388B3F5004F02D90820E5F7CEF906
S21401F4C00120F8BD0020FCE72DE9F04788B09946F9
S21401F4D00C469246BDF84080119F0646FEF7C8F8D6
S21401F4E0CDE9034705468DF80860ADF81480ADF800
S21401F4F016008DF818A08DF8199000F02FF98DF8E8
S21401F5001A0000F02DF900238DF81B0002A88DF8D3
S21401F5101C3000F08DFDA8B943463A4621462846E0
S21401F52000F062FE70B943463A4621462846FFF788
S21401F530A4FF38B9CDE9005043463A463146204645
S21401F540E8F738F808B0BDE8F08770471FB50B46F6
S21401F5506A460146184604F045FB6A460823002021
S21401F56032F8021B013B13F0FF0380EA0100F7D1DA
S21401F570012838BF012080B205B05DF804FB2DE9F3
S21401F580F74F9846DDE90C3B07460E4614464146C2
S21401F59000221846BDF838909DF83CA0019303F070
S21401F5A06FFA0546002840D0019B41461846FFF7F2
S21401F5B0CDFFABF80000062F3BD8DFE807F00404C8
S21401F5C0040D162A21002B4622463146384603B042
S21401F5D0BDE8F04FF9F774BD0C222B4611462046C4
S21401F5E003B0BDE8F04FF9F755BDE27A2B46114658
S21401F5F02046CDE90C9A03B0BDE8F04FF9F728BDD7
S21401F6002B460C222146304603B0BDE8F04F04F0ED
S21401F61004BD0D95E37A0C9352462346314648467F
S21401F62003B0BDE8F04FF9F7FDBC182003B0BDE804
S21401F630F08F0220FAE77FB5054603F09FFC48B13C
S21401F6406B88B3F5006F05D1681D04B0BDE8704046
S21401F65000F0E8BC284600F0FAFC0446B8B9E6B269
S21401F6606946304604F00FFE9DF800301843C0B2DC
S21401F67048B929463046FCF761FB10B1752806D01B
S21401F6808C2004B070BD01347F2CE8D1F8E78D20C2
S21401F690F7E710B5044600F0D8FC08B18D2010BD80
S21401F6A02046FCF723FB0028F9D07528F6D08820E1
S21401F6B0F5E72DE9F04385B005460DF10E00144639
S21401F6C00E46FDF7C5FF0DF10F00FDF7C9FF2046F9
S21401F6D09DF80E809DF90F90F3F70EFB0746204626
S21401F6E0F3F7EEFA4B46CDE900704246314628461E
S21401F6F0FFF7EAFE05B0BDE8F0832DE9FF470546B2
S21401F70018461E4690460F469DF830A0F3F7D8FAE5
S21401F71081463046F3F7F0FA044651462846E4B2ED
S21401F72001F063FC21464846FFF710FF5346CDE93A
S21401F73001904246394628460094E6F7D5FC334602
S21401F740424639462846CDF830A004B0BDE8F04719
S21401F75001F016BD03F012BCF3F7D8BEF9F726BDCB
S21401F7601FB56846FDF792FFC8B902A9FCF768FC09
S21401F770082269460DEB020001F071FD10B9002068
S21401F78004B010BD02A90120FCF75AFC0822694604
S21401F7900DEB020001F063FD90B90120F0E7FDF7E3
S21401F7A067FF4FF6FF739842044609D00020FCF726
S21401F7B05FFC8442E3D00120FCF75AFC8442ECD083
S21401F7C0FF20DDE7E6F744BDE6F7FCBCE6F720BD23
S21401F7D0F5F74CBCE6F738BE70B506460C4615463E
S21401F7E000F01FF860B10CB9002070BD002DFBD0F1
S21401F7F0204600F060FC013080B2A842F4D8F4E75D
S21401F800304600F014F840B1002CEDD0012DEBD9B4
S21401F810204600F055FC0230EEE73046E6F75EFD86
S21401F820EBE7413801288CBF0020012070474338A0
S21401F83001288CBF0020012070470020704700205F
S21401F84070470388B3F57C4F01D3FFF7F8BF08462E
S21401F850FFF7F3BF10B54A880488A2420DD1037B97
S21401F8600C79234009D0B2F57C4F08D3FFF7E7FFA8
S21401F8700B891B1A5842584110BD0020FCE7012095
S21401F880FAE738B50D88D488A5420AD10388B3F5BE
S21401F8907C4F08D2FFF7D5FF13891B1A58425841EF
S21401F8A038BD0020FCE70120FAE710B586B01C46FB
S21401F8B0ADF812200023BDF820208DF80C00ADF81D
S21401F8C00E10ADF8142000931A4602A903A802935D
S21401F8D08DF81040E6F7C8FD029806B010BD2DE978
S21401F8E0F0410779064600254FF01408E8B2874232
S21401F8F001D800241AE0D6F800C008FB05F00CEB8E
S21401F90000043CF8000081421AD132B1802A10D19D
S21401F91094F90CC0BCF1000F12DAB0F57C4F05D398
S21401F9202046FFF78CFF834200D04BB92046BDE846
S21401F930F081402A04D194F80CC01CF0400FECD1A1
S21401F9400135D3E70121E6F7DBBC08B513460022F3
S21401F950E6F7B0FE003818BF012008BD08B513460B
S21401F9604022E6F7A7FE003818BF012008BD08B5FB
S21401F97013468022E6F79EFE003818BF012008BD18
S21401F9800023E6F797BE0021E6F704BF7047002084
S21401F9907047F8B516461F469DF81820BDF81C306E
S21401F9A00546E6F787FE78B10421FFF7F0FF044627
S21401F9B050B1284600F0A1FB3A4631462846A047FA
S21401F9C0BDE8F84000F08DBBF8BD2DE9F74FDDF836
S21401F9D030909DF834B01E460746BDF8383088464C
S21401F9E014462AB3B9F1000F22D00EB392F804A040
S21401F9F099F80020618812F0080F0CBF802240227F
S21401FA005046E6F757FE98B10821FFF7C0FF0546B6
S21401FA1070B1504600F071FBCDE9009B334622469B
S21401FA2041463846A84703B0BDE8F04F00F059BB41
S21401FA3003B0BDE8F08FF8B5BDF8187016461A4643
S21401FA403B460446E6F736FEE0B177B90221FFF7FA
S21401FA509EFF0546B0B1204600F04FFB31462046DA
S21401FA60A847BDE8F84000F03CBB1021FFF78FFF28
S21401FA70054638B1204600F040FB3A46314620465E
S21401FA80A847EEE7F8BD73B5BDF8184016461A4606
S21401FA9023460546E6F70EFEB8B1C4B92021FFF7A6
S21401FAA076FF044670B1284600F027FB099B0093B9
S21401FAB09DF81C209DF8203031462846A047044674
S21401FAC000F00FFB204602B070BD8624FAE7002442
S21401FAD0F8E72DE9F04186680446007800F00DFB52
S21401FAE0002514273279EBB29A4203D8BDE8F041DB
S21401FAF000F0F7BA7B4332682078D15A02EB03084C
S21401FB0000F075FA01214046FFF741FF034608B1B0
S21401FB10207898470135E5E74FF6FF7070470120DA
S21401FB2070472DE9F04F89B01C46BDF848809DF816
S21401FB304C3001939DF8503002939246434622463C
S21401FB4007460D46E6F7B6FD8DF81470ADF816506B
S21401FB508DF81840ADF81AA0ADF81C80064618B905
S21401FB60012009B0BDE8F08F05A9FFF773FE002854
S21401FB70F6D000252F46A8462C4634E00C233188C3
S21401FB801FFA85F903FB09F97368B1F57C4F33F861
S21401FB90092003EB090B1AD333F8090050452CD37F
S21401FBA0019BA3422DD900F05CFA9BF80200E6F710
S21401FBB0C3FF029B43B19BF8043013F0010F0CBF47
S21401FBC005200720E6F7B8FF0134A4B219E0ADF826
S21401FBD01A20594605AA30460393FFF752FE039BA7
S21401FBE00028D9D101353289ABB29A42C6D804EB86
S21401FBF00800C31B58425841B3E708F101081FFA31
S21401FC0088F80137BFB2EDE72DE9F04F8FB098467F
S21401FC109DF8703005930023BDF860A08DF82C0088
S21401FC20ADF82E10ADF83220009305460E46174665
S21401FC3008A91A460BA80893199C9DF868B09DF868
S21401FC406C908DF83080ADF834A0E6F70DFC089B7B
S21401FC50002B00F09680B9F1000F07D19A785A452B
S21401FC6040F091801A79D10740F18F801A795207B6
S21401FC7033D59A68516892680A920991987800F08B
S21401FC8057FC089A92F80390B9F1020F034615D86B
S21401FC9007904A46214609A800F006FC079B0690F5
S21401FCA04A4621460AA800F0FFFB069B012B01D01D
S21401FCB0013012D187200FB0BDE8F08F06904A467A
S21401FCC00998214600F0F0FB0128F3D0069B0A981C
S21401FCD04A46214600F0E8FBEAE7059B0BB1002007
S21401FCE0E9E7089B4FF6FF7298782146FFF774FD07
S21401FCF000284CD05FFA80F9CDE90294CDE900AB3B
S21401FD0043463A4631462846E9F7B4F90028D2D1A7
S21401FD10CDE90294CDE900AB43463A463146284642
S21401FD20FFF7B1FE0028C6D101230093059B2246AA
S21401FD3019460BA8E6F798FB0028BCD1089B32466B
S21401FD4029462046FFF722FE43463A4631462846D4
S21401FD50CDE901B4CDF800A0E5F7D4FE43463A4616
S21401FD6031462846CDE90294CDE900AB00F05FF9B3
S21401FD70CDF800A043463A4631462846FFF75BFEDB
S21401FD80ADE7862097E78D2095E7882093E7012049
S21401FD9091E72DE9F04786B00446DDF83C909DF8E2
S21401FDA040A0BDF83880CDF80080CDE9019A0D4617
S21401FDB016461F4601F024FAA8B1431EDBB2012BFA
S21401FDC00ED800230493831E58425841CDE902A061
S21401FDD0CDE900893B46324629462046FFF714FF07
S21401FDE006B0BDE8F0870120FAE730B587B00024F9
S21401FDF00125CDE903549DF828500094CDE901353D
S21401FE004023FFF701FF07B030BD10B586B04FF0B5
S21401FE10010C0024CDE9034C9DF828400294099C6E
S21401FE200194BDF820400094FFF7EEFE06B010BD29
S21401FE3030B587B000258DF81030BDF828308DF824
S21401FE400C00ADF80E10ADF81220ADF814300B9A78
S21401FE50BDF83030009502A903A80D9C0295E6F77F
S21401FE6003FB18B914B1029B9B78237007B030BD11
S21401FE7030B585B000249DF820500394CDE90135B6
S21401FE8000944023FFF7D4FF05B030BD2DE9F84FAD
S21401FE9002290C9D0746884604D84FF0000A5046B2
S21401FEA0BDE8F88F1BBB02700124E7F795FA04F151
S21401FEB0020A385501349DF828303B554FF00009A9
S21401FEC00B9A5FFA89F3D45C002CE8D0732C18D80F
S21401FED02E464C2C56F804BB45D0532C1DD0622C14
S21401FEE04DD1AC8805F1080600231A461EE0042908
S21401FEF0D3D942F0040243701B0A027083700324B4
S21401FF00D3E7A4F17503032BC7D8763C2E1D022C2C
S21401FF1052D8DFE804F0565A58006A6894B2D2B252
S21401FF20B2F1FF0305F1080618BF01230AEB04012D
S21401FF3019448845B1DB50461946002947D1534438
S21401FF401FFA83FA5CB1BBF1000FA6D0224607EB7D
S21401FF500A00594601F075F954441FFA84FA09F16A
S21401FF6001093546ACE76A684FF6FF7394B205F1AE
S21401FF70080622469C4214BF02230023D6E76C2CB7
S21401FF8005D1584600F09CF8841CA4B2ACE7732C4B
S21401FF9004D1584600F08FF8441CF6E7A4F130036C
S21401FFA0DAB2092A01D89CB29EE7A4F14103062BD6
S21401FFB03FF673AF373CE8E7012300242A68A346DF
S21401FFC0B4E70223F9E70323F7E70423F5E700F193
S21401FFD0010C01393A54C9B2120A1FFA8CF0ACE787
S21401FFE00020E6F765BD0120704701207047704785
S21401FFF0002070470020704700207047002070479F
S214020000002070470020704701207047012070478B
S214020010002070470020704700207047002070477D
S214020020B52070478420704770470020704770479D
S214020030002070470020704700207047002070475D
S214020040002070477047B520704700207047002098
S21402005070470020704770477047002070470020A6
S214020060704738B50546C0B2E6F766FD0446280A6C
S214020070E6F762FD14B1002808BF0024204638BD0A
S21402008010B4CC18944203DC5DF8044BFFF7EFB8CB
S21402009000205DF8044B70470423FFF7F1BF08B554
S2140200A00223FFF7EDFF80B208BD08B50123FFF774
S2140200B0E7FFC0B208BD0078FF2808BF00207047DF
S2140200C008B502220021FFF7EAFF4FF6FF739842B7
S2140200D008BF002008BD002818BF70207047002007
S2140200E070470020704708B5FFF72CFCFF284FF03A
S2140200F0FF3018BF0020C0B208BD08B5FFF7F3FFF7
S214020100FF280CBFA320002008BD73B50646E5F7FE
S2140201107DFE81250446019614B9284602B070BDBC
S2140201202378B3B9336862685B889A4211D1A368B0
S214020130F27B99B292B1328A91420AD1727DB2EBC7
S214020140134F06D1E36801A90020984710F0FF0577
S214020150E3D02046E5F762FE0446DDE74FF6FF727F
S214020160EAE710B5036804465879E7F707F940B995
S21402017023685B88032B04D00121204600F02CF96B
S2140201801BE0637D012B0AD0637D33B92368228A84
S21402019059885879FFF7E2FB48B9C321EDE723688F
S2140201A0228A59885879FFF7E2FB0028ECD02046CD
S2140201B0FFF7ABFF01460028DFD1012010BD38B59E
S2140201C00446436808460D469847B4F90830002BA3
S2140201D002DB2B78042B06D1002363602046BDE8A1
S2140201E03840E6F7E9BF38BD2DE9F0438846107877
S2140201F09DB0002114461D46E6F7C2FF07460028BA
S21402020000F0D4800678002E75D0B8F800100029C9
S21402021040F0CC800389B8F8022043F400408242C2
S21402022040F0C4806178002965D1A2F50042062A12
S21402023000F2BC80DFE802F08787BABA049E630049
S214020240E388E17AADF81C302389ADF81E30637975
S2140202508DF820308B1D0D3D14F813208DF80C10F0
S21402026015F001058DF8142045D109A8049004F173
S2140202700C0C80465FFA85FE8E450CF1020C09D204
S2140202801CF8019C1CF802EC0EEB092E28F802EB77
S2140202900135EFE75B00013300EB41000A4403F04F
S2140202A0FF030690D2B28A420FD01CA800EB41058B
S2140202B0E018013190F801C0E05C023300EB0C203C
S2140202C025F84C0CC9B2DBB2EDE7B7F908203B893A
S2140202D0002AB4BF03220122C3F30E038DF80020C6
S2140202E0ADF802306288ADF8042003AB029369468B
S2140202F03846FFF764FF30461DB0BDE8F083042D94
S214020300F9D92279053DADB29542F4D16188E8B2B9
S21402031005341AB295B1002AB4BF03220122C3F3F0
S2140203200E038DF80C0004948DF82420ADF82630C8
S214020330ADF8281003AB0B9309A9D9E7002AB4BF7E
S21402034005220622EBE70B2DD5D9D4F80200D4F805
S214020350061003AA03C213F4004F14BF032204229A
S2140203608DF82420C3F30E036289ADF82820ADF879
S2140203702630DFE7042DBED921796288ADF8282021
S2140203804A1DD2B2AA42B6D113F4004FC3F30E03EB
S21402039014BF03220122ADF82630053403AB8DF8D4
S2140203A024200B9304948DF80C10C5E70026A2E7D0
S2140203B0FFF751BE08B5F4F7B7FC20B9F3F7A6F875
S2140203C008B9E5F765F8FFF73DFEBDE80840FFF718
S2140203D043BE0020E7F730B80022E7F787B8D28896
S2140203E012F0200F10B503460CBF522449240846CB
S2140203F0510544BF083CE4B2110544BF083CE4B2D0
S214020400120444BF023CE4B2032B11D8DFE803F027
S21402041005020A0EC0B2FBF72BFEFFF7FFFD201AFD
S214020420C0B210BDC0B2FBF73BFCF6E7013CE4B23B
S2140204304FF6FD70F1E7F8B5064617460D4681B150
S2140204400C78FF2C0BD00846FFF735FEB84228BFC3
S2140204503846C4B22246691C701C00F010FF347085
S214020460F8BD0C46FBE770B5044615460E4611B9B4
S2140204704170017070BD0B78FF2B05D14B78FF2BB6
S21402048002D103704370F5E73046FFF719FEA84223
S21402049028BF284685B22A46B11CA01C00F0EFFEF3
S2140204A025702D0A6570E5E7F0B523B9013A531CAD
S2140204B02FD1002020E0042AFBD80023551E1C461C
S2140204C06E1C1AD1042A10D0D2000121501E01FA45
S2140204D000F020421EBF914049420C4318421EBF04
S2140204E04FF0FF3101FA02F213439C4216DCB4BF0E
S2140204F04FF0FF30002040B2F0BD40B1465DEF0045
S214020500BE4034434E5DBE403343013DD8E7064607
S214020510F5E78C5C20B1835CA34202D90120EBE7AD
S2140205200346A34202F1FF32C1D24FF0FF30E3E7A7
S214020530283807288CBF00200120704700200021A1
S2140205407047F7B59DF820409DF82460082C0546B4
S2140205501946104636D800222C441346AC4208D11F
S21402056006F0FD04382C0ED10096FFF7E7FF03B025
S214020570F0BD14F8017D1B0243EA12631202BA1898
S21402058043F10003EAE7392E10D107EE100A07EE10
S214020590902AB4EEE77AF1EE10FACCBF77EE677ADD
S2140205A077EEC77A002117EE900AE0E7824273EBF5
S2140205B0010403D2801A61EB0301D8E7101A63EB39
S2140205C00101D4E700200146D1E738B515461A46A0
S2140205D02B78069C13F0040F0CBF032305239342CB
S2140205E001D9002038BDBDF8103021712060E380AB
S2140205F0A560A2812B7803F00103A3732B7803F086
S2140206000403002B14BF01210021E1732978C1F3F2
S214020610C00161754FF0010121751AD02846FFF717
S2140206203EFD237D208202332375237D5A1CD2B2DF
S2140206302275E95CA1740233DBB22375AA5CE2740C
S214020640A2899A42CDD3059BA3610023237701207A
S214020650C8E72382E9E72DE9F0411C469DF8188099
S2140206600E4617460546E7F7B3F8002220704146C5
S214020670204602F005FA034630B13A46314628468D
S214020680BDE8F041E7F7AEB81820BDE8F08130B516
S21402069089B00446ADF806108DF81020F2F7C4FEB5
S2140206A005462046F2F7D0FE03469DB1BDF8060089
S2140206B0ABB902F056FCFF2808BF00208DF80F00E9
S2140206C00DF10F030593DDE904122046FEF7FFFC49
S2140206D009B030BD0028F6D00DF10603F2E702F0AD
S2140206E040FCFF28BDF80630ADF81A3008BF0020DF
S2140206F08DF80F008DF8180006ABE3E770477047D9
S21402070070477047704770470020704770477047C1
S214020710002070477047704710B51C4602F078F903
S21402072002F040F800232370C0F34020400010BDC2
S214020730002208B50B461146FFF7EEFF023818BF37
S214020740012008BD704700207047704700207047A0
S2140207507047B520704701207047704701207047E8
S2140207601422002100F0A5BD704730B5407801285C
S21402077087B00C464FF0110301F1100516D1022284
S21402078001A9F2F7E5FD234601AC1868596822462E
S21402079003C20833AB421446F7D11123022201A941
S2140207A00020F2F7D5FD002007B030BD062201A9D1
S2140207B00120F2F7CDFD234601AC1868596822469F
S2140207C003C20833AB421446F7D111230622E6E7EA
S2140207D030B5407887B001280C464FF011030BBFA6
S2140207E00222062201A901A918BF0120F2F7B0FDD4
S2140207F005AD01AA2346144603CCAC4218605960E4
S214020800224603F10803F6D1002007B030BD10B52A
S21402081088B00C461A23082201A90120F2F798FD97
S21402082021460DF10E0304F1100251F8040B43F8B1
S214020830040B9142F9D11A23082201A90020F2F7EB
S21402084087FD002008B010BDF0B58BB004460D46FB
S21402085002F094FBB0B101A8F9F7CEFB90B1667B2B
S21402086016F0020F04F1040705D0082201A9384643
S21402087000F0F5FCD0B901AB03CB46F0020660608F
S214020880796066731A23082203A90120F2F760FD35
S2140208900DF1160329460DF1260253F8040B41F812
S2140208A0040B9342F9D100200BB0F0BD2D20FBE7DC
S2140208B070B505468AB00C46252200210DF10300CC
S2140208C000F0F7FC6B68CDF81D30AB68CDF8213030
S2140208D0234603F1100601AC18685968224603C283
S2140208E00833B3421446F7D16A7B012312F0040F91
S2140208F08DF802300CBF4FF480734FF4A0731107CB
S21402090048BF43F48063ADF80030930748BFBDF894
S2140209100030684644BF43F00803ADF80030F7F7EE
S21402092013FF003818BF01200AB070BD30B5427BF5
S2140209300D46D1078BB0044607D5407801A9F7F7D4
S21402094067FFD8B12D200BB030BD9307FAD5C2F39E
S214020950800310074FEA8313ADF8023044BF43F416
S2140209608063ADF80230BDF80220201D0AB10DF1F9
S214020970020201A903F053F90028E3D001AB03CB2E
S2140209809DF814302373BDF81030A160590648BF95
S214020990627B606044BF42F0040262735A0542BF43
S2140209A0627B42F0080262731B0742BF637B43F01E
S2140209B0020363732B4606AC0AAD224603CAAA425A
S2140209C018605960144603F10803F6D10020BAE70E
S2140209D0F0B5044693B00D46252200210DF1230002
S2140209E000F067FC6368CDF83D30A368CDF841306F
S2140209F004F1040C2B4609AE05F110071868596875
S214020A00324603C20833BB421646F7D105238DF899
S214020A102230637B5B0103F40073ADF82030637809
S214020A20FF2B19D100231A4601A9604600F0E8F907
S214020A309DF80530FF2B0CD100231A46184601A953
S214020A4000F0DEF99DF80530FF2B02D11C2013B012
S214020A50F0BD9DF805306370617808AA002000F0AA
S214020A609CFA0646F0B919231946627801A8FDF7E2
S214020A70DCFF2B4603AD186859682A4603C20833C2
S214020A80BB421546F7D1637B6178DB0642BF9DF811
S214020A901C3063F07F038DF81C30192301AA184618
S214020AA0FDF7CCFF301E18BF0120D0E710B5044674
S214020AB08AB02422002101A800F0FBFB637B5907C1
S214020AC044BF4022ADF810201A0742BFBDF81020DE
S214020AD042F48062ADF81020DB070FD5607801A9DA
S214020AE0F7F796FE10B12D200AB010BD01AB03CB6E
S214020AF0637B606043F00203A160637304A9201D58
S214020B0003F08FF80028EED00020EDE71FB5694607
S214020B1000F08DF8002818BF2D2005B05DF804FB04
S214020B2073B50D4614460646E6F7B8FF6B881A07F5
S214020B301AD522463146102003F054F82046E6F72E
S214020B40ADFF6B88D90717D50023224601210DF188
S214020B5007008DF80730E7F707F86B88002B0CBF05
S214020B602120002002B070BDDE06EAD5224608210A
S214020B70281DE6F7F9FFE1E79A0701D50223E4E725
S214020B805B07EAD50323E0E70F20704710B586B06F
S214020B90044601A9022211230120F2F7D9FB9DF88F
S214020BA01430E37001A803F032FB80F00100062245
S214020BB001A9607011230120F2F7CAFB9DF81430D8
S214020BC0A37001A803F023FB80F001002070F7F762
S214020BD09BFE6060002006B010BD1FB50C4669463D
S214020BE000F025F810222146684600F038FBB0FADD
S214020BF080F0400904B010BDB8B1B1B14388A3B9C2
S214020C000378013B082B10D8DFE803F00507090B31
S214020C100F0F0F0F0D00FFF7A8BDFFF7F8BDFFF788
S214020C2047BEFFF7D5BEE7F7E5B82120704738B5CF
S214020C300D4609B300B30378013B082B1AD8DFE848
S214020C4003F0050D1013191919191600FFF7C0FD48
S214020C500446284603F0C5F9204638BDFFF7F4FDE2
S214020C60F6E7FFF763FEF3E7E6F730FFF0E7E7F7AE
S214020C70CBF8EDE72124ECE72124EDE770B5044636
S214020C8086B001A80D461646FFF76AFD2068616821
S214020C908DF8116003238DF8043002AB03C3294696
S214020CA001A8FFF7A9FF06B070BD10B5044686B0CE
S214020CB01123062201A90120F2F74AFBA3789DF828
S214020CC014209A4207D08DF814300622112301A967
S214020CD00020F2F73DFB1123022201A90120F2F7C0
S214020CE037FBE3789DF814209A4207D08DF814302B
S214020CF00222112301A90020F2F72AFB06B010BD3A
S214020D0030B5437B13F001028BB004460D4607D084
S214020D10407801A9F7F77CFD70B12D200BB030BDED
S214020D209B07FAD5ADF8022001A90DF102020430A4
S214020D3002F075FF0028F0D000210E22A81C00F059
S214020D40B8FABDF810302B80039BAB60BDF81230AA
S214020D50AB819DF81430237301AB03CB6060A160B6
S214020D600020DBE770B5437BDB078AB005460E46FC
S214020D7002D42D200AB070BD4078694600F00BF907
S214020D8004460028F5D1DDF81D306B60DDF8213011
S214020D90AB606B7B43F002036B730E220146B01C02
S214020DA000F087FABDF80030069AB26043F00403FA
S214020DB03380059B73602046DCE70B4610B504467D
S214020DC010220021184600F074FA2278032A09D06D
S214020DD0042A0DD0022A11D101462046BDE8104051
S214020DE0E7F71CB801462046BDE81040FFF788BF6B
S214020DF001462046BDE81040FFF7B4BF262010BDCE
S214020E00F8B50C46054608461F461646FFF7A8FCE8
S214020E100423237025B108222946E01800F02FFA91
S214020E20637B43F0020363734EB9324601212846C0
S214020E3000F0B8F8FF28607007D12D20F8BD3146C3
S214020E402046FFF7F4FE0028F7D1637B43F0010348
S214020E5063730DB90020F1E7002FFBD03946204618
S214020E60FFF7ABFFF6E7F8B50C4607460846164608
S214020E701D46FFF775FC2046032300F8043B39465F
S214020E80082200F0FCF9637B43F0020363733146E9
S214020E902046FFF7CCFE08B12D20F8BD2946204695
S214020EA0FFF78BFF0028F8D0F6E7F8B50C460746A2
S214020EB0084616461D46FFF753FC03232370637B42
S214020EC0677043F00103637331462046FFF7AFFEB7
S214020ED008B12D20F8BD29462046FFF76EFF0028F0
S214020EE0F8D0F6E718B18022012100F05BB8FF20A7
S214020EF0704730B589B00D46FFF7F4FFFF28044669
S214020F0012D019230246194601A8FDF78EFD28685D
S214020F10696801AB03C31923184601AA2146FDF7E7
S214020F208DFD002009B030BD2D20FBE707B500235C
S214020F3000931A461946F9F77BF8B0FA80F0400992
S214020F4003B05DF804FB7047704700207047704797
S214020F500F2070470F207047002070470F20704701
S214020F60002070470020704784B08DE80F000020F4
S214020F7004B07047704770470020704770470020E3
S214020F807047704700207047012070477047002066
S214020F90704701207047B5207047B5207047002083
S214020FA070477047FF207047704770471FB501248F
S214020FB08DF80F400DF10F0401949DF8184000942F
S214020FC0FDF7EBFE04B010BD07B501230DF10702D5
S214020FD08DF80730FDF7FCFE03B05DF804FB7047A2
S214020FE070474FF0FF307047704770477047704742
S214020FF00020704770477047704700207047704760
S21402100000207047002070470020704770477047E6
S214021010002070470020704770470020704700206D
S214021020704770470020704738B50546FDF761F9EE
S21402103004462846E8F71EFA2046BDE83840FDF783
S2140210405CB910B50446C069FFF7EEFF20462422BD
S214021050BDE81040002100F02CB9704708B5E2F751
S214021060F9FBBDE80840FDF7DFBA08B5E0F7DAFF9E
S214021070FDF7D8FAE0F7E2FFE3F7BAF9E3F756FA34
S214021080BDE80840E3F76CBA70477047704708B58A
S214021090FDF7C5FDBDE80840FDF7E9BD7047012034
S2140210A070470120704738B5FDF7A2FC0546E3F706
S2140210B0EFFA041E18BF2C46FFF7F1FF002818BFF0
S2140210C0204638BD38B5E2F723FA0446FDF792FC0F
S2140210D0042817D002284FF0000508BF0124FDF7A8
S2140210E0E4FD042810D0022808BF0124FFF7D9FF28
S2140210F004280BD0022808BF0124002D18BF0024A4
S214021100204638BD0125EAE70125EFE70024F7E788
S214021110FF20704708B5FFF7FBFF002008BD08B5A3
S2140211200020FEF712FA0020E6F7A8F80020E3F700
S214021130D3FA0020E3F724FC0020E3F7ADFC0020FE
S214021140E4F750F80020E4F7C3FDBDE808400020AD
S214021150E4F74CBE0120E3F74DBB08B50220E5F7E5
S21402116097F80220E6F716F90220E4F73BF8BDE806
S21402117008400220E4F766BFE3F70CBCFEF799BA14
S2140211807047E3F741BC704770477047704710B529
S2140211900446FEF77CF82046FDF7E7FF2046E3F715
S2140211A073FE2046BDE81040FEF71AB8FEF747B8B1
S2140211B0FEF751B8E4F796BD70477047FDF7FCBFDF
S2140211C07047704770477047704770477047E4F73C
S2140211D0FFBD70477047704782B002AB03E9060056
S2140211E002B07047704770477047E7F71BBFFEF7BD
S2140211F023BF704700207047FEF720BFFEF729BFC7
S21402120010B50128BDF808400DD10E290BD1552A7C
S21402121009D1402B07D134B99DF81000A0F139034B
S2140212205842584110BD0020FCE7F0F73BB910F8D1
S214021230012B11F8013B012A28BF9A42F7D0D01A97
S21402124070470A44914200F1FF3300D1704710B54F
S21402125011F8014B03F8014F9142F9D110BD10B5B8
S21402126001390244904201D1002005E0037811F8CA
S214021270014FA34201D0181B10BD0130F2E788428D
S21402128010B501EB020402D98442234607D8431E56
S214021290A14208D011F8012B03F8012FF8E7024407
S2140212A001468A4200D110BD13F8014D02F8014DE5
S2140212B0F7E702440346934200D1704703F8011B46
S2140212C0F9E7704770474369406CDA1C1438B2FB82
S2140212D0F0F203EBC203CA1DB2FBF0F2013201EBDD
S2140212E0C2010333B3FBF0F3023300FB0310704773
S2140212F038B5446905462146FFF7E5FF6A6CE31DEB
S214021300143AB3FBF2F3013304EBC304204438BDB2
S21402131073B506460D460024F36B01225B6901A9EC
S21402132028199847019B013309D1736C043462195A
S2140213306A405B421A42EFD0204602B070BD0024DB
S214021340FAE770B505460C46DFF792F9EB6B2046D6
S214021350DB68BDE87040184770B5002586B00446C5
S2140213600562E369AB4202D8206A06B070BD666CBD
S2140213702068E36B05225B6901A906FB0500984716
S21402138001A800F009FC00F02CFC10B1236A01331E
S21402139023620135E5E738B50446456C006804F17A
S2140213A0400305FB0101E06B00F028FC05462046E1
S2140213B0FFF7D2FF284638BDF0B5054687B00026AF
S2140213C0EC69013CB44203D80C46204607B0F0BD97
S2140213D001B14C1E6F6C2868EB6B05225B6901A994
S2140213E007FB0400984701A800F0D6FB00F0F9FBC3
S2140213F00028EAD101362146E2E7F0B50446466CFB
S214021400E36B00685B6987B00D46052201A906FBFF
S2140214100500984701A800F0BFFB00F0E2FB20B1F0
S21402142001A800F090FB07B0F0BD29462046FFF762
S214021430C3FF676CE36B064620685B69052201A959
S21402144007FB0600984701A800F07DFB431CEAD084
S214021450B54238BF0130E6E72DE9F043D0F82480E4
S2140214604FF6FF7987B004460E46C84514BF454678
S21402147000250027E369BB4202D807B0BDE8F08327
S214021480E26B2368606CD2F814C001A9052200FB47
S2140214900530E04701A800F07FFB022806D0C845C9
S2140214A00CD1721C29462046FFF775FFE369013509
S2140214B00137B5FBF3F203FB1255DBE7294620465C
S2140214C0FFF79BFFB0F1FF3F14BF024632460132E0
S2140214D0E8E7F0B5036887B006460025CC1A436CE9
S2140214E0B4FBF3F4F3693768706C5A1E954208D35E
S2140214F0706C336800FB043007B0BDE8F04000F0C3
S2140215007BBB0134B4FBF3F203FB1244F36B0522FC
S2140215105B6901A900FB0470984701A800F03CFB38
S21402152000F05FFB0028E3D10135DBE710B423F0BF
S214021530030422449B070A44436C18BF04325B42EE
S21402154082EA0104234203D05DF8044BFFF7C1BFD1
S21402155010465DF8044B70472DE9F041D0E90A3693
S2140215609E4286B0044628D1C3694568142202FB0F
S2140215701355284606B0BDE8F0812068676CE26B1A
S214021580331AD2F81480B3FBF7F3052201A907FB3E
S2140215900300C04701A800F0FFFA012804D0636CDC
S2140215A01D44013B3340ED1A31462046FFF791FFBA
S2140215B00646A36AB342E0D1DBE70025F9E7F0B5B9
S2140215C0002587B004462E46E369B34202D8284671
S2140215D007B0F0BD636C276803FB0677E36B052252
S2140215E05B6901A93846984701A800F0D5FA00F0D1
S2140215F0F8FA58B1384600F0FFFA01462046FFF7DF
S21402160087FE636C143B834208BF01350136DBE775
S21402161008B508301346D1E90012E9F76DFB012040
S21402162008BD13B50C460021217600936168134667
S2140216302246E7F77DFF18B1E37D03B1A07EA075D1
S214021640A07D02B010BD73B500F1080516460C4623
S2140216500DF107020968284600F09AF9032E06D112
S2140216606368834203D12168284600F077F9012097
S21402167002B070BDD01E009B42424241187E82429A
S21402168011D11A688A420ED85A688A420BD35A690E
S21402169001325A61D3E9030282423FBF986840F89A
S2140216A0221001321A610120704710B5032A029CEB
S2140216B007D1A26A5340626C5242134201D100F033
S2140216C04DF9012010BD08B5C36800209847BDE853
S2140216D00840DEF7D5BF70B5002401281C7014BF81
S2140216E004200220CC7D4243101D02F002024CB9B7
S2140216F01AB1012220F003001A7000F108034868AC
S214021700184470BD1AB1012220F003001A700C7E34
S214021710002301F12005DAB2944201D80020F0E756
S21402172035F83320824203F1010606D901EBC303E2
S21402173000F10802D8691044E3E7801A3346EAE764
S21402174073B590F8426005461C4630460DF1030319
S214021750FFF7C1FFEB6B012E5B690DD1324601A983
S21402176098479DF8033013B1BDF806300193BDF8D3
S2140217700430236002B070BD0122214602B0BDE8EB
S21402178070401847F0B5054687B04868EB6B0024F2
S2140217905B6902940E46012202A908309847274642
S2140217A095F84230012B40F08480632C02D90298CF
S2140217B007B0F0BD612C08D805AB22463146284654
S2140217C0FFF7BEFF9DF814301BB305AB2246314629
S2140217D028468DF81070FFF7B3FF95F84230012BBC
S2140217E0059B55D14FF6FF72934200F09680082271
S2140217F005A904A800F057F9059B9DF81010C3F33D
S2140218000722914240F08980DBB2029A1A44029281
S21402181083E095F84230012B30D103AB22463146A5
S2140218202846FFF78DFF04AB621C31462846FFF7B9
S21402183087FF05ABA21C31462846FFF781FF102220
S21402184008230DEB02010DF107008DF8073000F0BA
S2140218502AF9102205A90DF1070000F024F9039BCE
S214021860DAB2002A52D19DF80720B2EB132F4DD1DF
S214021870DDE9043203EB0243029347E0302C2BD916
S21402188044E09DF80720B2EB134F3FD1049BF3E7E9
S214021890013342D0102205A90DEB020000F003F935
S2140218A0059B9DF81010C3F30742914235D19BB2B7
S2140218B0ABE7312C3FF67BAF87D005AB22463146ED
S2140218C02846FFF73DFFBDF81430002B7FF47DAFAE
S2140218D095F84230012BA0D003AB2246314628466B
S2140218E0FFF72EFF04AB621C31462846FFF728FF9F
S2140218F0102320220DEB03010DF107008DF80730AF
S21402190000F0D1F8039B9AB2002ABAD095F842307A
S214021910012B14BF012302231C44013440E713B5F4
S21402192000240194049C0094E8F7A2F902B010BDCA
S21402193030B5446800234FF0FF329C4202D10023A8
S214021940037230BD016801EBC30541F833206A60BB
S2140219500133F2E7C0E90012FFF7EABFF0B54568C7
S21402196000239D4211D0046854F83320B2F1FF3FA1
S2140219704FEAC30704EBC30608D0C2F31302914230
S21402198004D14FF0FF33E3517360F0BD0133E8E753
S214021990F0B5456800239D4202D14FF0FF300FE0BC
S2140219A0046854F83340671C4FEAC30609D0C4F3F0
S2140219B01307B94205D1240D1470036833445868DE
S2140219C0F0BD0133E7E713B50446002301461B22A8
S2140219D00DF107008DF8073000F065F822689DF8D3
S2140219E00730B3EBD26F0CBF0120002002B010BD4F
S2140219F013B500230446014620220DF107008DF898
S214021A00073000F050F80DF107001A22211D00F0F1
S214021A104AF862689DF80730B3EB926F0CBF01205C
S214021A20002002B010BD0068431C5842584170475F
S214021A30006810F07E0F0CBFC0F3C1600020704734
S214021A400068C0F3D3107047006800F07F000128DA
S214021A508CBF002001207047036813F07E0F14BF6E
S214021A60042008207047036813F07E0F03D14068F5
S214021A7020F07C40704713F078001CBF03F07F0311
S214021A80D81F7047006800F07F007047032809D00F
S214021A90022803D1C1F10201C8B2704700290CBF67
S214021AA00720002070471F2A0B689EBF4FF0FF31A9
S214021AB091408B43590801F055315B1A03F03331DC
S214021AC09B0803F033330B44017803EB13130A44E9
S214021AD003F00F334FF001314B43A2EB1362027057
S214021AE0704737B501F10C04436905466946012281
S214021AF020469847BDF8003001930122AB6901A940
S214021B002046984703B030BD37B501F10C0443694F
S214021B1001226946054620469847009B4FF6FF720B
S214021B2099B291420DD11B0C1B0443F4254343F09A
S214021B30A50301930122AB6901A92046984703B089
S214021B4030BD0020FBE737B504461B22011D0025E9
S214021B500DF107008DF80750FFF7A5FF60689DF8A6
S214021B600720B2EBD06F03D120F0784003B030BD2F
S214021B700DF107001B2204F108018DF80750FFF74C
S214021B8092FFA0689DF80730B3EBD06F01D1C04337
S214021B90EAE74FF0FF30E9E703684BF29A22B2EB2E
S214021BA0134F10B5044613D19BB2012B13D1FFF786
S214021BB0CAFF01300CD0E0684FF6FF72B2EB104F4E
S214021BC04FEA104309D180B2C01A18BF012010BDD7
S214021BD02368013303D00420F9E70220F7E7032045
S214021BE0F5E701288CBF0020012070470338012842
S214021BF08CBF002001207047143070472DE9F04159
S214021C0005469846036908460E4617469847044610
S214021C1038B943463A4631462846E9F749F9044672
S214021C2018B131462846FFF75CFF2046BDE8F08132
S214021C30ECF77ABC38B504460D46EDF767FE28B9D0
S214021C4029462046BDE83840ECF74ABC38BDEDF7D9
S214021C5035BB70B516460C46FCF74BFB31460546BF
S214021C602046EAF7A3FF04462846FCF746FB204632
S214021C7070BD00F0A8B938B5044648880D4600F095
S214021C80A8F8D4F89C302BB929462046BDE838403F
S214021C90ECF7ACBD022038BD00F09CB800F0F4B9F9
S214021CA073B5044600200D4600F093F8D4F89C6005
S214021CB069462046FFF7F2FF5EB99DF800102A46F5
S214021CC02046E0F7BFF80146204600F0A9F902B028
S214021CD070BD00231A4629462046B047F7E700F0B3
S214021CE038B9E9F7EFBE38B505460C46FCF701FBF6
S214021CF02B6B1C40EB6A2343EB62FCF7FEFA211EB9
S214021D0018BF01210020490238BD38B504460D46E9
S214021D10FCF7EFFA236B1D40E36A23EA0505E5624A
S214021D20FCF7EBFA284638BDC06A704710B50121A9
S214021D300446FFF7EAFF2046BDE81040EAF72ABF4E
S214021D4038B504460D464FF48811FFF7DEFF2946E4
S214021D502046BDE83840E9F753BB0846EAF792BA90
S214021D60EAF7B6B8EAF7D6B80847022A01D800F06A
S214021D703CBA01207047022A01D800F047BA012077
S214021D807047022A01D800F053BA01207047EDF7D7
S214021D9079BB0846EDF798BB00F087BA002070477B
S214021DA00020704738B50D6804462846E9F71AFB46
S214021DB0D4F88C3043B15B6933B1013504BF6FF0A0
S214021DC001020A600A681A60002038BDEDF750BAB0
S214021DD07047704770477047704738B50D460446DF
S214021DE0EAF752FBAC4042F2107364095C43642388
S214021DF0B0FBF3F0B4FBF0F038BD022807D006289B
S214021E0007D0003818BF01204042C0B270470120F8
S214021E1070470020704730B51F23B0FBF3F35D1CFC
S214021E20EDB24FF0FF34C3EB4313AC40C01AE443A9
S214021E300130E4B2C0B21460086030BD70B5054629
S214021E400E46C0B201F00F01FFF7C7FFC6F303113B
S214021E500446C5F30720FFF7C0FFC6F30321044478
S214021E60C5F30740FFF7B9FF204470BD000100F13B
S214021E70804000F50520D0F880007047EAF716B8D3
S214021E8038B50446EAF724F80546EAF721F8431B74
S214021E90A342FAD338BD0020704710B50446EAF7CD
S214021EA077FBC4F30113012B02D0022B02D010BD24
S214021EB04008FCE7C4F3C4240134B0FBF4F0F6E7B0
S214021EC000F03003202B10B513D110F4E02FC0F32E
S214021ED002440AD010F4C01FC0F3C423B3FBF4F4C8
S214021EE018BF6400052C0ED86408FFF7D6FF6043BF
S214021EF010BDC0F382136FF012041C4104F00104FB
S214021F00C4F10204F1E70424EFE710B5044651B128
S214021F100B6843B15B6833B11A68032A03D99C6A1B
S214021F20640E204610BDFCF7E4F901462046EAF7A7
S214021F3057FD04460846FCF7E0F9F2E7EBF7D8BB94
S214021F40EBF7D6BBEBF7D4BBEBF7D2BBEBF7D0BBCA
S214021F50704700207047F0B5144687B01E460F46FD
S214021F6019B90024204607B0F0BD002AF9D000288F
S214021F70F7D001A9EDF72EFF0028F2D0BDF8063003
S214021F80BDF80850A2199A42C4BF9B1B9CB2B54228
S214021F9012D90399AD1BADB23144A5420391ADF8F7
S214021FA008500DD22A463846FFF74BF90499621BB1
S214021FB07819FFF746F9D5E70499761B3144049160
S214021FC022463846F5E70846EAF7A8BB0220E9F7B4
S214021FD0FDBED0F890304BB11A68022A06D993F8A3
S214021FE0250028B11B6AB3FBF0F0704700F0BAB9BF
S214021FF07047D0F890207AB11368022B0CD9536A36
S21402200013F47F4FC3F3072106D0126ADBB25343A1
S2140220108B42B3FBF1F201D200F0A8B9104670472A
S21402202010B590F8CC300E2B04462BD00175D0F8A4
S2140220308C0020B3D4F89C304BB994F8D5308B4240
S2140220400BD320460022BDE81040ECF729BCB4F9B9
S2140220502420B0F912309A42F3DD94F8D51000220B
S2140220602046ECF71DFC60B9C4F88C00204600F050
S214022070FAF901462046BDE81040EDF747BCFF23BB
S214022080637510BD0220FCE70346D0F8CC0008605A
S214022090B3F8D0308B800020704790F8CC300E2BEF
S2140220A014BF407DFF20704738B50C464FF40061E0
S2140220B00546EBF7CFFE70B17CB195F8C63073B922
S2140220C04FF480724FF480712846EBF7B1FE003869
S2140220D018BF012038BD2202F4E72246F2E70020AC
S2140220E0F8E74FF48071EBF7B5BE4A024FF4007181
S2140220F0EBF79EBE8A024FF48061EBF799BE4FF46F
S2140221000071EBF7A7BE3F2B084610B5114619D94A
S214022110B3FA83F3C3F11902D2B2062A01D8192BF5
S2140221200ED0062A28BF0622931DDBB201249C404D
S214022130A4B2A14228BF2146EDF752FC204610BDAC
S2140221400022F1E70024F9E713883F2B10B5084672
S21402215016D9B3FA83F3C3F11901C9B2062901D815
S214022160192B0BD0062928BF06218C1DE4B20123A9
S214022170A3401380EDF752FC002010BD0021F4E7C7
S2140221800120FAE7EBF7A8BE10B50846144601216F
S214022190EAF788F920460121BDE81040EAF782B93D
S2140221A0F8B504460E461746FCF7A3F83A46054627
S2140221B03146204600F044FA04462846FCF79DF8CD
S2140221C02046F8BD0220704703207047E9F7F6BDA7
S2140221D010B5ECF7FDFE044608B9EBF7D3F8204637
S2140221E010BD70478021EBF735BE7FB5531C05AA9C
S2140221F0ADF81410029202210022CDE90021DBB2D2
S2140222001146EBF731FE07B05DF804FB7FB5531CB1
S21402221005AAADF81410029204210222CDE900218B
S214022220DBB200220121EBF71FFE07B05DF804FBCC
S2140222301FB5531C029100220821CDE9002101227C
S214022240DBB21146EBF710FE05B05DF804FB07B5EE
S21402225091F82830009391F82B3091F8292091F8C4
S2140222602A10EDF7F3F803B05DF804FB38B505461F
S214022270ECF752F804462846ECF72AF8072811D15C
S214022280D5F88C30DB6924F47F4121F0080103B1D4
S2140222905B7841EA032141F020012846BDE8384038
S2140222A0ECF740B824F02001F7E7081E18BF01201B
S2140222B070470020704702207047002070470120B8
S2140222C070470020704700207047012070470020AA
S2140222D07047EDF717B808461146EDF7F3B970B533
S2140222E005460C4611461A46EDF71CF906682B46BB
S2140222F02046B446BDE87040604710B5EDF712F9C7
S214022300BDE8104083681847EAF7A6B94942FFF7C6
S214022310FBBF7047431E033307D843F2C8239842D5
S21402232028BF1846642838BF64207047431E012B16
S21402233003D9031F58425841704701207047FFF7E0
S21402234047BD4FF4A0720021FEF7B3BF10B50021BF
S2140223500446FFF77CFC2046BDE81040ECF706BDBD
S214022360EBF7BEBFECF7C8B9FFF733BEECF7CAB956
S214022370FFF73FBE08B502460868FFF7CBFF0860C6
S2140223804868FFF7C7FF48608868FFF7C3FF8860A2
S214022390C868FFF7BFFF0B69C860581C04D043F239
S2140223A0C820834228BF03460B614B69581C04D0E1
S2140223B043F2C820834228BF034688694B61FFF771
S2140223C0A9FFBDE8084088611046ECF763BDD0F867
S2140223D0880070B5C468002324259C4201D10120E0
S2140223E070BD826805FB0322D6898E4202D8128A05
S2140223F08A4201D20133F0E70020F1E7F8B505463C
S2140224000E46EDF721F9D5F888307BB15B696BB1E2
S214022410EAF73AF8D5F888305B691B1A584240F258
S2140224206B124FF042015841EDF7A8FAF768002206
S2140224304FF6FF734FF0240CD0B2B84208D31C46B6
S21402244021462846EDF762FAFFF7C5FC2046F8BD9E
S214022450B1680CFB0011CC899C4202D2002CEFD052
S21402246023460132E8E7008B70470A7838B50546FE
S2140224701046FFF75BFF60B14C782046FFF756FF29
S21402248038B12243530704D42846BDE83840ECF757
S2140224903FB9012038BD10B504460878FFF746FF5D
S2140224A058B14A781046FFF741FF30B1042A04D0EB
S2140224B02046BDE81040ECF763B9012010BDEBF7EB
S2140224C0B5BEECF7B9BB73B50D7806460C4635B308
S2140224D004238DF8043023798DF8053001A930469F
S2140224E0FFF7D9FF0546B8B92278A37952BB8DF813
S2140224F00430E3798DF8053001A93046FFF7B5FFC1
S214022500054648B923783BB161883046ECF770FA45
S21402251001213046FFF7C8FD284602B070BD2946A5
S214022520FFF7C2FD29463046FFF7DFFD2946304653
S214022530FFF7E0FD2378002BCAD123798DF804300B
S2140225406379C9E702228DF80420D3E7FFF7CDBDF1
S214022550FFF7D5BDFFF7D7BDFFF7F6BD0846114614
S214022560EDF738BCC0F8981000207047ECF77EBA3A
S21402257070B5144686B005460E46122200210DF1AD
S2140225800600FEF796FE2368009369462846ADF8D5
S2140225900460ECF719FB009B236006B070BD38B5EB
S2140225A00446154609B1FFF7EDFD25B12046BDE804
S2140225B03840ECF725BB38BD084611461A46BDF82A
S2140225C00030FFF7C8BC2DE9F74F1C469DF83030A7
S2140225D00193036803F00703063301259D40064670
S2140225E0174605F1FF380B46A1B1416804EA080B0D
S2140225F0A5EB0B0A41F00059524509EB0B0114D921
S21402260052461846FEF71DFE7A1B5A444946504467
S214022610FEF717FE019B2BB13C4448EA050804EA84
S2140226200804F46003B0BDE8F08F1846F0E737B54B
S214022630002500951446FFF7C6FF204603B030BDBE
S214022640F7B505460F4668461146EDF78FFC064677
S21402265098B197B1DDE900311B0A43EA0163A5FB95
S2140226600343090A05FB0135E9F70EFF002302467C
S21402267029462046E6F750FD3860304603B0F0BDE6
S21402268038B14FF47A735843A0F6AC50401AEDF7BF
S214022690E5BC4CF25030FAE700228A4202D14FF0F3
S2140226A0FF30704750F8223093FAA3F30BB9013289
S2140226B0F3E7B3FA83F000EB4210704710B5044616
S2140226C0EDF768FE21460020EFF700FDBDE810405A
S2140226D0002000F0B5B9704708B5F0F735FC80F079
S2140226E00100C0B208BDFFF73BBB70470020704731
S2140226F0704770B5144681F0010519B90D2A07D145
S214022700FF2018E00D2A03D100780538C0B212E087
S214022710084400F047F8C5F1040110F4406602468A
S214022720C9B209D1042C084605D0052C16D112F0E0
S214022730400F18BF084670BDC5F10603042CD8B278
S214022740F9D0B6F5006F03D1C5F10805E8B2ECE79B
S214022750B6F5406FE9D1C5F10E05F7E712F4404130
S21402276007D1062CE7D0072CE5D0082C13D1013070
S214022770CCE755065CBF831CD8B2062CDBD0B1F57D
S214022780004F02D1831CD8B2EDE7B1F5404FEAD133
S21402279000F10803F7E7130744BF0530C0B20C2C5C
S2140227A0C9D9ADE7008870470170090A41707047C1
S2140227B010B50024E3B210B9C3F10303DBB201344F
S2140227C0042CCA544FEA1222F4D110BD10B50B786D
S2140227D04C788A78C97828B91046224604460846B4
S2140227E01946034642EA012043EA042343EA00402C
S2140227F010BD10B50C46F0F763FA048010BD38B56C
S2140228000C461546F0F75CFA03881DB11C43A1B2CC
S214022810018038BD23EA040189B2F9E708B5F0F76A
S2140228204FFA008808BD08B5F0F74AFAC07808BD26
S21402283008B5F0F745FA008800F00C0008BD08B5A8
S214022840F0F73EFA008800F00C00031F5842584189
S21402285008BD38B50546F0F733FA04462846FFF7B2
S214022860EEFF30B904F11000FFF79CFF00F4406061
S21402287038BD4FF40060FBE738B50546F0F720FA9E
S21402288004462846FFF7DBFF014648B910342046C7
S2140228900422EEF7C9FE2044BDE83840FFF782BFA7
S2140228A0A08838BD10B50C46F0F70AFA848010BD31
S2140228B038B50546F0F704FA04462846FFF7BFFF88
S2140228C030B904F11000FFF76DFF00F4404038BD48
S2140228D04FF40060FBE738B50546F0F7F1F9044619
S2140228E02846FFF7ACFF014648B9103420460622B8
S2140228F0EEF79AFE2044BDE83840FFF753BFA088A3
S21402290038BD38B50546F0F7DBF904462846FFF72A
S21402291096FF014608B1201D38BD10340622204617
S214022920EEF782FE2044F7E708B5F0F7C9F9007A19
S21402293008BD08B5F0F7C4F990F9090008BD08B556
S214022940F0F7BEF9807A08BD08B5F0F7B9F9C068A5
S21402295008BD10B50C46F0F7B3F9047210BD10B5F9
S2140229600C46F0F7ADF9447210BD10B50C46F0F700
S214022970A7F9C46010BD2DE9F8430F468046002132
S21402298007F1100016469946F0F760FA0446D0B1F1
S214022990F0F796F905462046F0F7AEF90021024612
S2140229A02846FEF786FC0023AB7049F00401204659
S2140229B0FFF71FFFA5F804802EB13A46314605F10F
S2140229C01000FEF73EFC2046BDE8F883F8B5054643
S2140229D00F4610200021F0F739FA0446B0B1F0F79E
S2140229E06FF906462046F0F787F900210246304680
S2140229F0FEF75FFC0023B37039462046FFF7F9FE68
S214022A0025B12A4601212046F0F7F8F92046F8BDFE
S214022A1008B5F0F755F9103008BD08B5F0F76CF9AF
S214022A201038C0B208BD10B50C46098821B9084650
S214022A30FAF7F8FE208008B1012010BD0220FCE75C
S214022A400020EFF76FBA08B5EFF7F4FC002008BDD8
S214022A504088C0F30C000330800840000430704702
S214022A6008B520B1EFF740FF00F0010008BD0120D5
S214022A70FAE708B5EFF78AFEBDE80840FFF7F0BFB1
S214022A8070B50E46054611463046F0F7DFF90446A5
S214022A9035B128B1F0F714F932462946FEF7EFFBB6
S214022AA0204670BD0088B0FA80F040097047008862
S214022AB010B1C9B2F0F78EB970472DE9F041B0F8FF
S214022AC0008006460C46D5B2B8F1000F11D0294652
S214022AD04046F0F77FF92246074629464046F0F779
S214022AE08DF93A4629462046F0F788F93480BDE843
S214022AF0F0810F46F5E738B5058800220446FFF751
S214022B00DCFF05B1258038BDF8B507460D460088BE
S214022B1000211646F0F75EF9B042044605D1294672
S214022B203846BDE8F840FFF7E6BF00212046F0F73A
S214022B3051F9B04205D020460021F0F74BF9044681
S214022B40F3E72A4620460021F0F758F9324628468F
S214022B500021BDE8F840F0F751B9034608461B8845
S214022B608B4202D00021F0F735B900207047F8B545
S214022B70058807467DB1CCB221462846F0F72AF9E9
S214022B808542064609D100233B8000222146304674
S214022B90F0F734F935462846F8BD2146F0F71AF91B
S214022BA0214602462846F0F729F9EEE72DE9F047D6
S214022BB007888246884614465FB33846F0F79CF884
S214022BC03D460646E4B221462846F0F703F940455C
S214022BD0814616D12146F0F7FDF8214602462846E0
S214022BE0F0F70CF9474504D1454508BF0025AAF879
S214022BF00050002221464046F0F700F93046BDE874
S214022C00F0878742FAD0F0F777F8304486B24D461E
S214022C10D9E73E46F2E72DE9F04780460F4602F135
S214022C20FF3906460024BC4202D219F8015F25B9D4
S214022C30A6EB0800C0B2BDE8F0879A46A5F13102BD
S214022C40012A5AF8041B10D83246322D02F8011B0C
S214022C5006D10134E4B2A74232D30912B21C717013
S214022C600134E4B253461646DDE7342D0CD1033464
S214022C70BC42DDDA0B0A317073700B0C090EB370AE
S214022C80321DF170E4B2EBE7A5F13302062A0DD845
S214022C90303DEDB22B19BB42CADA2A463046013C19
S214022CA0FEF7EDFA55FA84F47219EBE7A5F1410244
S214022CB0062A01D8373DECE71D7903F1080AE9E751
S214022CC01646B5E770B5054600880C46F0F714F8C8
S214022CD0844228880AD9F0F70FF80023221AD2B2C3
S214022CE028461946BDE87040F0F736B92146F0F797
S214022CF01FF8002070BD2DE9F84307460846164621
S214022D009DF8209088461C46EFF7DAFF8519CCB16D
S214022D10C5B14046EFF7F0FF2644864214DC224651
S214022D20B9F1000F06D129463846FEF7A8FA002068
S214022D30BDE8F883B9F1010F39462846F5D0FEF70B
S214022D4080FAF4E72120F3E71D20F1E738B50546BF
S214022D50EFF7B6FF04462846EFF7CEFF00220146FD
S214022D602046BDE83840FFF78BBEF8B516460C463F
S214022D701D46BDF81870EFF7A3FF04443046EFF780
S214022D809FFF3A4641192046BDE8F840FEF777BA5B
S214022D9070B50C460131C9B20646F0F781F92146F4
S214022DA005463046F0F77CF900EB052080B270BD90
S214022DB073B504460D46402000211646F0F746F845
S214022DC0ADF80600EFF77CFFBDF8063013B9002019
S214022DD002B070BD402133462A462044FFF71BFF4F
S214022DE02118C9B20DF10600FFF76CFF0028EED1DC
S214022DF0BDF80600ECE70EB403B503AA52F8041BAE
S214022E000192FFF7D5FF02B05DF804EB03B07047FE
S214022E1000220123C0E900237047F8B504460127C3
S214022E200026FBF771FA23683BB9FBF773FA63686F
S214022E300022012B0ED16360F8BD1D691F6126605A
S214022E40FBF768FA012DF2D02B462D691E61012D83
S214022E50FAD1E6E719691A610B46EAE70069003813
S214022E6018BF01207047036823B94068012803D0C1
S214022E70F0F744B9002070474FF0FF307047F8B5BE
S214022E800546FBF7A9FD01230646A8602B7300271B
S214022E90FBF73AFA2B6802467BB11C692169A1420C
S214022EA00CBF2F60196127611046FBF733FA012C1D
S214022EB008D0636820469847EAE76C68012C04D17C
S214022EC0FBF728FA00232B73F8BD6169711AB1F17A
S214022ED0004FF5D8216969602361E5E7014488421D
S214022EE001D10120704710F8013B9342F7D0002031
S214022EF0704730B5014693B005460020EEF72AF833
S214022F0010F0FF040BD16A4621462046EFF700F880
S214022F106A46214620468DF80250EFF7D9FA204637
S214022F2013B030BD00B5002193B06A460846EEF7EE
S214022F30EFFF9DF9020013B05DF804FB00B5002117
S214022F4093B06A460846EEF7E3FF9DF8000013B01A
S214022F505DF804FB08B5EEF743FB003818BF012006
S214022F6008BD00207047704770477047704770472B
S214022F707047704770477047F9F7C0B800B5002130
S214022F8093B06A460846EEF7C3FFBDF8060013B0D4
S214022F905DF804FB10B5002192B004466A46084666
S214022FA0EEF7B6FF00216A460846ADF80640EFF790
S214022FB08FFA12B010BD00B5002193B06A460846DB
S214022FC0EEF7A6FFBDF8040013B05DF804FB10B5DB
S214022FD0002192B004466A460846EEF799FF0021A1
S214022FE06A460846ADF80440EFF772FA12B010BD12
S214022FF070472DE9F04F85B00C4691468046FFF7A4
S21402300017FC671C05463846FFF7CCFB042D40F03C
S2140230108B804046FFF7FCFC037803F00303012B8A
S2140230204FF009024FF00101204614BF4FF0020B89
S2140230304FF0030BEEF7F8FA092200210546204668
S214023040EEF7F2FA21788DF80F000139002289B2E4
S2140230502046FFF715FD04EB090A0646D0B12A46BC
S21402306001460DF10F035846FBF77DFE0228054682
S21402307026D13046EFF740FEC0B22070002301385A
S21402308000930122C3B231463846FFF734FE237856
S214023090013323704046FFF7C1FB020424D49AF89A
S2140230A0013021789B071FD50139A1EB0901424661
S2140230B0C9B25046F4F700F823781844207013E09B
S2140230C020B92070284605B0BDE8F08F032809D144
S2140230D05046FFF767FB20F4007189B25046FFF7AF
S2140230E063FBD7E70428D5D10125217800222046A4
S2140230F0FFF7C6FC06460028E4D00023014601225C
S2140231001846FBF730FE022819D13046EFF7F4FDD9
S214023110C0B220700023013800930122C3B23146A8
S2140231203846FFF7E8FDCDE780F0800520F0800006
S21402313081B23846C5F3C015FFF736FBD5E700283F
S214023140C0D12070BEE708B50020FFF7C5FA80F0B0
S2140231500100C0B208BD0A4608B501460020F0F7D5
S21402316075FBB0FA80F0400908BD0020EFF7E2BA1E
S21402317000210846EEF75ABF0020EDF7C9BE08B593
S214023180F0F7CCFB003818BF012008BD01207047BD
S214023190F0F7E8BC10B50C46098821B90846FAF7DC
S2140231A025FB208008B1012010BD0220FCE710B5E7
S2140231B00446FDF732FF08B9FDF731FF03050FD4C9
S2140231C00C231B2B01D1002009E020FA03F1C907CA
S2140231D003F1010206D5DBB2E31A5842584110BD8C
S2140231E00B23F9E71346ECE710B50C46098819B924
S2140231F00846FAF717FB2080012010BD402908B5C3
S214023200104604D009D811B13F290CD0C9B200F03B
S214023210AAFABDE80840FBF787BF412905D04C292A
S214023220F4D18D21F3E73121F1E74221EFE770B5C2
S21402323092B004460D4616466A46EEF769FE6A46A0
S214023240294620468DF81F60EFF742F912B070BD8E
S21402325007B50DF10701F0F7B5FE20B19DF807009E
S21402326003B05DF804FBFF20FAE710B50C46F0F752
S214023270AFFF2046BDE81040F0F7C0BE0129F8B502
S21402328005460C461DD003291ED0052920D0072945
S21402329022D00026002400270120EEF72FF9304422
S2140232A085421DDA0320EEF729F92044854219DA11
S2140232B00520EEF723F938448542B4BF07200520DF
S2140232C0F8BD6FF00406E5E76FF004040526E2E7B2
S2140232D000266FF00407DFE7002426460527DBE713
S2140232E00120EDE70320EBE738B14379490023F0EC
S2140232F00C0301F00C010B434371704710B50446F2
S21402330078B141794088490801F006010131000A86
S214023310FFF7B4FF024601462046FFF7E5FF1046D8
S21402332010BD0722FBE738B50D46F0F73FFF04460F
S21402333008B9002038BDFFF7E1FF002DFAD1237946
S21402334013F00703F5D0984238BF1846C0B2F1E72B
S2140233500022F1F789B9002108B50122F1F784F9B4
S214023360401A18BF012008BD38B51546FFF7F0FF12
S21402337004462846FFF76CFF84B1FF2804D0626833
S21402338022FA00F3DB0701D5012038BD0123834072
S21402339013436360E3780133E370F5E72046F4E70E
S2140233A0F1F7C0BB0146102307220120EFF7D0BF7A
S2140233B010B5EFF785FC00F110042046FFF7F2F98E
S2140233C020F4007189B22046BDE81040FFF7ECB940
S2140233D02DE9FF418DF80D301B0A15468DF80E308B
S2140233E001919DF82C308DF80C0001218DF80F30DC
S2140233F00091042303AA28469DF828809DF8307081
S2140234009DF8346001F02DFA044670B12946FFF7A4
S21402341049FAB8F1000F02D12046FFF7C9FF2FB1D3
S21402342046B93146204601F084F80024204604B00E
S214023430BDE8F08100231A4619462046F1F7F4FA51
S214023440F3E74FF47A70F1F749BC08B5EFF706FFD9
S214023450BDE808400020F1F735BD1FB504466846B2
S214023460FFF7A0FF54B100238DF805301023072282
S21402347069460020EFF76CFF04B010BDFFF77EFD33
S214023480ADF80600FFF797FDADF80000EEE700B5D1
S2140234908BB06846FFF786FF009BBDF806000693D2
S2140234A004A9F1F7C1FB0BB05DF804FB1FB5044697
S2140234B06846FFF777FF02AB03CB2060616004B07B
S2140234C010BDFF22F1F7EABD1FB5062304468DF8AC
S2140234D00C30F1F73DFE0023CDE900338DF80D00E8
S2140234E0022303AA0121204601F0BBF904B010BD55
S2140234F0F8B50E460746FFF78BFA0546FFF752F970
S21402350000F44040B0F5404F14BF0022062202F1FC
S2140235100A030B32EB5C5C0004F00E045B081444F6
S21402352003F0380338461C44FFF777FA844208D281
S214023530001BC2B20F2A28BF0F2229193046FDF7F8
S21402354080FE2046F8BDEFF789BED020F3F702B919
S214023550FF224FF6FF71F3F729BA0020FFF7F8BFF4
S21402356037B5082305460C46092269460120EFF7BF
S214023570EFFE15B19DF806302B700CB1009B236050
S214023580BDF8040003B030BD07B508238DF8060069
S214023590ADF804100092694609220020EFF7D8FE23
S2140235A003B05DF804FB13B5044601A90020FFF73B
S2140235B0D7FF019A01462046FFF7E6FF204602B0F3
S2140235C010BDF0B50F46002187B0044608461646E1
S2140235D0FFF7C6FF012305460DF10A008DF80840E5
S2140235E08DF80930FFF762FF092C1DD131460DF127
S2140235F01200FFF7D9F805AB02AA9B1A0021CDE903
S21402360000112846DBB2642101F02BF90546E0B131
S214023610092C15D1F3F73EFB044688B12846F3F78A
S2140236204DFB204607B0F0BD31460DF113008DF874
S21402363012704FF6FF75FFF7B7F80DF11503DBE7CB
S214023640284600F014F80446EBE70446E9E738B5E6
S21402365004460D4600F08FFF40B1AC4206D020462D
S21402366000F07AFFBDE8384000F05BBF38BD10B509
S2140236700446FFF7CDF90230FFF794F84FF6F773DA
S2140236809842204603D9BDE81040F3F795BCF3F7FD
S214023690D7FCB0FA80F0400910BD0022F3F7C2BB97
S2140236A070B504460088FFF7B3F905460430FFF705
S2140236B079F80646A81CFFF775F80546FBF787F962
S2140236C03046F4F787FE30B92846F4F783FE10B189
S2140236D0284600F050FFA37823F00F03A3700020C3
S2140236E070BD70B50546FFF793F90646284601F009
S2140236F0DCF801462846EFF7D3FC04462846FFF7D7
S214023700BBF84FF6F773984208D8337803F00303F2
S214023710012B05D1A31E5842584170BD0120FCE77B
S2140237200020FAE730B585B041F203330D46ADF816
S21402373008300446FFF722FC8DF80A00FFF71EFC4D
S2140237400021000A8DF80B00CDE90011052302AA1C
S21402375020468DF80C5001F084F810B12146FFF790
S2140237609CFF05B030BD70B504460D4691B13129B7
S2140237704FF0000600D135462046FFF759F80828D4
S2140237800AD101212046EFF725FB2946BDE8704005
S214023790FBF709BC0126EFE72046FFF749F8024689
S2140237A030B9BDE870404FF6FF710120FCF76FBFDD
S2140237B02046FFF74EF8B0F5006F0ED12046FFF711
S2140237C05BF84FF6FF739842014617D0002D0CBFE8
S2140237D0032005200022FCF75AFF29462046F1F76F
S2140237E0E1F968B929462046F4F7A0FD40B9324609
S2140237F029462046BDE87040F3F76CBD0120E9E794
S21402380070BD7047704737B54FF6F675DFF7DEFBCB
S214023810431E9BB2AB420446F8D8F0F7C7FC00281A
S214023820F4D169462046EFF7A5FF0028EED02046E1
S21402383000F058FE0028E9D12046FFF78CFD00284C
S214023840E4D12046F4F7C6FD0028DFD1204600F07A
S21402385092FE0028DAD12046FCF75AFF0028D5D17E
S214023860204603B030BD73B504460E46F4F7B2FDEB
S214023870054688B92046F4F707FE214600952B46F2
S2140238800D224FF6FD7000F053F83146204602B086
S214023890BDE87040F4F7BABD02B070BD37B5054654
S2140238A014460C2914D8DFE801F029132913131340
S2140238B007131313132424006946EFF75BFF18B9A6
S2140238C001216846F8F7E4FC42202946FDF78CFB06
S2140238D0BCB12046FFF79CF80230FEF763FF4FF6B6
S2140238E0F77398420DD9204603B0BDE83040F3F78F
S2140238F01BBC0B2914BFAA20A920E6E700F0F9FD9D
S214023900E6E703B030BD1FB50346084603218DF82F
S2140239100C108DF80D3000210123CDE90031ADF8F1
S2140239200E20042303AA00F09CFF05B05DF804FBFA
S2140239302DE9F34106469DF820800F4614461D46A3
S214023940FFF71CFBB04207D100222146384602B0E0
S214023950BDE8F041FFF7A2BF3A4631462046FFF7E0
S214023960D2FFADF8060060B10D2C05D100224FF64D
S214023970FF712820FCF78BFE35B9BDF80600FFF76D
S21402398076FE02B0BDE8F0810123424629460DF1DB
S2140239900600EFF7E1FABDF80630002BEDD1F0E7AE
S2140239A0F7B50C460546FFF733F8611CC9B2064662
S2140239B02846EFF775FBA11C0746C9B22846FFF753
S2140239C0E7F9014604463846FBF7BDFA0D2F34D117
S2140239D02046F4F7FFFC78B1301DFEF7E3FE0446FE
S2140239E02846F679FEF777FF31460246204603B0B0
S2140239F0BDE8F040FFF7B8BCB01CFEF7D3FE4FF6AA
S214023A00F773984202D92846F3F78EFB2046F4F75E
S214023A103BFDFFF7B3FAA04205D1002003B0BDE894
S214023A20F040FFF7EEBEB068F1686B4603C3694626
S214023A302046F4F7EBFC03B0F0BD2A463946204692
S214023A4003B0BDE8F040FFF729BF14220021FDF7BE
S214023A5030BC2DE9F0470B078EB004460E461546DD
S214023A605CD10120E4F7AAF909A8FCF779FE09233C
S214023A7009A88DF82430FCF777FE09A8E4F770F958
S214023A8001A909A8FDF7D3F826F00F072F4404F181
S214023A90100804F10F09BD4211D123693344236192
S214023AA001A909A8FDF7A8F80020E4F787F9B6F1FE
S214023AB0005F2CBFB12000200EB0BDE8F08705AA3B
S214023AC023469646186859689446ACE803000833BD
S214023AD043456246F6D12B46224605F1100A53F8B4
S214023AE0041B42F8041B5345F9D1714609A8FDF799
S214023AF083F809A8E4F734F9224621460120E4F7C0
S214023B00EFF8013D631E13F8012F15F8011F4B4510
S214023B1082EA01021A70F6D15546BCE77020CBE75E
S214023B20F0B585B0174605460C46102200216846B9
S214023B30FDF7BFFBBFB3C4B30F2C04F00F0608D9C2
S214023B4024F00F043A4621462846FFF782FF40BB80
S214023B502744324639466846FDF773FB2F6906F15D
S214023B60100337446B448022B7F5005F03F8102C2D
S214023B702F61C6F110061AD3062E1FDDFB001A0EA1
S214023B808DF80A201A0C5BBA8DF80B20ADF80C30B3
S214023B906A4610212846FFF75CFF2B69103B2B6113
S214023BA0002005B0F0BD3E46D8E72646D6E7022EF0
S214023BB004DDFB005BBAADF80E30E9E76A46102179
S214023BC02846FFF746FF2B69A3F110042C6110224A
S214023BD000216846FDF76DFBB7F5005F4FEAC403A8
S214023BE0CDD2E7E770B586B00E46054601A8144664
S214023BF0FFF72BFF3246294601A8FFF791FF05AED5
S214023C00054601AB22461C4603CCB4421060516006
S214023C10234602F10802F6D1284606B070BDF4F734
S214023C20DBBC0A460021F4F7D7BCF0B58BB00C46D5
S214023C3001A9F4F7D1FC054688B325220021E01C31
S214023C40FDF737FBBDF810700123A370FA054FF09D
S214023C500E03238010D523464FF4877223F8042BD5
S214023C6006AE0DF1280C324603CA6245186059604A
S214023C70164603F10803F6D13B0605D5238843F022
S214023C8080032380069B636001AB03CB039BC4F8CF
S214023C901D00C4F82110A361F5F7AAFD606128464D
S214023CA00BB0F0BD30B5054687B001A80C46FCF750
S214023CB057FD2868696802AB03C39DF8113043F0CC
S214023CC002028DF8112074B12288510644BF43F0D7
S214023CD006038DF81130530542BF9DF8113043F0AC
S214023CE008038DF8113001A8FCF7E0FEB0FA80F068
S214023CF0400907B030BD2DE9F3410F46054616468A
S214023D00EEF7FAFFC41BE4B24FF000082946CDF8DE
S214023D10008023463A463046FEF7EDFF012128464C
S214023D20EFF758F888B101212846EFF753F807460F
S214023D30EEF7E2FFC5B22B463019CDF800804246B8
S214023D403946FEF7D8FF2544ECB2204602B0BDE85D
S214023D50F0812DE9F74F0C9E9DF834808946054682
S214023D6093461C46EEF7C8FF012723464A462946D5
S214023D70824600975846FEF7BEFF39462846EFF7BA
S214023D8029F84C4428B339462846EFF723F85FFA59
S214023D908AFA5445814611DAE4B2AAEB040B5FFABA
S214023DA08BFB2246304600975B4629464444FEF784
S214023DB0A2FFA4EB0A045E4404F0FF0801230C935E
S214023DC0002243464946304603B0BDE8F04FFEF7B0
S214023DD092BF0C974346E2B22946F4E72DE9F0413A
S214023DE086B00026074608460C4615469846CDE994
S214023DF0026604968DF81460EEF77EFF411BCBB286
S214023E000D2B28BF0D2300962A46214602A8FEF750
S214023E1072FF424602A93846F4F732FD9DF80820A2
S214023E20064629462046EFF74FF9304606B0BDE86B
S214023E30F0812DE9F04F0E46CBB00121054617461C
S214023E401C46EEF7C7FF23463A462946814606A891
S214023E50FFF7C4FF0DF1280A00EB070B5FFA8BFB96
S214023E60524631462846FFF746FFB34503D20020A6
S214023E704BB0BDE8F08FABEB06085FFA88F808F1A6
S214023E8004039842F3DB331F1844C4B2042301939D
S214023E90A31BDBB20093CDF808A04346524600218E
S214023EA006A8E3F7A3FEC0B20028E0D1A4EB0B04F9
S214023EB00AEB0803E4B252462846009331464346CC
S214023EC00194FFF746FF39462846EFF7E9F83946E8
S214023ED000F0F8022846EFF7F7F801212846EEF739
S214023EE079FF002818BF4D462846ADF81650EEF763
S214023EF003FF011FC9B20DF11600FEF7E3FE012013
S214023F00B6E72DE9F041044600F0CFFC411C074617
S214023F1089B2204600F09CFC98B397B339462046F7
S214023F20EFF7BEF800F00C03042B054629D000F08C
S214023F300308B8F1020F00D11BBB284600F020FD93
S214023F402B060744BEB216D5711C89B2204600F075
S214023F507FFCB0B1F9B22046EFF7A2F8B8F1010F34
S214023F60014600F003030CD0032B0AD0284600F0CB
S214023F7016FD304486B231462046BDE8F04100F0D8
S214023F8067BC0020BDE8F081F8B5064600F04FFC9D
S214023F90054604463046FEF73BFD43785B0718D5D8
S214023FA0AC1CA4B22146304600F052FCB8B12946F9
S214023FB03046EFF775F8691C0746C9B23046EFF788
S214023FC06FF81FB1874201D8FF2808D104EB4704D7
S214023FD0A4B221463046BDE8F84000F039BC0020C5
S214023FE0F8BD13B5044601A8F4F75AFEBDF804302E
S214023FF0DA0710D49B0707D410220021204602B00D
S214024000BDE81040FDF755B9224621461020FFF7BD
S214024010E9FD0028F0D102B010BD13B50024CDE9A9
S214024020003413460A4601460620F4F765FE02B03F
S21402403010BD08B50246F4F755FE510544BF0838D0
S214024040C0B2130544BF0838C0B208BDF0B5D307E6
S2140240508BB005460C4649D5008800F026FC0023A6
S2140240600646029314B9CDE9034403AC00220821A4
S2140240702046FEF733FFA0B12888FEF7C9FC0230BF
S214024080FEF790FB21460746EFF774FB48B1002285
S21402409040231146384600F008FABE2528460BB0E3
S2140240A0F0BD31462888EEF7FBFF10F0030F0CBF79
S2140240B001260026F4F7D4FA46EA4000C0B2009081
S2140240C002AB05AA00212046F5F7B2FF0546F4F733
S2140240D0C7FA0028E2D0002DE0D0009602AB05AA6F
S2140240E000212046F5F7A4FF0546D7E7A625D5E723
S2140240F001461A2308220120EFF72AB900231A469E
S214024100F5F704BF30B58BB005AD04462846FCF77C
S21402411027FB022301A928468DF81430FCF787FDF9
S21402412001AA2346144603CCAC42186059602246C4
S21402413003F10803F6D10BB030BD08B500230246E2
S21402414019461846F5F7E2FE012008BD37B50446C3
S2140241506846F5F751FF054648B1082221466846EB
S214024160FDF77DF8B0FA80F0400903B030BDFF22BB
S21402417008212046FEF7B2FE034628B1062128464D
S214024180FFF7BCFF0120F0E722460146F5F7BEFE28
S214024190F8E707B56846F5F72FFF10B16846FCF753
S2140241A0C5FE00F0010003B05DF804FB0120F6F73F
S2140241B005BC704730B589B0054603A8FCF7D0FAAF
S2140241C0012401A88DF80C40FCF7E0FC9DF80620BF
S2140241D09DF80730AA4209D0AB4209D103A88DF850
S2140241E00D40E3F7BDFD012009B030BD0024F5E720
S2140241F00020F9E708B5002211461046F6F7D8FE69
S214024200BDE8084000214FF6FF70FFF777BF002297
S2140242101021FEF763BE70477FB502460D460D239A
S21402422017216846FAF701FC02AE6B462A461C4680
S21402423003CCB44210605160234602F10802F6D164
S214024240206810602379137100236B7304B070BD6D
S214024250F0B585B06C4606460B4601F108072246C5
S21402426018685968254603C50833BB422C46F7D161
S214024270186828601B792B7131460D231720FAF730
S214024280DDFB05B0F0BD38B504460D46E3F7DEFAB1
S214024290A04205D920462946FFF7BEFF002038BDBA
S2140242A06920FCE730B585B000248DF80040E3F7BE
S2140242B0CDFAE5B2A84204D8F7F74CFE002005B0C6
S2140242C030BD69462846FFF7C3FF0134EFE738B52D
S2140242D00446002000F03EF9FF2805460FD000F005
S2140242E043F910F0010009D0284600F03DF94008D5
S2140242F040EAC17080F0010000F0010038BD04F011
S2140243000100FBE7F8B5014606460020F7F75CFD1C
S214024310FF2801D00120F8BDE3F788FA00240546FD
S214024320871CE3F787FAE3B2984201D80020F2E747
S21402433035F82430B34203D117F82430002BE9D1E4
S2140243400134EEE738B50D4601210446EEF742FD8C
S21402435030B101212046EEF73DFD2880012038BD10
S2140243602C80204600F07AFB0130C0B2F7E72DE938
S214024370F04788B00746894610460DF10A011D46E9
S2140243809046FFF7DFFFBDF80A6004464FF0000ACA
S2140243903046CDE905AACDF81BA0EEF7ADFC031B0F
S2140243A0DBB20B2B28BF0B23CDF800A022463146EA
S2140243B005A8FEF7A0FC48F21F039D4243D00BD887
S2140243C085F40043012B15D90097234642464946F9
S2140243D02846FCF7BDFD33E048F23A039D42F3D18E
S2140243E0FEF7CCFDB8422BD02246414605A8FCF784
S2140243F0FEFD25E09DF8143013BBBDF81D40DDF828
S2140244001500DDF8191003AB03C303A92046E3F732
S2140244108FF9012203A92046F4F77AF8A742064646
S2140244200ED0012103A8F7F733FF48F201039D429D
S21402443006D12EB93346324639462046FCF7B5FD3C
S21402444008B0BDE8F0879DF81450002DF8D102346C
S2140244509DF81570E4B2A846EBB2BB42F0D22246F3
S21402446008233146CDF8008003A8CDE90388FEF77D
S21402447042FC03A800F06BF800F06EF8083400F077
S21402448050F80135E4B2E7E710B500248480418095
S2140244900480C280038110BD13B5BDF810400190A0
S2140244A00094F8F79FFA02B010BD07B500930123F7
S2140244B0FFF7F2FF03B05DF804FB38B50546F2F7E6
S2140244C0E9FB0446E3F7CEF9A40144EA402028407B
S2140244D038BD7047704700207047FF2070470020A5
S2140244E070477047002070474FF6FF7070470020F5
S2140244F0704770470020704770470020704770472B
S21402450000207047002070477047704700207047B1
S21402451070477047002070474FF6FF707047932031
S2140245207047704770477047704770477047012062
S2140245307047012070470020704700207047002017
S21402454070477047704770474FF6FF7070474FF6D8
S214024550FF707047FF207047FF207047FF207047AC
S214024560002070470020704700200021704700207E
S2140245707047002070470020704770470020704741
S2140245802DE9F04F002785B081460C467E2039463D
S214024590BDF83CB09DF844A0BDF84C500192984638
S2140245A0ADF80E70EEF752FC0646002800F0AA8020
S2140245B0EEF786FB39467E22FCF77BFE3046EEF7A8
S2140245C07FFB00903046EEF77BFBB9F1FF0F14BF7E
S2140245D044F0030727463B0A14F440620770437010
S2140245E05FD1C31C4FF00808184601994246FCF7F3
S2140245F046FE04F440440346434484B1790606D496
S21402460019464FEA1B2201F802BB5A700B46B4F554
S214024610004F56D0A4F5404254425441E40022468C
S21402462018460E99FCF72BFE009A03462044A0EB90
S21402463002085FFA88F89DB14FF47C521A53841C24
S2140246402846EEF73DFB83462846EEF755FBC5B2F5
S2140246502A4659462046FCF7F4FD60190235EDB2AB
S214024660B9F1FF0F2FD0109900F8019B5246FCF7C4
S214024670E8FD08F101015AFA81F129443046EEF7C5
S21402468057FB0C21FF00002207F080073943104633
S214024690FEF79CF9ADF80E00E8B9002005B0BDE8BB
S2140246A0F08FB2F5006F80F803804FEA182880F882
S2140246B0048000F1050314BF4FF008084FF002080B
S2140246C092E70224ABE708EB0A0129443046EEF7EC
S2140246D02FFB0821D6E73046EEF7F2FA04463046BC
S2140246E0EEF70AFB0123C2B221460DF10E00EEF7E9
S2140246F033FC0028D1D1BDF84820BDF80E000121B8
S214024700EEF77CFBBDF80E00C8E700207047F8B550
S21402471006460D46F9F7D4F80328044621D0284663
S214024720F9F7CEF8032807461BD010F0020318D17B
S214024730A0070DD5F90716D401233C43E20704D49B
S21402474031892A89914218BF002303F00100F8BD7F
S214024750082229463046FCF782FDB0FA80F35B0950
S214024760EBE70020F3E71846F1E770B50D460021A7
S2140247700646FEF79CF9044630B1EEF7A1FA01466A
S2140247802846FFF7C4FF08B1204670BD21463046D2
S214024790FEF7E3F9EFE77FB54FF6FF7101AAF9F7E7
S2140247A025F920B1BDF80C0007B05DF804FB4FF602
S2140247B0FF70F9E708B51046EFF736FEBDE8084089
S2140247C0EFF7F0BE2DE9F7430F4601218146164664
S2140247D0EEF700FB054658B1FEF7B8FA308088B906
S2140247E02846EEF789FA68B1182003B0BDE8F083D0
S2140247F04846EEF781FAFF2FA0EB0704E4B214D086
S21402480014B934800020F0E72A4621462846FEF7EF
S21402481037F980460028E7D000943B464A462946A8
S214024820FEF7A3FAA6F80080ECE70120DDE708B55C
S214024830FEF7EEF8437803F001001A074CBF10307B
S2140248400830DB0644BF0830C0B21030C0B208BD24
S21402485010B50C46EEF750FAA04234BF00200120F5
S21402486010BD7FB59DF820600091144641F20921E3
S214024870024641F60920002E18BF01461D460020BA
S214024880099BF9F749F9ADF80E0010B9002004B0FB
S21402489070BD01232A4621460DF10E00EEF75CFBA1
S2140248A00028F3D1BDF80E00F1E738B50546FFF74C
S2140248B0BEFF04462846EEF71FFA631C9BB28342ED
S2140248C00FD82846FEF7A4F843785B0707D521469B
S2140248D02846EEF7E5FB013004EB4004E4B220463E
S2140248E038BD0024FBE730B585B0ADF80E00EEF714
S2140248F003FA0446BDF80E00FFF7D7FF00F10E03D9
S214024900DBB2E5B2BDF80E20ED1AADB20146009557
S2140249101046FEF72AFAA4F10E01C9B20DF10E00F6
S214024920FEF7D0F905B030BD4278034612F0080013
S21402493006D0D20702D403F10800704703F109003B
S214024940704737B505460C46FEF762F8437813F013
S214024950100211D094B103F001021B074FF00003BE
S214024960009354BF18322032082329462046FEF709
S214024970C2F9012003B030BD1046FBE72046F9E736
S21402498000F00303012B08D0C30606D400F00C0087
S2140249900C2814BF082009207047022070470346DF
S2140249A011F0030005D003F00303022B14BF02200C
S2140249B0032070472DE9F0414E1C07460D46EEF7E0
S2140249C09BF9864203D900242046BDE8F081294699
S2140249D03846EEF765FB8046FFF7D2FF18F0800FE9
S2140249E00446F1D006443846EEF786F9B6B2864259
S2140249F0E9D82919C9B23846EEF752FB01464046B5
S214024A00FFF7CDFF2044C4B2DEE7F8B506460D46F2
S214024A10FFF7D0FF044610B900242046F8BD294609
S214024A203046EEF73DFB8206F7D53046EEF764F9E0
S214024A306F1C2744BFB28742EED82919C9B2304646
S214024A40EEF72EFB00F01803082B14BF05340634CD
S214024A50E4B2830644BF0834E4B2DEE738B505465E
S214024A60FFF723FF044608B9002038BD0146284652
S214024A70FFF7CBFF0028F7D02044C0B2F5E72DE9B8
S214024A80F04387B005460C46FDF7C2FF8046FDF7A9
S214024A9089FE07462846FFF708FF064601462846CF
S214024AA0FFF788FF0022034600922946324602A8F4
S214024AB0FEF721F99DF8086006F00C030C2B06F0B1
S214024AC003090BD0B9F1010F59D0F10657D49DF85E
S214024AD009300DF10A056371002007E0FF236371B8
S214024AE00DF10900FDF75EFE0DF10B05208198F829
S214024AF00130DA0704D508F10200FDF753FE2081E3
S214024B00B9F1010F5FFA89F83DD0F3063BD4284687
S214024B10FDF748FE6080A81CFDF744FE053515F833
S214024B20013C208023712B78A372B00606F0400366
S214024B3048BF43F02003390627D543F40073F80430
S214024B4048BF43F48063390548BF43F40063320626
S214024B50E38011D56A7812F003020DD0A9786FEAC5
S214024B6043436FEA5343B8F1020FE3800B4611D179
S214024B70EB7841EA0321218107B0BDE8F083FF23E9
S214024B800DF10905A7E7FF23CCE77A0648BF43F4F1
S214024B908073D4E7012A04BF0B029BB22381EBE7A2
S214024BA0EFF714BD431C08BF0020E9F78FBC0000D6
S214024BB000000000000000000000000000000000EE
S214024BC0F8B500BFF8BC08BC9E467047F8B500BFF3
S214024BD0F8BC08BC9E4670470000000000000000BB
S214024BE000000000000000000000000000000000BE
S214024BF000000000000000000000000000000000AE
S214024C00ABE20100A7E2010085E2010083E20100B7
S214024C102D060000B5E20100F10500002C000000A0
S214024C20020000028000080002002000000140008E
S214024C30040001001000080602000409070301052B
S214024C400100000000000000040000000100000057
S214024C500800000001000000100000000100000033
S214024C600001000001000000000800001D00000016
S214024C70000200001D000000000400001D000000ED
S214024C80000001001D0000000003010303030200F0
S214024C90000800FC044D020001000107B04C0200AF
S214024CA0000800F8C04C02000000000000000000EF
S214024CB083FFBFFFE2FFF1FFF9FFFEFF00000000E7
S214024CC0C800FCFEF800C50A571EFBFF7B009504D1
S214024CD07C02FFFF4A00B60246DFFFFF2D00AD0151
S214024CE0412F00001C000701854700001200A700A4
S214024CF0974600000B0067001A3C000006002200E0
S214024D0068230000C800FCFEFC00D80A066CFBFF05
S214024D108800370518E2FEFF53000403F5E3FFFFA1
S214024D203200B9019D43000029005701F8570000E0
S214024D301600D100585700000E007C00D049000033
S214024D400700280017290000000108070F000A00C4
S214024D50C8002000A000000000000000A0005501CE
S214024D600A200706020A040700002F6F70742F73CA
S214024D70696C6162732F65667233326D67312D32EC
S214024D803032362D30392F746F6F6C732F67656330
S214024D906B6F2D73646B2D342E352E312F706C6134
S214024DA074666F726D2F736572766963652F6C65B4
S214024DB0676163795F68616C2F7372632F626173D8
S214024DC0652D7265706C6163656D656E742E630029
S214024DD001040000050B060B070B00000000000094
S214024DE001030109060001050000000000000000A2
S214024DF003060000E40C0A00010410400100000053
S214024E000500000000020000030000005C500200E3
S214024E105850020044500200405002003C5002002B
S214024E20385002002650020016500200FC4F0200C4
S214024E30F44F0200EA4F0200E84F0200D04F020091
S214024E40CD4F0200C54F0200B44F0200A44F02002D
S214024E50924F0200784F0200704F0200644F020029
S214024E60604F02005E4F0200514F0200464F0200A2
S214024E702D4F0200D14E0200D04E0200C04E02005C
S214024E80984E02008D4E02008C4E02000F0000006B
S214024E90000000000000000000000000000000000B
S214024EA000000000000000000000000000000000FB
S214024EB000000000000000000000000000000000EB
S214024EC001000000000000000000000000000000DA
S214024ED00F000000000000000000000000000000BC
S214024EE000000000000000000000000000000000BB
S214024EF000000000000000000000000000000000AB
S214024F00000000000000000000000000000000009A
S214024F10000000000000000000000000000000008A
S214024F20000000000000000000000000000000007A
S214024F30000000000000000000000000000000006A
S214024F40000000000000000000000000000000005A
S214024F50000000000000000000000000000000004A
S214024F6000000000FFFFFFFFFFFFFFFFFFFF000044
S214024F70000000000000000000000000000000002A
S214024F80000000000000000000000000000000001A
S214024F90000000000000000000000000000000000A
S214024FA000000000000000000000000000000000FA
S214024FB000000000000000000000000000000000EA
S214024FC00000000000FFFFFFFFFFFFFFFF9C000046
S214024FD0FF000000000000000000000000000000CB
S214024FE000000000800000000000FFFFFFFFFFFF40
S214024FF0FFFFFFFF00000000FFFF000000000000B0
S2140250000000000000000000000000000000000099
S214025010000000000000FFFFFF000000000000008C
S2140250200000000000000000000000000000000079
S2140250300000000000000000000000000000000069
S2140250400000000000000000000000000000000059
S214025050000000000000000000000000FC03010148
S214025060010101010101010101010101010000002C
S21402507000000001007F00000000010100000204A1
S2140250801104040211101A080A021801081110115C
S2140250901A080A04020D0B195C0110280B01000005
S2140250A000000000000000000000000000010101F6
S2140250B001010100010101010101000001010001DD
S2140250C000010100000000000000000000000000D7
S2140250D000000001000000000000000000000000C8
S2140250E001FF010023E1010075E4010063E2010013
S2140250F063E5010062E1010079EB010064EE010064
S21402510024E1010025E1010026E1010027E101007A
S21402511028E1010029E101002AE101000000010066
S2140251208000010000010100800101000002010070
S2140251308002010020E201000003010000050100D8
S214025140800501000006010080060100000701003C
S21402515001E5010002E501000008010080080100E7
S2140251602F6F70742F73696C6162732F656672336A
S214025170326D67312D323032362D30392F746F6FE3
S2140251806C732F6765636B6F2D73646B2D342E35CE
S2140251902E312F706C6174666F726D2F7365727626
S2140251A06963652F746F6B656E5F6D616E616765AF
S2140251B0722F7372632F736C5F746F6B656E5F6DA5
S2140251C0616E616765722E63002F6F70742F73694C
S2140251D06C6162732F65667233326D67312D3230C1
S2140251E032362D30392F746F6F6C732F6765636B91
S2140251F06F2D73646B2D342E352E312F706C6174C7
S214025200666F726D2F736572766963652F746F6B46
S214025210656E5F6D616E616765722F7372632F7361
S2140252206C5F746F6B656E5F6D616E7566616374DD
S2140252307572696E672E6300FFFFFFFFFFFFFFFFB9
S21402524034B684327032F6102F6F70742F73696C16
S2140252506162732F65667233326D67312D3230327A
S214025260362D30392F746F6F6C732F6765636B6FD3
S2140252702D73646B2D342E352E312F70726F746F32
S214025280636F6C2F7A69676265652F6170702F662F
S21402529072616D65776F726B2F636F6D6D6F6E2FB8
S2140252A07A69676265655F6170705F6672616D6577
S2140252B0776F726B5F636F6D6D6F6E2E63002F6F0D
S2140252C070742F73696C6162732F65667233326D08
S2140252D067312D323032362D30392F746F6F6C7342
S2140252E02F6765636B6F2D73646B2D342E352E31ED
S2140252F02F70726F746F636F6C2F7A696762656561
S2140253002F6170702F6672616D65776F726B2F6397
S2140253106F6D6D6F6E2F7A69676265655F6170701B
S2140253205F6672616D65776F726B5F736C656570D1
S2140253302E630056777777777777777777777777EB
S2140253407777775A6967426565416C6C69616E6307
S214025350653039D0D1D2D3D4D5D6D7D8D9DADBDC9A
S214025360DDDEDF005A6967426565416C6C69616E15
S2140253706365303900FFFFFFFFFFFFFFFF005A693A
S21402538067426565416C6C69616E63653039000021
S21402539000010C0055004000000000001E002C0119
S2140253A0CDCCCC3D00010E005500400000000000B0
S2140253B01E002C010000803F00010F005500400037
S2140253C0000000001E002C01010000000001040B7A
S2140253D000014000000000001E002C010100000039
S2140253E00001040B03014000000000001E002C0117
S2140253F0010000000001040B06014000000000004E
S2140254001E002C010100000000020C0055004000A6
S214025410000000001E002C010000803F00020F006A
S21402542055004000000000001E002C010100000094
S2140254300002040B03014000000000001E002C01C5
S214025440010000000002040B0601400000000000FC
S2140254501E002C010100000000030C005500400055
S214025460000000001E002C010000803F00030F0019
S21402547055004000000000001E002C010100000044
S2140254800003040B03014000000000001E002C0174
S214025490010000000003040B0601400000000000AB
S2140254A01E002C010100000000040C005500400004
S2140254B0000000001E002C010000803F00040F00C8
S2140254C055004000000000001E002C0101000000F4
S2140254D00004040B03014000000000001E002C0123
S2140254E00100000000050C0055004000000000000E
S2140254F01E002C010000803F00050F0055004000F2
S214025500000000001E002C01010000000005040B34
S21402551000014000000000001E002C0101000000F7
S21402552000060C0055004000000000001E002C0182
S2140255300000803F00060F005500400000000000FB
S2140255401E002C01010000000006040B00014000B2
S214025550000000001E002C010100000000070C00E5
S21402556055004000000000001E002C010000803F95
S21402557000070F0055004000000000001E002C012E
S214025580010000000007040B0001400000000000BC
S2140255901E002C010100000000080C00550040000F
S2140255A0000000001E002C010000803F00080F00D3
S2140255B055004000000000001E002C010100000003
S2140255C00008040B00014000000000001E002C0131
S2140255D00100000000090C00550040000000000019
S2140255E01E002C010000803F00090F0055004000FD
S2140255F0000000001E002C01010000000009040B40
S21402560000014000000000001E002C010100000006
S214025610000A0C0055004000000000001E002C018D
S214025620CDCCCC3D000A0F00550040000000000023
S2140256301E002C0101000000000A040B00014000BD
S214025640000000001E002C0101000000000B0C00F0
S21402565055004000000000001E002C010000803FA4
S214025660000B0F0055004000000000001E002C0139
S21402567001000000000B040B0001400000000000C7
S2140256801E002C0101000000000C0C00550040001A
S214025690000000001E002C010000803F000C0F00DE
S2140256A055004000000000001E002C010100000012
S2140256B0000C040B00014000000000001E002C013C
S2140256C001000000000D0C00550040000000000024
S2140256D01E002C010000803F000D0F005500400008
S2140256E0000000001E002C0101000000000D040B4B
S2140256F000014000000000001E002C010100000016
S214025700000E0C0055004000000000001E002C0198
S2140257100000803F000E0F00550040000000000011
S2140257201E002C0101000000000E040B00014000C8
S214025730000000001E002C0101000000000F0C00FB
S21402574055004000000000001E002C010000803FB3
S214025750000F0F0055004000000000001E002C0144
S21402576001000000000F040B0001400000000000D2
S2140257701E002C010100000000100C005500400025
S214025780000000001E002C010000803F00100F00E9
S21402579055004000000000001E002C010100000021
S2140257A00010020400004000000000001E002C0151
S2140257B00100000000110C0055004000000000002F
S2140257C01E002C010000803F00110F005500400013
S2140257D0000000001E002C0101000000001102045F
S2140257E000004000000000001E002C010100000026
S2140257F000120C0055004000000000001E002C01A4
S2140258000000803F00120F0055004000000000001C
S2140258101E002C01010000000012020400004000DD
S214025820000000001E002C010100000000130C0006
S21402583055004000000000001E002C010000803FC2
S21402584000130F0055004000000000001E002C014F
S21402585001000000001302040000400000000000E7
S2140258601E002C010100000000140C005500400030
S214025870000000001E002C010000803F00140F00F4
S21402588055004000000000001E002C010100000030
S2140258900014020400004000000000001E002C015C
S2140258A00100000000150C0055004000000000003A
S2140258B01E002C010000803F00150F00550040001E
S2140258C0000000001E002C0101000000001502046A
S2140258D000004000000000001E002C010100000035
S2140258E000160C0055004000000000001E002C01AF
S2140258F00000803F00160F00550040000000000028
S2140259001E002C01010000000016020400004000E8
S214025910000000001E002C010100000000170C0011
S21402592055004000000000001E002C010000803FD1
S21402593000170F0055004000000000001E002C015A
S21402594001000000001702040000400000000000F2
S2140259501E002C010100000000180C00550040003B
S214025960000000001E002C010000803F00180F00FF
S21402597055004000000000001E002C01010000003F
S2140259800018020400004000000000001E002C0167
S2140259900100000000190C00550040000000000045
S2140259A01E002C010000803F00190F005500400029
S2140259B0000000001E002C01010000000019020475
S2140259C000004000000000001E002C010100000044
S2140259D0001A0C0055004000000000001E002C01BA
S2140259E00000803F001A0F00550040000000000033
S2140259F01E002C0101000000001A020400004000F4
S214025A00000000001E002C0101000000001B0C001C
S214025A1055004000000000001E002C010000803FE0
S214025A20001B0F0055004000000000001E002C0165
S214025A3001000000001B02040000400000000000FD
S214025A401E002C0101000000001C0C005500400046
S214025A50000000001E002C010000803F001C0F000A
S214025A6055004000000000001E002C01010000004E
S214025A70001C020400004000000000001E002C0172
S214025A8001000000001D0C00550040000000000050
S214025A901E002C010000803F001D0F005500400034
S214025AA0000000001E002C0101000000001E0C0079
S214025AB055004000000000001E002C010000803F40
S214025AC0001E0F0055004000000000001E002C01C2
S214025AD001000000001F0C005500400000000000FE
S214025AE01E002C010000803F001F0F0055004000E2
S214025AF0000000001E002C010100000000200C0027
S214025B0055004000000000001E002C010000803FEF
S214025B1000200F0055004000000000001E002C016F
S214025B200100000000210C005500400000000000AB
S214025B301E002C010000803F00210F00550040008F
S214025B40000000001E002C010100000000220C00D4
S214025B5055004000000000001E002C010000803F9F
S214025B6000220F0055004000000000001E002C011D
S214025B700100000000230C00550040000000000059
S214025B801E002C010000803F00230F00550040003D
S214025B90000000001E002C010100000000240C0082
S214025BA055004000000000001E002C010000803F4F
S214025BB000240F0055004000000000001E002C01CB
S214025BC00100000000250C00550040000000000007
S214025BD01E002C010000803F00250F0055004000EB
S214025BE0000000001E002C010100000000260C0030
S214025BF055004000000000001E002C010000803FFF
S214025C0000260F0055004000000000001E002C0178
S214025C100100000000270C005500400000000000B4
S214025C201E002C010000803F00270F005500400098
S214025C30000000001E002C010100000000280C00DD
S214025C4055004000000000001E002C010000803FAE
S214025C5000280F0055004000000000001E002C0126
S214025C600100000000290C00550040000000000062
S214025C701E002C010000803F00290F005500400046
S214025C80000000001E002C0101000000002A0F0088
S214025C9055004000000000001E002C01010000001C
S214025CA0002B0F0055004000000000001E002C01D3
S214025CB001000000002C0F0055004000000000000C
S214025CC01E002C0101000000002D0F0055004000B0
S214025CD0000000001E002C0101000000002E0F0034
S214025CE055004000000000001E002C0101000000CC
S214025CF0002F0F0055004000000000001E002C017F
S214025D000100000000300F005500400000000000B7
S214025D101E002C010100000000310F00550040005B
S214025D20000000001E002C010100000000320F00DF
S214025D3055004000000000001E002C01010000007B
S214025D4000330F0055004000000000001E002C012A
S214025D500100000000340F00550040000000000063
S214025D601E002C010100000000350F005500400007
S214025D70000000001E002C010100000000360F008B
S214025D8055004000000000001E002C01010000002B
S214025D9000370F0055004000000000001E002C01D6
S214025DA00100000000380F0055004000000000000F
S214025DB01E002C010100000000390F0055004000B3
S214025DC0000000001E002C01010000000000010877
S214025DD00109020A030B040C050D060E070F081034
S214025DE001180119021A031B041C051D061E071FB3
S214025DF0082001210222032304240525062607275C
S214025E0008280129022A032B042C052D062E072F0B
S214025E100830013102380239043A08E004E104E2AB
S214025E2004E802E902EA04F008F11001020304059C
S214025E30060708090A0B0C0D0E0F10111213141583
S214025E40161718191A1B1C1D1E1F20212223242573
S214025E50262728292A2B2C2D2E2F30313233343563
S214025E603637383900010101010101010101010142
S214025E70010101010101010101010101010101010B
S214025E8001010101010101010101010101010101FB
S214025E9001010101010101010101010101010000ED
S214025EA00000000000000405706002000500FC000F
S214025EB0D4600200040079002461020004007C0021
S214025EC07461020004007000C461020004006E00E7
S214025ED01462020004006E006462020004006E0097
S214025EE0B462020004006E000463020004006E0046
S214025EF05463020004006E00A463020004006E00F5
S214025F00F463020004006E0044640200040074009D
S214025F109464020004007300E46402000400730048
S214025F203465020004006B008465020004006B0006
S214025F30D465020004006B002466020004006B00B5
S214025F407466020004006B00C466020004006B0064
S214025F501467020004006B006467020004006B0012
S214025F60B4670200040071000468020004007100B5
S214025F705468020004006B00A468020004006D006E
S214025F80F468020004006A0044690200030060002C
S214025F908069020003006000BC6902000300600022
S214025FA0F869020003006000346A02000300600021
S214025FB0706A020003006000AC6A02000300600020
S214025FC0E86A020003006000246B0200030060001F
S214025FD0606B0200030060009C6B0200030060001E
S214025FE0D86B020003006000146C0200030060001D
S214025FF0506C020002002000786C020002002000B2
S214026000A06C020002002000C86C02000200200001
S214026010F06C020002002000186D02000200200050
S214026020406D020002002000686D0200020020009F
S214026030906D020002002000B86D020002002000EF
S214026040E06D020002002000086E0200020020003E
S214026050306E020002002000586E0200020020008D
S214026060806E020002002000A86E020002002000DD
S21402607000000000D06E020008004D004000000044
S214026080000000000C000000306F02000800400014
S21402609040000000000000000E000000906F0200AA
S2140260A00800400040000000000000000F00000052
S2140260B0F06F02000600170040000000000000001B
S2140260C0040B0000387002000B00180040000000AD
S2140260D00000000000000000BC7002000400100077
S2140260E040000000000000000C000000EC700200FF
S2140260F00800400040000000000000000F00000002
S2140261004C7102000600170040000000000000006C
S214026110040B000094710200080012004000000008
S2140261200000000000000000F471020004001300EA
S21402613040000000000000000C0000002472020074
S2140261400800400040000000000000000F000000B1
S21402615084720200060017004000000000000000E3
S214026160040B0000CC72020008001200400000007F
S21402617000000000000000002C73020004000D0066
S21402618040000000000000000C0000005C730200EB
S2140261900800400040000000000000000F00000061
S2140261A0BC7302000600170040000000000000005A
S2140261B0040B00000474020005000C0040000000FE
S2140261C000000000000000004074020004000B0003
S2140261D040000000000000000C0000007074020086
S2140261E00800400040000000000000000F00000011
S2140261F0D0740200060017004000000000000000F5
S214026200040B00001875020005000C004000000098
S21402621000000000000000005475020004000B009D
S21402622040000000000000000C0000008475020020
S2140262300800400040000000000000000F000000C0
S214026240E47502000600170040000000000000008F
S214026250040B00002C76020005000C004000000033
S21402626000000000000000006876020004000B0038
S21402627040000000000000000C00000098760200BB
S2140262800800400040000000000000000F00000070
S214026290F87602000600170040000000000000002A
S2140262A0040B00004077020005000C0040000000CE
S2140262B000000000000000007C77020004000B00D3
S2140262C040000000000000000C000000AC77020056
S2140262D00800400040000000000000000F00000020
S2140262E00C780200060017004000000000000000C4
S2140262F0040B00005478020005000C004000000069
S21402630000000000000000009078020004000B006D
S21402631040000000000000000C000000C0780200F0
S2140263200800400040000000000000000F000000CF
S214026330207902000600170040000000000000005E
S214026340040B00006879020005000C004000000003
S2140263500000000000000000A479020004000B0008
S21402636040000000000000000C000000D47902008B
S2140263700800400040000000000000000F0000007F
S214026380347A0200060017004000000000000000F9
S214026390040B00007C7A020005000C00400000009E
S2140263A00000000000000000B87A020004000B00A3
S2140263B040000000000000000C000000E87A020026
S2140263C00800400040000000000000000F0000002F
S2140263D0487B020006001700400000000000000094
S2140263E0040B0000907B020005000C004000000039
S2140263F00000000000000000CC7B020004000B003E
S21402640040000000000000000C000000FC7B0200C0
S2140264100800400040000000000000000F000000DE
S2140264205C7C02000600170040000000000000002E
S214026430040B0000A47C020005000C0040000000D3
S2140264400000000000000000E07C020004001100D2
S21402645040000000000000000C000000107D02005A
S2140264600800400040000000000000000F0000008E
S214026470707D0200060017004000000000000000C9
S214026480040B0000B87D020005000C00400000006E
S2140264900000000000000000F47D0200040010006E
S2140264A040000000000000000C000000247E0200F5
S2140264B00800400040000000000000000F0000003E
S2140264C0847E020006001700400000000000000064
S2140264D0040B0000CC7E020005000C004000000009
S2140264E00000000000000000087F02000400100008
S2140264F040000000000000000C000000387F020090
S2140265000800400040000000000000000F000000ED
S214026510987F0200060017004000000000000000FE
S214026520040B0000E07F020005000C0040000000A3
S21402653000000000000000001C80020004000C00A6
S21402654040000000000000000C0000004C8002002A
S2140265500800400040000000000000000F0000009D
S214026560AC80020006001700400000000000000099
S21402657002040000F480020004000800400000004C
S21402658000000000000000002481020004000C004D
S21402659040000000000000000C00000054810200D1
S2140265A00800400040000000000000000F0000004D
S2140265B0B481020006001700400000000000000040
S2140265C002040000FC8102000400080040000000F3
S2140265D000000000000000002C82020004000C00F4
S2140265E040000000000000000C0000005C82020078
S2140265F00800400040000000000000000F000000FD
S214026600BC820200060017004000000000000000E6
S2140266100204000004830200040008004000000098
S21402662000000000000000003483020004000C009A
S21402663040000000000000000C000000648302001E
S2140266400800400040000000000000000F000000AC
S214026650C48302000600170040000000000000008D
S214026660020400000C84020004000800400000003F
S21402667000000000000000003C84020004000C0041
S21402668040000000000000000C0000006C840200C5
S2140266900800400040000000000000000F0000005C
S2140266A0CC84020006001700400000000000000034
S2140266B002040000148502000400080040000000E6
S2140266C000000000000000004485020004000C00E8
S2140266D040000000000000000C000000748502006C
S2140266E00800400040000000000000000F0000000C
S2140266F0D4850200060017004000000000000000DB
S214026700020400001C86020004000800400000008C
S21402671000000000000000004C86020004000C008E
S21402672040000000000000000C0000007C86020012
S2140267300800400040000000000000000F000000BB
S214026740DC86020006001700400000000000000081
S2140267500204000024870200040008004000000033
S21402676000000000000000005487020004000C0035
S21402677040000000000000000C00000084870200B9
S2140267800800400040000000000000000F0000006B
S214026790E487020006001700400000000000000028
S2140267A0020400002C8802000400080040000000DA
S2140267B000000000000000005C88020004001200D6
S2140267C040000000000000000C0000008C88020060
S2140267D00800400040000000000000000F0000001B
S2140267E0EC880200060017004000000000000000CF
S2140267F00204000034890200040008004000000081
S214026800000000000000000064890200040012007C
S21402681040000000000000000C0000009489020006
S2140268200800400040000000000000000F000000CA
S214026830F489020006001700400000000000000075
S214026840020400003C8A0200040008004000000027
S21402685000000000000000006C8A020004000C0029
S21402686040000000000000000C0000009C8A0200AD
S2140268700800400040000000000000000F0000007A
S214026880FC8A02000600170040000000000000001C
S21402689002040000448B02000400080040000000CE
S2140268A00000000000000000748B020004000E00CE
S2140268B040000000000000000C000000A48B020054
S2140268C00800400040000000000000000F0000002A
S2140268D0048C0200060017004000000000000000C2
S2140268E0020400004C8C0200040008004000000075
S2140268F000000000000000007C8C020004000B0078
S21402690040000000000000000C000000AC8C0200FA
S2140269100800400040000000000000000F000000D9
S2140269200C8D020006001700400000000000000068
S21402693002040000548D020004000800400000001B
S2140269400000000000000000848D02000400090020
S21402695040000000000000000C000000B48D0200A1
S2140269600800400040000000000000000F00000089
S214026970148E02000600170040000000000000000F
S214026980000000005C8E02000400090040000000C7
S214026990000000000C0000008C8E02000800400080
S2140269A040000000000000000F000000EC8E020015
S2140269B00600170040000000000000000000000073
S2140269C0348F0200040009004000000000000000AE
S2140269D00C000000648F0200080040004000000027
S2140269E0000000000F000000C48F0200060017001F
S2140269F04000000000000000000000000C900200B2
S214026A000400090040000000000000000C00000026
S214026A103C90020008004000400000000000000019
S214026A200F0000009C9002000600170040000000C5
S214026A300000000000000000E490020004000900CC
S214026A4040000000000000000C000000149102004C
S214026A500800400040000000000000000F00000098
S214026A6074910200060017004000000000000000BB
S214026A7000000000BC910200040009004000000073
S214026A80000000000C000000EC910200080040002C
S214026A9040000000000000000F0000004C920200C0
S214026AA00600170040000000000000000000000082
S214026AB0949202000400090040000000000000005A
S214026AC00C000000C49202000800400040000000D3
S214026AD0000000000F0000002493020006001700CA
S214026AE04000000000000000000000006C9302005E
S214026AF00400090040000000000000000C00000036
S214026B009C930200080040004000000000000000C5
S214026B100F000000FC930200060017004000000071
S214026B200000000000000000449402000400090077
S214026B3040000000000000000C00000074940200F8
S214026B400800400040000000000000000F000000A7
S214026B50D494020006001700400000000000000067
S214026B60000000001C95020004000900400000001E
S214026B70000000000C0000004C95020008004000D7
S214026B8040000000000000000F000000AC9502006C
S214026B900600170040000000000000000000000091
S214026BA0F495020004000900400000000000000006
S214026BB00C0000002496020008004000400000007E
S214026BC0000000000F000000849602000600170076
S214026BD0400000000000000000000000CC9602000A
S214026BE00400090040000000000000000C00000045
S214026BF0FC96020008004000400000000000000072
S214026C000F0000005C97020006001700400000001C
S214026C100000000000000000A49702000400090023
S214026C2040000000000000000C000000D4970200A4
S214026C300800400040000000000000000F000000B6
S214026C403498020006001700400000000000000012
S214026C50000000007C9802000400090040000000CA
S214026C60000000000F000000AC98020006001700AB
S214026C70400000000000000000000000F49802003F
S214026C800400090040000000000000000F000000A1
S214026C9024990200060017004000000000000000D1
S214026CA0000000006C990200040009004000000089
S214026CB0000000000F0000009C990200060017006A
S214026CC0400000000000000000000000E4990200FE
S214026CD00400090040000000000000000F00000051
S214026CE0149A020006001700400000000000000090
S214026CF0000000005C9A0200040009004000000048
S214026D00000000000F0000008C9A02000600170028
S214026D10400000000000000000000000D49A0200BC
S214026D200400090040000000000000000F00000000
S214026D30049B02000600170040000000000000004E
S214026D40000000004C9B0200040009004000000006
S214026D50000000000F0000007C9B020006001700E7
S214026D60400000000000000000000000C49B02007B
S214026D700400090040000000000000000F000000B0
S214026D80F49B02000600170040000000000000000E
S214026D90000000003C9C02000400090040000000C5
S214026DA0000000000F0000006C9C020006001700A6
S214026DB0400000000000000000000000B49C02003A
S214026DC00400090040000000000000000F00000060
S214026DD0E49C0200060017004000000000000000CD
S214026DE0000000002C9D0200040009004000000084
S214026DF0000000000F0000005C9D02000600170065
S214026E00400000000000000000000000A49D0200F8
S214026E100400090040000000000000000F0000000F
S214026E20D49D02000600170040000000000000008B
S214026E30000000001C9E0200040009004000000042
S214026E40000000000F0000004C9E02000600170023
S214026E50400000000000000000000000949E0200B7
S214026E600400090040000000000000000F000000BF
S214026E70C49E02000600170040000000000000004A
S214026E80000000000C9F0200040009004000000001
S214026E90000000000F0000003C9F020006001700E2
S214026EA0400000000000000000000000849F020076
S214026EB00400090040000000000000000F0000006F
S214026EC0B49F020006001700400000000000000009
S214026ED00000200100000000080000000100200160
S214026EE00000000002000000030020010000000075
S214026EF0010000000400422100000000FC9F020086
S214026F0005004221000000001DA00200070030011B
S214026F1000000000040000000E0042050000000011
S214026F203EA00200FDFF2102000000000300000058
S214026F301C0042310000000043A002005100100174
S214026F4000000000000000005500390400000000A8
S214026F5074A0020067003001000000000700000075
S214026F606A0039040000000078A002006F001801D1
S214026F700000000002000000750031020000000060
S214026F8062000000FDFF2102000000000100000078
S214026F901C004231000000007CA0020051001001DB
S214026FA00000000000000000550039040100000047
S214026FB0ADA00200670030010000000000000000E3
S214026FC06A00390400000000B1A002006F00180138
S214026FD00000000000000000750031020000000002
S214026FE049000000FDFF2102000000000100000031
S214026FF01C00421100000000B5A002005100100162
S2140270000000000000000000550010010000000013
S21402701000000000670030010000000007000000CA
S2140270206F0018010000000002000000FDFF2102B0
S214027030000000000100000000001B040000000029
S214027040C6A0020000012902000000000080000025
S2140270500301290200000000008000000601290248
S2140270600000000000800000000221020000000074
S2140270700100000001022102000000000A000000D8
S21402708002022102000000000100000003022102A9
S214027090000000000A0000000402210200000000B6
S2140270A001000000050221020000000001000000AD
S2140270B0FDFF210200000000010000000000200188
S2140270C00000000008000000070030010000000079
S2140270D0040000000E00420C00000000CAA00200DD
S2140270E0FDFF210200000000030000001C004231E8
S2140270F000000000D6A002005100100100000000AF
S21402710000000000550039040000000007A102003C
S2140271106700300100000000070000006A00390422
S214027120000000000BA102006F0018010000000022
S2140271300200000075003102000000005F0000003F
S214027140FDFF210200000000010000001C004211A9
S214027150000000000FA10200510010010000000014
S21402716000000000550010010000000000000000B2
S2140271706700300100000000070000006F001801E1
S2140271800000000002000000FDFF210200000000D7
S2140271900100000000001B040000000020A1020005
S2140271A003012902000000000080000006012902F7
S2140271B00000000000800000020221020000000021
S2140271C00100000003022102000000000A00000085
S2140271D00402210200000000010000000502210254
S2140271E00000000001000000FDFF21020000000078
S2140271F0010000000000200100000000080000005E
S2140272000700300100000000040000000E00420FDC
S2140272100000000024A10200FDFF21020000000081
S214027220030000001C0042310000000033A10200EF
S2140272305100100100000000000000005500390453
S2140272400000000064A10200670030010000000098
S214027250070000006A0039040000000068A102006E
S2140272606F001801000000000200000075003102E5
S214027270000000005F000000FDFF21020000000089
S214027280010000001C004211000000006CA1020078
S214027290510010010000000000000000550010011F
S2140272A0000000000000000067003001000000003F
S2140272B0070000006F001801000000000200000036
S2140272C0FDFF2102000000000100000000001B0478
S2140272D0000000007DA10200030129020000000058
S2140272E00080000006012902000000000080000065
S2140272F00202210200000000010000000302210237
S214027300000000000A000000040221020000000043
S214027310010000000502210200000000010000003A
S214027320FDFF210200000000010000000000200115
S2140273300000000008000000070030010000000006
S214027340040000000E0042090000000081A10200B5
S214027350FDFF210200000000030000001C00423175
S214027360000000008AA10200510010010000000087
S214027370000000005500390400000000BBA1020016
S2140273806700300100000000070000006A003904B0
S21402739000000000BFA102006F00180100000000FC
S2140273A00200000075003102000000005F000000CD
S2140273B0FDFF210200000000010000001C00421137
S2140273C000000000C3A102005100100100000000EE
S2140273D00000000055001001000000000000000040
S2140273E06700300100000000070000006F0018016F
S2140273F00000000002000000FDFF21020000000065
S2140274000100000000001B0400000000D4A10200DE
S214027410030129020000000000800000020221028F
S214027420000000000100000003022102000000002C
S214027430E8030000FDFF210200000000010000003A
S21402744000002001000000000800000007003001D4
S21402745000000000040000000E00420700000000CA
S214027460D8A10200FDFF2102000000000300000078
S2140274701C00423100000000DFA102005100100192
S2140274800000000000000000550039040000000063
S21402749010A2020067003001000000000700000092
S2140274A06A0039040000000014A202006F001801EE
S2140274B0000000000200000075003102000000001B
S2140274C05F000000FDFF2102000000000100000036
S2140274D01C0042110000000018A202005100100118
S2140274E0000000000000000055001001000000002F
S2140274F000000000670030010000000007000000E6
S2140275006F0018010000000002000000FDFF2102CB
S214027510000000000100000000001B040000000044
S21402752029A20200000129020000000000800000DB
S21402753000022102000000000100000001022102F8
S21402754000000000E8030000FDFF2102000000002A
S21402755001000000000020010000000008000000FA
S2140275600700300100000000040000000E00420781
S214027570000000002DA20200FDFF21020000000014
S214027580030000001C0042310000000034A202008A
S21402759051001001000000000000000055003904F0
S2140275A00000000065A20200670030010000000033
S2140275B0070000006A0039040000000069A2020009
S2140275C06F00180100000000020000007500310282
S2140275D0000000005F000000FDFF21020000000026
S2140275E0010000001C004211000000006DA2020013
S2140275F051001001000000000000000055001001BC
S21402760000000000000000006700300100000000DB
S214027610070000006F0018010000000002000000D2
S214027620FDFF2102000000000100000000001B0414
S214027630000000007EA202000001290200000000F5
S214027640008000000002210200000000010000008D
S2140276500102210200000000E8030000FDFF2102F3
S21402766000000000010000000000200100000000F1
S21402767008000000070030010000000004000000BF
S2140276800E0042070000000082A20200FDFF210257
S21402769000000000030000001C0042310000000051
S2140276A089A2020051001001000000000000000044
S2140276B05500390400000000BAA20200670030013B
S2140276C000000000070000006A0039040000000005
S2140276D0BEA202006F0018010000000002000000B7
S2140276E075003102000000005F000000FDFF21026D
S2140276F000000000010000001C0042110000000013
S214027700C2A20200510010010000000000000000AA
S2140277105500100100000000000000006700300164
S21402772000000000070000006F00180100000000C3
S21402773002000000FDFF2102000000000100000020
S21402774000001B0400000000D3A202000001290270
S214027750000000000080000000022102000000007D
S214027760010000000102210200000000E803000000
S214027770FDFF2102000000000100000000002001C1
S21402778000000000080000000700300100000000B2
S214027790040000000E00420700000000D7A202000C
S2140277A0FDFF210200000000030000001C00423121
S2140277B000000000DEA202005100100100000000DE
S2140277C00000000055003904000000000FA302006C
S2140277D06700300100000000070000006A0039045C
S2140277E00000000013A302006F0018010000000052
S2140277F00200000075003102000000005F00000079
S214027800FDFF210200000000010000001C004211E2
S2140278100000000017A30200510010010000000043
S21402782000000000550010010000000000000000EB
S2140278306700300100000000070000006F0018011A
S2140278400000000002000000FDFF21020000000010
S2140278500100000000001B040000000028A3020034
S2140278600001290200000000008000000002210240
S21402787000000000010000000102210200000000DA
S214027880E8030000FDFF21020000000001000000E6
S2140278900000200100000000080000000700300180
S2140278A000000000040000000E0042070000000076
S2140278B02CA30200FDFF21020000000003000000CE
S2140278C01C0042310000000033A3020051001001E8
S2140278D0000000000000000055003904000000000F
S2140278E064A30200670030010000000007000000E9
S2140278F06A0039040000000068A302006F00180145
S21402790000000000020000007500310200000000C6
S2140279103E000000FDFF2102000000000100000002
S2140279201C004211000000006CA30200510010016E
S21402793000000000000000005500100100000000DA
S2140279400000000067003001000000000700000091
S2140279506F0018010000000002000000FDFF210277
S214027960000000000100000000001B0400000000F0
S2140279707DA3020000012902000000000080000032
S21402798000022102000000000100000001022102A4
S21402799000000000E8030000FDFF210200000000D6
S2140279A001000000000020010000000008000000A6
S2140279B00700300100000000040000000E0042072D
S2140279C00000000081A30200FDFF2102000000006B
S2140279D0030000001C0042310000000088A30200E1
S2140279E0510010010000000000000000550039049C
S2140279F000000000B9A3020067003001000000008A
S214027A00070000006A00390400000000BDA302005F
S214027A106F0018010000000002000000750031022D
S214027A20000000005F000000FDFF210200000000D1
S214027A30010000001C00421100000000C1A3020069
S214027A405100100100000000000000005500100167
S214027A500000000000000000670030010000000087
S214027A60070000006F00180100000000020000007E
S214027A70FDFF2102000000000100000000001B04C0
S214027A8000000000D2A3020000012902000000004C
S214027A900080000000022102000000000100000039
S214027AA00102210200000000E8030000FDFF21029F
S214027AB0000000000100000000002001000000009D
S214027AC0080000000700300100000000040000006B
S214027AD00E00420700000000D6A30200FDFF2102AE
S214027AE000000000030000001C00423100000000FD
S214027AF0DDA302005100100100000000000000009B
S214027B0055003904000000000EA402006700300190
S214027B1000000000070000006A00390400000000B0
S214027B2012A402006F00180100000000020000000C
S214027B3075003102000000005F000000FDFF210218
S214027B4000000000010000001C00421100000000BE
S214027B5016A4020051001001000000000000000000
S214027B605500100100000000000000006700300110
S214027B7000000000070000006F001801000000006F
S214027B8002000000FDFF21020000000001000000CC
S214027B9000001B040000000027A4020000012902C6
S214027BA00000000000800000000221020000000029
S214027BB0010000000102210200000000E8030000AC
S214027BC0FDFF21020000000001000000000020016D
S214027BD0000000000800000007003001000000005E
S214027BE0040000000E004207000000002BA4020062
S214027BF0FDFF210200000000030000001C004231CD
S214027C000000000032A40200510010010000000033
S214027C1000000000550039040000000063A40200C2
S214027C206700300100000000070000006A00390407
S214027C300000000067A402006F00180100000000A8
S214027C400200000075003102000000001200000071
S214027C50FDFF210200000000010000001C0042118E
S214027C60000000006BA4020051001001000000009A
S214027C700000000055001001000000000000000097
S214027C806700300100000000070000006F001801C6
S214027C900000000002000000FDFF210200000000BC
S214027CA00100000000001B04000000007CA402008B
S214027CB000012902000000000080000000022102EC
S214027CC00000000001000000010221020000000086
S214027CD0E8030000FDFF2102000000000100000092
S214027CE0000020010000000008000000070030012C
S214027CF000000000040000000E00420D000000001C
S214027D0080A40200FDFF2102000000000300000024
S214027D101C004231000000008DA402005100100138
S214027D2000000000000000005500390400000000BA
S214027D30BEA4020067003001000000000700000039
S214027D406A00390400000000C2A402006F00180195
S214027D500000000002000000750031020000000072
S214027D605F000000FDFF210200000000010000008D
S214027D701C00421100000000C6A4020051001001BF
S214027D800000000000000000550010010000000086
S214027D90000000006700300100000000070000003D
S214027DA06F0018010000000002000000FDFF210223
S214027DB0000000000100000000001B04000000009C
S214027DC0D7A4020000012902000000000080000083
S214027DD00002210200000000010000000102210250
S214027DE000000000E8030000FDFF21020000000082
S214027DF00100000000002001000000000800000052
S214027E000700300100000000040000000E00420CD3
S214027E1000000000DBA40200FDFF210200000000BB
S214027E20030000001C00423100000000E7A402002C
S214027E305100100100000000000000005500390447
S214027E400000000018A502006700300100000000D4
S214027E50070000006A003904000000001CA50200AA
S214027E606F001801000000000200000075003102D9
S214027E70000000005F000000FDFF2102000000007D
S214027E80010000001C0042110000000020A50200B4
S214027E905100100100000000000000005500100113
S214027EA00000000000000000670030010000000033
S214027EB0070000006F00180100000000020000002A
S214027EC0FDFF2102000000000100000000001B046C
S214027ED00000000031A50200000129020000000097
S214027EE000800000000221020000000001000000E5
S214027EF00102210200000000E8030000FDFF21024B
S214027F000000000001000000000020010000000048
S214027F100800000007003001000000000400000016
S214027F200E00420C0000000035A50200FDFF2102F3
S214027F3000000000030000001C00423100000000A8
S214027F4041A50200510010010000000000000000E0
S214027F50550039040000000072A5020067003001D7
S214027F6000000000070000006A003904000000005C
S214027F7076A502006F001801000000000200000053
S214027F8075003102000000005F000000FDFF2102C4
S214027F9000000000010000001C004211000000006A
S214027FA07AA5020051001001000000000000000047
S214027FB055001001000000000000000067003001BC
S214027FC000000000070000006F001801000000001B
S214027FD002000000FDFF2102000000000100000078
S214027FE000001B04000000008BA50200000129020D
S214027FF000000000008000000002210200000000D5
S214028000010000000102210200000000E803000057
S214028010FDFF210200000000010000000000200118
S2140280200000000008000000070030010000000009
S214028030040000000E004208000000008FA50200A7
S214028040FDFF210200000000030000001C00423178
S2140280500000000097A50200510010010000000079
S214028060000000005500390400000000C8A5020008
S2140280706700300100000000070000006A003904B3
S21402808000000000CCA502006F00180100000000EE
S2140280900200000075003102000000005F000000D0
S2140280A0FDFF210200000000010000001C0042113A
S2140280B000000000D0A502005100100100000000E0
S2140280C00000000055001001000000000000000043
S2140280D06700300100000000070000006F00180172
S2140280E00000000002000000FDFF21020000000068
S2140280F001000000000029020000000000800000CD
S214028100010029020000000060F0000002002902BF
S21402811000000000D4300000FDFF21020000000035
S214028120010000000000200100000000080000001E
S2140281300700300100000000040000000E004208A4
S21402814000000000E1A50200FDFF21020000000081
S214028150030000001C00423100000000E9A50200F6
S2140281605100100100000000000000005500390414
S214028170000000001AA6020067003001000000009E
S214028180070000006A003904000000001EA6020074
S2140281906F001801000000000200000075003102A6
S2140281A0000000005F000000FDFF2102000000004A
S2140281B0010000001C0042110000000022A602007E
S2140281C051001001000000000000000055001001E0
S2140281D00000000000000000670030010000000000
S2140281E0070000006F0018010000000002000000F7
S2140281F0FDFF21020000000001000000000029022D
S21402820000000000008000000100290200000000BB
S21402821060F000000200290200000000D4300000D6
S214028220FDFF210200000000010000000000200106
S21402823000000000080000000700300100000000F7
S214028240040000000E0042080000000033A60200F0
S214028250FDFF210200000000030000001C00423166
S214028260000000003BA602005100100100000000C2
S2140282700000000055003904000000006CA6020051
S2140282806700300100000000070000006A003904A1
S2140282900000000070A602006F0018010000000037
S2140282A00200000075003102000000005F000000BE
S2140282B0FDFF210200000000010000001C00421128
S2140282C00000000074A60200510010010000000029
S2140282D00000000055001001000000000000000031
S2140282E06700300100000000070000006F00180160
S2140282F00000000002000000FDFF21020000000056
S21402830001000000000029020000000000800000BA
S214028310010029020000000060F0000002002902AD
S21402832000000000D4300000FDFF21020000000023
S214028330010000000000200100000000080000000C
S2140283400700300100000000040000000E00420892
S2140283500000000085A60200FDFF210200000000CA
S214028360030000001C004231000000008DA602003F
S2140283705100100100000000000000005500390402
S21402838000000000BEA602006700300100000000E8
S214028390070000006A00390400000000C2A60200BE
S2140283A06F00180100000000020000007500310294
S2140283B0000000005F000000FDFF21020000000038
S2140283C0010000001C00421100000000C6A60200C8
S2140283D051001001000000000000000055001001CE
S2140283E000000000000000006700300100000000EE
S2140283F0070000006F0018010000000002000000E5
S214028400FDFF21020000000001000000000029021A
S21402841000000000008000000100290200000000A9
S21402842060F000000200290200000000D4300000C4
S214028430FDFF2102000000000100000000002001F4
S21402844000000000080000000700300100000000E5
S214028450040000000E00420800000000D7A602003A
S214028460FDFF210200000000030000001C00423154
S21402847000000000DFA6020051001001000000000C
S21402848000000000550039040000000010A702009A
S2140284906700300100000000070000006A0039048F
S2140284A00000000014A702006F0018010000000080
S2140284B00200000075003102000000005F000000AC
S2140284C0FDFF210200000000010000001C00421116
S2140284D00000000018A70200510010010000000072
S2140284E0000000005500100100000000000000001F
S2140284F06700300100000000070000006F0018014E
S2140285000000000002000000FDFF21020000000043
S21402851001000000000029020000000000800000A8
S214028520010029020000000060F00000020029029B
S21402853000000000D4300000FDFF21020000000011
S21402854001000000000020010000000008000000FA
S2140285500700300100000000040000000E00420880
S2140285600000000029A70200FDFF21020000000013
S214028570030000001C0042310000000031A7020088
S21402858051001001000000000000000055003904F0
S2140285900000000062A70200670030010000000031
S2140285A0070000006A0039040000000066A7020007
S2140285B06F00180100000000020000007500310282
S2140285C0000000005F000000FDFF21020000000026
S2140285D0010000001C004211000000006AA7020011
S2140285E051001001000000000000000055001001BC
S2140285F000000000000000006700300100000000DC
S214028600070000006F0018010000000002000000D2
S214028610FDFF210200000000010000000000290208
S2140286200000000000800000010029020000000097
S21402863060F000000200290200000000D4300000B2
S214028640FDFF2102000000000100000000002001E2
S21402865000000000080000000700300100000000D3
S214028660040000000E004208000000007BA7020083
S214028670FDFF210200000000030000001C00423142
S2140286800000000083A70200510010010000000055
S214028690000000005500390400000000B4A70200E4
S2140286A06700300100000000070000006A0039047D
S2140286B000000000B8A702006F00180100000000CA
S2140286C00200000075003102000000005F0000009A
S2140286D0FDFF210200000000010000001C00421104
S2140286E000000000BCA702005100100100000000BC
S2140286F0000000005500100100000000000000000D
S2140287006700300100000000070000006F0018013B
S2140287100000000002000000FDFF21020000000031
S2140287200100000000002902000000000080000096
S214028730010029020000000060F000000200290289
S21402874000000000D4300000FDFF210200000000FF
S21402875001000000000020010000000008000000E8
S2140287600700300100000000040000000E0042086E
S21402877000000000CDA70200FDFF2102000000005D
S214028780030000001C00423100000000D5A70200D2
S21402879051001001000000000000000055003904DE
S2140287A00000000006A8020067003001000000007A
S2140287B0070000006A003904000000000AA8020050
S2140287C06F00180100000000020000007500310270
S2140287D0000000005F000000FDFF21020000000014
S2140287E0010000001C004211000000000EA802005A
S2140287F051001001000000000000000055001001AA
S21402880000000000000000006700300100000000C9
S214028810070000006F0018010000000002000000C0
S214028820FDFF2102000000000100000000002902F6
S2140288300000000000800000010029020000000085
S21402884060F000000200290200000000D4300000A0
S214028850FDFF2102000000000100000000002001D0
S21402886000000000080000000700300100000000C1
S214028870040000000E00420E000000001FA80200C6
S214028880FDFF210200000000030000001C00423130
S214028890000000002DA80200510010010000000098
S2140288A00000000055003904000000005EA8020027
S2140288B06700300100000000070000006A0039046B
S2140288C00000000062A802006F001801000000000D
S2140288D00200000075003102000000005F00000088
S2140288E0FDFF210200000000010000001C004211F2
S2140288F00000000066A802005100100100000000FF
S21402890000000000550010010000000000000000FA
S2140289106700300100000000070000006F00180129
S2140289200000000002000000FDFF2102000000001F
S2140289300100000000002902000000000080000084
S214028940010029020000000060F000000200290277
S21402895000000000D4300000FDFF210200000000ED
S21402896001000000000020010000000008000000D6
S2140289700700300100000000040000000E00420E56
S2140289800000000077A80200FDFF210200000000A0
S214028990030000001C0042310000000085A802000F
S2140289A051001001000000000000000055003904CC
S2140289B000000000B6A802006700300100000000B8
S2140289C0070000006A00390400000000BAA802008E
S2140289D06F0018010000000002000000750031025E
S2140289E0000000005F000000FDFF21020000000002
S2140289F0010000001C00421100000000BEA8020098
S214028A005100100100000000000000005500100197
S214028A1000000000000000006700300100000000B7
S214028A20070000006F0018010000000002000000AE
S214028A30FDFF2102000000000100000000002902E4
S214028A400000000000800000010029020000000073
S214028A5060F000000200290200000000D43000008E
S214028A60FDFF2102000000000100000000002001BE
S214028A7000000000080000000700300100000000AF
S214028A80040000000E00420800000000CFA802000A
S214028A90FDFF210200000000030000001C0042311E
S214028AA000000000D7A802005100100100000000DC
S214028AB000000000550039040000000008A902006A
S214028AC06700300100000000070000006A00390459
S214028AD0000000000CA902006F0018010000000050
S214028AE00200000075003102000000005F00000076
S214028AF0FDFF210200000000010000001C004211E0
S214028B000000000010A90200510010010000000041
S214028B1000000000550010010000000000000000E8
S214028B206700300100000000070000006F00180117
S214028B300000000002000000FDFF2102000000000D
S214028B400100000000002902000000000080000072
S214028B50010029020000000060F000000200290265
S214028B6000000000D4300000FDFF210200000000DB
S214028B7001000000000020010000000008000000C4
S214028B800700300100000000040000000E00420A48
S214028B900000000021A90200FDFF210200000000E3
S214028BA0030000001C004231000000002BA9020056
S214028BB051001001000000000000000055003904BA
S214028BC0000000005CA902006700300100000000FF
S214028BD0070000006A0039040000000060A90200D5
S214028BE06F0018010000000002000000750031024C
S214028BF0000000005F000000FDFF210200000000F0
S214028C00010000001C0042110000000064A90200DE
S214028C105100100100000000000000005500100185
S214028C2000000000000000006700300100000000A5
S214028C30070000006F00180100000000020000009C
S214028C40FDFF2102000000000100000000002902D2
S214028C500000000000800000010029020000000061
S214028C6060F000000200290200000000D43000007C
S214028C70FDFF2102000000000100000000002001AC
S214028C80000000000800000007003001000000009D
S214028C90040000000E0042070000000075A9020052
S214028CA0FDFF210200000000030000001C0042310C
S214028CB0000000007CA90200510010010000000024
S214028CC0000000005500390400000000ADA90200B3
S214028CD06700300100000000070000006A00390447
S214028CE000000000B1A902006F0018010000000099
S214028CF00200000075003102000000005F00000064
S214028D00FDFF210200000000010000001C004211CD
S214028D1000000000B5A9020051001001000000008A
S214028D2000000000550010010000000000000000D6
S214028D306700300100000000070000006F00180105
S214028D400000000002000000FDFF210200000000FB
S214028D500100000000002902000000000080000060
S214028D60010029020000000060F000000200290253
S214028D7000000000D4300000FDFF210200000000C9
S214028D8001000000000020010000000008000000B2
S214028D900700300100000000040000000E0042053B
S214028DA000000000C6A90200FDFF2102000000002C
S214028DB0030000001C00423100000000CBA90200A4
S214028DC051001001000000000000000055003904A8
S214028DD000000000FCA9020067003001000000004D
S214028DE0070000006A0039040000000000AA020022
S214028DF06F0018010000000002000000750031023A
S214028E00000000005F000000FDFF210200000000DD
S214028E10010000001C0042110000000004AA02002B
S214028E205100100100000000000000005500100173
S214028E300000000000000000670030010000000093
S214028E40070000006F00180100000000020000008A
S214028E50FDFF2102000000000100000000002001CA
S214028E6000000000080000000700300100000000BB
S214028E70040000000E0042050000000015AA0200D1
S214028E80FDFF210200000000030000001C0042312A
S214028E90000000001AAA02005100100100000000A3
S214028EA00000000055003904000000004BAA020032
S214028EB06700300100000000070000006A00390465
S214028EC0000000004FAA02006F0018010000000018
S214028ED00200000075003102000000005F00000082
S214028EE0FDFF210200000000010000001C004211EC
S214028EF00000000053AA020051001001000000000A
S214028F0000000000550010010000000000000000F4
S214028F106700300100000000070000006F00180123
S214028F200000000002000000FDFF21020000000019
S214028F300100000000002001000000000800000000
S214028F400700300100000000040000000E00420589
S214028F500000000064AA0200FDFF210200000000DB
S214028F60030000001C0042310000000069AA020053
S214028F7051001001000000000000000055003904F6
S214028F80000000009AAA02006700300100000000FC
S214028F90070000006A003904000000009EAA0200D2
S214028FA06F00180100000000020000007500310288
S214028FB0000000005F000000FDFF2102000000002C
S214028FC0010000001C00421100000000A2AA0200DC
S214028FD051001001000000000000000055001001C2
S214028FE000000000000000006700300100000000E2
S214028FF0070000006F0018010000000002000000D9
S214029000FDFF210200000000010000000000200118
S2140290100000000008000000070030010000000009
S214029020040000000E00420500000000B3AA020081
S214029030FDFF210200000000030000001C00423178
S21402904000000000B8AA0200510010010000000053
S214029050000000005500390400000000E9AA0200E2
S2140290606700300100000000070000006A003904B3
S21402907000000000EDAA02006F00180100000000C8
S2140290800200000075003102000000005F000000D0
S214029090FDFF210200000000010000001C0042113A
S2140290A000000000F1AA02005100100100000000BA
S2140290B00000000055001001000000000000000043
S2140290C06700300100000000070000006F00180172
S2140290D00000000002000000FDFF21020000000068
S2140290E0010000000000200100000000080000004F
S2140290F00700300100000000040000000E004205D8
S2140291000000000002AB0200FDFF2102000000008A
S214029110030000001C0042310000000007AB020002
S2140291205100100100000000000000005500390444
S2140291300000000038AB02006700300100000000AB
S214029140070000006A003904000000003CAB020081
S2140291506F001801000000000200000075003102D6
S214029160000000005F000000FDFF2102000000007A
S214029170010000001C0042110000000040AB02008B
S2140291805100100100000000000000005500100110
S2140291900000000000000000670030010000000030
S2140291A0070000006F001801000000000200000027
S2140291B0FDFF210200000000010000000000200167
S2140291C00000000008000000070030010000000058
S2140291D0040000000E0042050000000051AB020031
S2140291E0FDFF210200000000030000001C004231C7
S2140291F00000000056AB0200510010010000000003
S21402920000000000550039040000000087AB020091
S2140292106700300100000000070000006A00390401
S214029220000000008BAB02006F0018010000000077
S2140292300200000075003102000000005F0000001E
S214029240FDFF210200000000010000001C00421188
S214029250000000008FAB0200510010010000000069
S2140292600000000055001001000000000000000091
S2140292706700300100000000070000006F001801C0
S2140292800000000002000000FDFF210200000000B6
S214029290010000000000200100000000080000009D
S2140292A00700300100000000040000000E00420526
S2140292B000000000A0AB0200FDFF2102000000003B
S2140292C0030000001C00423100000000A5AB0200B3
S2140292D05100100100000000000000005500390493
S2140292E000000000D6AB020067003001000000005C
S2140292F0070000006A00390400000000DAAB020032
S2140293006F00180100000000020000007500310224
S214029310000000005F000000FDFF210200000000C8
S214029320010000001C00421100000000DEAB02003B
S214029330510010010000000000000000550010015E
S214029340000000000000000067003001000000007E
S214029350070000006F001801000000000200000075
S214029360FDFF2102000000000100000000002001B5
S21402937000000000080000000700300100000000A6
S214029380040000000E00420500000000EFAB0200E1
S214029390FDFF210200000000030000001C00423115
S2140293A000000000F4AB02005100100100000000B3
S2140293B000000000550039040000000025AC020041
S2140293C06700300100000000070000006A00390450
S2140293D00000000029AC02006F0018010000000027
S2140293E00200000075003102000000005F0000006D
S2140293F0FDFF210200000000010000001C004211D7
S214029400000000002DAC0200510010010000000018
S21402941000000000550010010000000000000000DF
S2140294206700300100000000070000006F0018010E
S2140294300000000002000000FDFF21020000000004
S21402944001000000000020010000000008000000EB
S2140294500700300100000000040000000E00420574
S214029460000000003EAC0200FDFF210200000000EA
S214029470030000001C0042310000000043AC020062
S21402948051001001000000000000000055003904E1
S2140294900000000074AC020067003001000000000B
S2140294A0070000006A0039040000000078AC0200E1
S2140294B06F00180100000000020000007500310273
S2140294C0000000005F000000FDFF21020000000017
S2140294D0010000001C004211000000007CAC0200EB
S2140294E051001001000000000000000055001001AD
S2140294F000000000000000006700300100000000CD
S214029500070000006F0018010000000002000000C3
S214029510FDFF210200000000010000000000200103
S21402952000000000080000000700300100000000F4
S214029530040000000E004205000000008DAC020090
S214029540FDFF210200000000030000001C00423163
S2140295500000000092AC0200510010010000000062
S214029560000000005500390400000000C3AC0200F1
S2140295706700300100000000070000006A0039049E
S21402958000000000C7AC02006F00180100000000D7
S2140295900200000075003102000000005F000000BB
S2140295A0FDFF210200000000010000001C00421125
S2140295B000000000CBAC02005100100100000000C9
S2140295C0000000005500100100000000000000002E
S2140295D06700300100000000070000006F0018015D
S2140295E00000000002000000FDFF21020000000053
S2140295F0010000000000200100000000080000003A
S2140296000700300100000000040000000E004205C2
S21402961000000000DCAC0200FDFF2102000000009A
S214029620030000001C00423100000000E1AC020012
S214029630510010010000000000000000550039042F
S2140296400000000012AD02006700300100000000BA
S214029650070000006A0039040000000016AD020090
S2140296606F001801000000000200000075003102C1
S214029670000000005F000000FDFF21020000000065
S214029680010000001C004211000000001AAD02009A
S21402969051001001000000000000000055001001FB
S2140296A0000000000000000067003001000000001B
S2140296B0070000006F001801000000000200000012
S2140296C0FDFF210200000000010000000000200152
S2140296D00000000008000000070030010000000043
S2140296E0040000000E004205000000002BAD020040
S2140296F0FDFF210200000000030000001C004231B2
S2140297000000000030AD0200510010010000000011
S21402971000000000550039040000000061AD0200A0
S2140297206700300100000000070000006A003904EC
S2140297300000000065AD02006F0018010000000086
S2140297400200000075003102000000005F00000009
S214029750FDFF210200000000010000001C00421173
S2140297600000000069AD0200510010010000000078
S214029770000000005500100100000000000000007C
S2140297806700300100000000070000006F001801AB
S2140297900000000002000000FDFF210200000000A1
S2140297A00100000000002001000000000800000088
S2140297B00700300100000000040000000E00420511
S2140297C0000000007AAD0200FDFF2102000000004A
S2140297D0030000001C004231000000007FAD0200C2
S2140297E0510010010000000000000000550039047E
S2140297F000000000B0AD020067003001000000006B
S214029800070000006A00390400000000B4AD020040
S2140298106F0018010000000002000000750031020F
S214029820000000005F000000FDFF210200000000B3
S214029830010000001C00421100000000B8AD02004A
S2140298405100100100000000000000005500100149
S2140298500000000000000000670030010000000069
S214029860070000006F001801000000000200000060
S214029870FDFF2102000000000100000000002001A0
S2140298800000000008000000070030010000000091
S214029890040000000E00420500000000C9AD0200F0
S2140298A0FDFF210200000000030000001C00421120
S2140298B000000000CEAD02005100100100000000C2
S2140298C0000000005500100100000000000000002B
S2140298D06700300100000000070000006F0018015A
S2140298E00000000002000000FDFF21020000000050
S2140298F00100000000002001000000000800000037
S2140299000700300100000000040000000E004205BF
S21402991000000000DFAD0200FDFF21020000000093
S214029920030000001C00421100000000E4AD02002B
S2140299305100100100000000000000005500100158
S2140299400000000000000000670030010000000078
S214029950070000006F00180100000000020000006F
S214029960FDFF2102000000000100000000002001AF
S21402997000000000080000000700300100000000A0
S214029980040000000E00420500000000F5AD0200D3
S214029990FDFF210200000000030000001C0042112F
S2140299A000000000FAAD02005100100100000000A5
S2140299B0000000005500100100000000000000003A
S2140299C06700300100000000070000006F00180169
S2140299D00000000002000000FDFF2102000000005F
S2140299E00100000000002001000000000800000046
S2140299F00700300100000000040000000E004205CF
S214029A00000000000BAE0200FDFF21020000000075
S214029A10030000001C0042110000000010AE02000D
S214029A205100100100000000000000005500100167
S214029A300000000000000000670030010000000087
S214029A40070000006F00180100000000020000007E
S214029A50FDFF2102000000000100000000002001BE
S214029A6000000000080000000700300100000000AF
S214029A70040000000E0042050000000021AE0200B5
S214029A80FDFF210200000000030000001C0042113E
S214029A900000000026AE0200510010010000000087
S214029AA00000000055001001000000000000000049
S214029AB06700300100000000070000006F00180178
S214029AC00000000002000000FDFF2102000000006E
S214029AD00100000000002001000000000800000055
S214029AE00700300100000000040000000E004205DE
S214029AF00000000037AE0200FDFF21020000000059
S214029B00030000001C004211000000003CAE0200F0
S214029B105100100100000000000000005500100176
S214029B200000000000000000670030010000000096
S214029B30070000006F00180100000000020000008D
S214029B40FDFF2102000000000100000000002001CD
S214029B5000000000080000000700300100000000BE
S214029B60040000000E004205000000004DAE020098
S214029B70FDFF210200000000030000001C0042114D
S214029B800000000052AE020051001001000000006A
S214029B900000000055001001000000000000000058
S214029BA06700300100000000070000006F00180187
S214029BB00000000002000000FDFF2102000000007D
S214029BC00100000000002001000000000800000064
S214029BD00700300100000000040000000E004205ED
S214029BE00000000063AE0200FDFF2102000000003C
S214029BF0030000001C0042110000000068AE0200D4
S214029C005100100100000000000000005500100185
S214029C1000000000000000006700300100000000A5
S214029C20070000006F00180100000000020000009C
S214029C30FDFF2102000000000100000000002001DC
S214029C4000000000080000000700300100000000CD
S214029C50040000000E0042050000000079AE02007B
S214029C60FDFF210200000000030000001C0042115C
S214029C70000000007EAE020051001001000000004D
S214029C800000000055001001000000000000000067
S214029C906700300100000000070000006F00180196
S214029CA00000000002000000FDFF2102000000008C
S214029CB00100000000002001000000000800000073
S214029CC00700300100000000040000000E004205FC
S214029CD0000000008FAE0200FDFF2102000000001F
S214029CE0030000001C0042110000000094AE0200B7
S214029CF05100100100000000000000005500100195
S214029D0000000000000000006700300100000000B4
S214029D10070000006F0018010000000002000000AB
S214029D20FDFF2102000000000100000000002001EB
S214029D3000000000080000000700300100000000DC
S214029D40040000000E00420500000000A5AE02005E
S214029D50FDFF210200000000030000001C0042116B
S214029D6000000000AAAE0200510010010000000030
S214029D700000000055001001000000000000000076
S214029D806700300100000000070000006F001801A5
S214029D900000000002000000FDFF2102000000009B
S214029DA00100000000002001000000000800000082
S214029DB00700300100000000040000000E0042050B
S214029DC000000000BBAE0200FDFF21020000000002
S214029DD0030000001C00421100000000C0AE02009A
S214029DE051001001000000000000000055001001A4
S214029DF000000000000000006700300100000000C4
S214029E00070000006F0018010000000002000000BA
S214029E10FDFF2102000000000100000000002001FA
S214029E2000000000080000000700300100000000EB
S214029E30040000000E00420500000000D1AE020041
S214029E40FDFF210200000000030000001C0042117A
S214029E5000000000D6AE0200510010010000000013
S214029E600000000055001001000000000000000085
S214029E706700300100000000070000006F001801B4
S214029E800000000002000000FDFF210200000000AA
S214029E900100000000002001000000000800000091
S214029EA00700300100000000040000000E0042051A
S214029EB000000000E7AE0200FDFF210200000000E5
S214029EC0030000001C00421100000000ECAE02007D
S214029ED051001001000000000000000055001001B3
S214029EE000000000000000006700300100000000D3
S214029EF0070000006F0018010000000002000000CA
S214029F00FDFF210200000000010000000000200109
S214029F1000000000080000000700300100000000FA
S214029F20040000000E00420500000000FDAE020024
S214029F30FDFF210200000000030000001C00421189
S214029F400000000002AF02005100100100000000F5
S214029F500000000055001001000000000000000094
S214029F606700300100000000070000006F001801C3
S214029F700000000002000000FDFF210200000000B9
S214029F8001000000000020010000000008000000A0
S214029F900700300100000000040000000E00420529
S214029FA00000000013AF0200FDFF210200000000C7
S214029FB0030000001C0042110000000018AF02005F
S214029FC051001001000000000000000055001001C2
S214029FD000000000000000006700300100000000E2
S214029FE0070000006F0018010000000002000000D9
S214029FF0FDFF2102000000000100000002445300A1
S21402A0000000000000000000000000000000000049
S21402A010000000000000000000000000000A626D60
S21402A0207373656E736F72310000000000000000EB
S21402A03000000000000000000000000000000450C5
S21402A04061636B0F5374617465206F662063686189
S21402A05072676500000000000000000000000000BB
S21402A06000000000000000000000000000000000E9
S21402A0700000000000000000CDCCCC3D0F557064FF
S21402A08061746520696E74657276616C000000000A
S21402A09000000000000000000000000000000000B9
S21402A0A0000000000000000000000000000000F0B9
S21402A0B0410000803F1043656C6C20312062616C69
S21402A0C0616E63696E67080000000B5061636B2067
S21402A0D06368617267651152656769737465722099
S21402A0E0303033622072617700000000000000000A
S21402A0F00000000000000000000000000000000059
S21402A10000000000000000000000000000803F1079
S21402A11043656C6C20322062616C616E63696E67A7
S21402A120080000000E5061636B2064697363686107
S21402A1307267650A43656C6C20636F756E74000007
S21402A1400000000000000000000000000000000008
S21402A15000000000000000000000000000000000F8
S21402A16000000000000000000000803F1043656C05
S21402A1706C20332062616C616E63696E6708000052
S21402A180000842616C616E6365720B50726F6265A5
S21402A19020636F756E74000000000000000000006F
S21402A1A000000000000000000000000000000000A8
S21402A1B00000000000000000000000000000000098
S21402A1C000803F1043656C6C20342062616C616EC7
S21402A1D063696E67080000000643656C6C203114E4
S21402A1E04869676865737420766F6C74616765206A
S21402A1F063656C6C000000000000000000000000B8
S21402A2000000000000000000000000000000000047
S21402A210000000000000803F1043656C6C20352073
S21402A22062616C616E63696E6708000000064365D2
S21402A2306C6C2032134C6F7765737420766F6C7477
S21402A2406167652063656C6C00000000000000001A
S21402A25000000000000000000000000000000000F7
S21402A2600000000000000000000000803F10436570
S21402A2706C6C20362062616C616E63696E670800E2
S21402A28000000643656C6C20330D486F747465736A
S21402A290742070726F62650000000000000000000B
S21402A2A000000000000000000000000000000000A7
S21402A2B00000000000000000000000000000000097
S21402A2C0803F1043656C6C20372062616C616E6360
S21402A2D0696E67080000000643656C6C20340D4307
S21402A2E06F6C646573742070726F626500000000A4
S21402A2F00000000000000000000000000000000057
S21402A3000000000000000000000000000000000046
S21402A3100000000000803F1043656C6C203820620D
S21402A320616C616E63696E67080000000643656CC7
S21402A3306C20351254656D70657261747572652095
S21402A3407370726561640000000000000000000087
S21402A35000000000000000000000000000000000F6
S21402A36000000000000000000000803F1042616C08
S21402A370616E63696E6720616374697665080000C2
S21402A380000643656C6C20360C52656D61696E6919
S21402A3906E67204168000000000000000000000018
S21402A3A000000000000000000000000000000000A6
S21402A3B000000000000000000000000000CDCCCC31
S21402A3C03D0E436867204D4F53206163746976657E
S21402A3D00000080000000643656C6C20370D4368D9
S21402A3E061726765206379636C6573000000000024
S21402A3F00000000000000000000000000000000056
S21402A4000000000000000000000000000000000045
S21402A41000000000803F0E447367204D4F532061BA
S21402A42063746976650000080000000643656C6C7C
S21402A43020380A424D5320656E6572677900000027
S21402A4400000000000000000000000000000000005
S21402A45000000000000000000000000000000000F5
S21402A460000000000000000000803F0E507265638E
S21402A4706867204D4F532061637400000800000097
S21402A4800C486967686573742063656C6C2F4F703F
S21402A49065726174696E6720737461746520283012
S21402A4A02069646C652C2031206368617267652CB4
S21402A4B02032206469736368617267652900000050
S21402A4C000000000803F0E486561746572204D4FA3
S21402A4D053206163740000080000000B4C6F776520
S21402A4E073742063656C6C1C43656C6C206F7665B8
S21402A4F072766F6C7461676520616C61726D206C38
S21402A5006576656C00000000000000000000000098
S21402A5100000000000000000000000000000803F75
S21402A5200E46616E204D4F53206163746976650056
S21402A53000080000000B43656C6C20737072656146
S21402A540641D43656C6C20756E646572766F6C7400
S21402A55061676520616C61726D206C6576656C0062
S21402A56000000000000000000000000000000000E4
S21402A5700000000000000000803F0F436867204D87
S21402A5804F5320636F6D6D616E6400080000000714
S21402A59050726F626520312343656C6C20766F6C57
S21402A5A07461676520646966666572656E636520B8
S21402A5B0616C61726D206C6576656C00000000004F
S21402A5C00000000000000000000000000000803FC5
S21402A5D00F447367204D4F5320636F6D6D616E6439
S21402A5E0000750726F6265203222436861726765A7
S21402A5F0206F76657274656D7065726174757265CA
S21402A60020616C61726D206C6576656C00000000DE
S21402A6100000000000000000000000000000000033
S21402A620803F0E43686172676572206C696E6B6567
S21402A6306400000750726F626520332343686172BC
S21402A640676520756E64657274656D706572617497
S21402A65075726520616C61726D206C6576656C0042
S21402A66000000000000000000000000000000000E3
S21402A6700000803F1043686172676572206C696EE5
S21402A6806B206572720750726F62652034254469CA
S21402A69073636861726765206F76657274656D7044
S21402A6A06572617475726520616C61726D206C658D
S21402A6B076656C000000000000000000000000004C
S21402A6C000000000803F0B4C6F6164206C696E6B6B
S21402A6D0656400000000000750726F626520352630
S21402A6E044697363686172676520756E6465727427
S21402A6F0656D706572617475726520616C61726DEC
S21402A700206C6576656C000000000000000000000A
S21402A710000000000000803F0F4C6F6164206C69EF
S21402A7206E6B206661756C74000750726F626520EE
S21402A730362254656D70657261747572652064693F
S21402A74066666572656E636520616C61726D206C0B
S21402A7506576656C00000000000000000000000046
S21402A7600000000000000000803F0B436867204D99
S21402A7704F5320686F7400000000000750726F622B
S21402A7806520371C5061636B206F766572766F6C3E
S21402A7907461676520616C61726D206C6576656CAC
S21402A7A000000000000000000000000000000000A2
S21402A7B000000000000000000000803F10436867B1
S21402A7C0204D4F532074656D70206572720750726B
S21402A7D06F626520381D5061636B20756E6465720A
S21402A7E0766F6C7461676520616C61726D206C6552
S21402A7F076656C000000000000000000000000000B
S21402A800000000000000000000000000803F0B4433
S21402A8107367204D4F5320686F7400000000000DD0
S21402A820486F74746573742070726F62651E436835
S21402A83061726765206F76657263757272656E7493
S21402A84020616C61726D206C6576656C000000009C
S21402A85000000000000000000000000000000000F1
S21402A86000000000803F10447367204D4F53207451
S21402A870656D70206572720D436F6C64657374202B
S21402A88070726F62652144697363686172676520DE
S21402A8906F76657263757272656E7420616C617232
S21402A8A06D206C6576656C000000000000000000FC
S21402A8B0000000000000000000000000803F0D5372
S21402A8C0686F7274206369726375697400000007AA
S21402A8D0424D53204D4F531F4C6F77207374617453
S21402A8E065206F662063686172676520616C6172BD
S21402A8F06D206C6576656C000000000000000000AC
S21402A9000000000000000000000000000000803F81
S21402A9100C5570677261646520666C6167000000A2
S21402A9200009424D5320626F6172641F4C6F77209C
S21402A9307374617465206F66206865616C74682044
S21402A940616C61726D206C6576656C0000000000BB
S21402A95000000000000000000000000000000000F0
S21402A9600000803F1043686720756E646572766FDC
S21402A9706C74616765064865617465721F4D4F5356
S21402A980206F76657274656D706572617475726536
S21402A99020616C61726D206C6576656C000000004B
S21402A9A000000000000000000000000000000000A0
S21402A9B0000000803F0F447367206F766572766FE3
S21402A9C06C7461676500045061636B1B5468657242
S21402A9D06D616C2072756E6177617920616C61724F
S21402A9E06D206C6576656C000000000000000000BB
S21402A9F00000000000000000000000000000000050
S21402AA000000803F0F506172616C6C656C206C694F
S21402AA106E6B656400045061636B1552656D616907
S21402AA206E696E67206D696C656167652072617715
S21402AA30000000000000000000000000000000000F
S21402AA4000000000000000000000000000000000FF
S21402AA5000803F0E506172616C6C656C2066617599
S21402AA606C740000045061636B114368617267691D
S21402AA706E672074696D65207261770000000000C1
S21402AA8000000000000000000000000000000000BF
S21402AA9000000000000000000000000000000000AF
S21402AAA0803F0E4146452063686970206661756C7A
S21402AAB0740000045061636B1E4C65676163792005
S21402AAC0616C61726D20726567697374657220309D
S21402AAD03036362072617700000000000000000069
S21402AAE000000000000000000000000000000080DF
S21402AAF03F0E414645206C696E6B206661756C742C
S21402AB000000045061636B1E4C65676163792061C7
S21402AB106C61726D2072656769737465722030307D
S21402AB203637207261770000000000000000000047
S21402AB300000000000000000000000000000803F4F
S21402AB40104146452073616D706C65206661756CB8
S21402AB5074045061636B1E4C656761637920616C97
S21402AB6061726D2072656769737465722030303663
S21402AB70382072617700000000000000000000002C
S21402AB8000000000000000000000000000803F10EF
S21402AB9043656C6C2073656E7365206661756C74B4
S21402ABA0045061636B1E4C656761637920616C615A
S21402ABB0726D20726567697374657220303036393B
S21402ABC02072617700000000000000000000000014
S21402ABD0000000000000000000000000803F0E435E
S21402ABE0656C6C2077697265206F70656E00000474
S21402ABF05061636B115265676973746572203030F9
S21402AC003439207261770000000000000000000066
S21402AC10000000000000000000000000000000002D
S21402AC200000000000000000000000803F1050619D
S21402AC30636B2073656E7365206661756C74045071
S21402AC4061636B11526567697374657220303034C4
S21402AC506120726177000000000000000000000022
S21402AC6000000000000000000000000000000000DD
S21402AC7000000000000000000000803F10437572D4
S21402AC8072656E742073656E73206572720450610D
S21402AC90636B1152656769737465722030303530A4
S21402ACA02072617700000000000000000000000033
S21402ACB0000000000000000000000000000000008D
S21402ACC0000000000000000000803F1054656D7018
S21402ACD02073656E7365206661756C7404506163DB
S21402ACE06B11526567697374657220303035312096
S21402ACF07261770000000000000000000000000003
S21402AD00000000000000000000000000000000003C
S21402AD100000000000000000803F0F50726F626566
S21402AD2020756E706C756767656400045061636BAE
S21402AD301152656769737465722030303537207238
S21402AD406177000000000000000000000000000024
S21402AD5000000000000000000000000000000000EC
S21402AD6000000000000000803F0C454550524F4D49
S21402AD70206661756C7400000000045061636B11FC
S21402AD80526567697374657220303037312072619C
S21402AD907700000000000000000000000000000035
S21402ADA0000000000000000000000000000000009C
S21402ADB0000000000000803F0B466C61736820664E
S21402ADC061756C740000000000045061636B0952E8
S21402ADD05443206661756C74000000000000000495
S21402ADE05061636B10436861726765204D4F532054
S21402ADF06661756C74045061636B0D447367204D15
S21402AE004F53206661756C74000000045061636BDA
S21402AE1010507265636867204D4F53206661756CEB
S21402AE2074045061636B1050726563686172676583
S21402AE30206661696C6564045061636B0E436867E3
S21402AE40206F666620627920627573000004506186
S21402AE50636B0E447367206F6666206279206275A4
S21402AE60730000045061636B0E4368672073776952
S21402AE70746368206F66660000045061636B0E445C
S21402AE80736720737769746368206F6666000004D0
S21402AE905061636B0A46616E206163746976650071
S21402AEA00000000000045061636B0D486561746524
S21402AEB07220616374697665000000045061636BFA
S21402AEC01043757272656E74206C696D6974696E72
S21402AED067045061636B0C48656174657220666135
S21402AEE0756C7400000000045061636B0C424D5395
S21402AEF0207761726E696E6773000000000450610D
S21402AF00636B0A424D53206572726F7273000000C3
S21402AF10000000045061636B0F424D53206C696E53
S21402AF206B20616374697665000004010401040104
S21402AF3004010401040104010401040104010401E2
S21402AF4004010401040104010401040104010401D2
S21402AF5004010401040104010401040104010401C2
S21402AF6004010401040104010401040104010401B2
S21402AF7004010401040104010401040104010401A2
S21402AF800401040104010401040104010401040192
S21402AF900401040104010401040104010C000C0074
S21402AFA00C000C000C000C000C000C000C000C003A
S21402AFB00C000C000C000C000C000C000C000C002A
S21402AFC00C000C000C000C000C000C000C000C001A
S21402AFD00C000C000C000C000C000C000C000C000A
S21402AFE00C000C000C000C000C000C000C000C00FA
S21402AFF00C000C000C000C000C000C000C000C00EA
S21402B0000C000C000C000C000C000C000C000001E4
S21402B01002030405060708090A0B0C0D0E0F101191
S21402B02012131415161718191A1B1C1D1E1F202181
S21402B03022232425262728292A2B2C2D2E2F303171
S21402B0403233343536373800000000000000000086
S21402B05000000000000000000000000000000000E9
S21402B06000000000000000000000000000000000D9
S21402B07000000000000000000000000000000000C9
S21402B08007021F012F0037013F005701DF02E700CA
S21402B090FF020000000000000000000000000000A8
S21402B0A00000000000000000000000000000000099
S21402B0B000000000600900000080000000000000A0
S21402B0C00000002F6F70742F73696C6162732F65B6
S21402B0D0667233326D67312D323032362D30392F6B
S21402B0E0746F6F6C732F6765636B6F2D73646B2D54
S21402B0F0342E352E312F70726F746F636F6C2F7A09
S21402B10069676265652F737461636B2F7365637518
S21402B110726974792F7A69676265652D73656375DE
S21402B120726974792D6D616E616765722D6E6F2D11
S21402B1307661756C742E6300000000001200000039
S21402B140130000000100000000C818030030E704E6
S21402B1501E000000B80B000018000000E803000004
S21402B16073657269616C5F74785F6C6F6361746932
S21402B1706F6E00000000000073657269616C5F729A
S21402B180785F6C6F636174696F6E00000000000088
S21402B190626D735F61646472657373000000000021
S21402B1A000000000000000007A69676265655F7053
S21402B1B072696D6172795F6D61736B0000000000E9
S21402B1C07A69676265655F7365636F6E64617279DB
S21402B1D05F6D61736B00000073616D706C655F6913
S21402B1E06E74657276616C5F73000000000000008A
S21402B1F07A69676265655F6C6F6E675F706F6C6CAD
S21402B2005F6D7300000000006E6574776F726B5F8F
S21402B2106C6F73735F74696D656F75745F68000039
S21402B22073657269616C5F74696D656F75745F6D65
S21402B23073000000000000008080C0C0C040008094
S21402B2400000FF0080FF0000CDCCCC3D000038009F
S21402B250FFFF040B00010A0001000000CDCCCC3D2C
S21402B260D08A3900FFFF040B03010A000101000027
S21402B270CDCCCC3DD08A3900FFFF040B03010A0077
S21402B28002010001CDCCCC3DD08A3900FFFF040B71
S21402B29003010A0003010002CDCCCC3D00003A00B7
S21402B2A0FFFF0C0055000100010400000000803F73
S21402B2B000003B00FFFF0C005500010002040000E6
S21402B2C06F12833A00000000FFFF040B0001E80340
S21402B2D0050000030000803F00004F0001000F0041
S21402B2E055000100010500046F12833A00000100B8
S21402B2F0FFFF040B0001E803060000030000803F86
S21402B30000004F0001000F00550001000205010574
S21402B3106F12833A00000200FFFF040B0001E803ED
S21402B320070000030000803F00004F0001000F00EE
S21402B33055000100030502066F12833A000003005F
S21402B340FFFF040B0001E803080000030000803F33
S21402B35000004F0001000F0055000100040503071E
S21402B3606F12833A00000400FFFF040B0001E8039B
S21402B370090000030000803F00004F0001000F009C
S21402B38055000100050504086F12833A0000050007
S21402B390FFFF040B0001E8030A0000030000803FE1
S21402B3A000004F0001000F005500010006050509C8
S21402B3B06F12833A00000600FFFF040B0001E80349
S21402B3C00B0000030000803F00004F0001000F004A
S21402B3D0550001000705060A6F12833A00000700AF
S21402B3E0FFFF040B0001E8030C0000030000803F8F
S21402B3F000004F0001000F00550001000805070B72
S21402B4000000803FD8FF3000FFFF02040000640007
S21402B4101003000C0000803FD8FF3100FFFF02043B
S21402B420000064001103000D0000803FD8FF3200C8
S21402B430FFFF0204000064001203000E0000803FBB
S21402B440D8FF3300FFFF0204000064001303000F5E
S21402B4500000803FD8FF3400FFFF020400006400B3
S21402B460140300100000803FD8FF3500FFFF0204DF
S21402B47000006400150300110000803FD8FF36006C
S21402B480FFFF020400006400160300120000803F63
S21402B490D8FF3700FFFF0204000064001703001302
S21402B4A00000803F00003C00FFFF0C00550001003A
S21402B4B0030400000000803F00003D00FFFF0C0078
S21402B4C055000100040400000000803F00003F0019
S21402B4D0FFFF0C0055000100050400000000803F3D
S21402B4E000004100FFFF0C005500010006040000AA
S21402B4F00000803F00004400FFFF0C0055000100E2
S21402B500070400000000803F00004600FFFF0C001A
S21402B51055000100080400000000803F00004700BC
S21402B520FFFF0C005500010009040000CDCCCC3D05
S21402B53000004B00FFFF0C00550001000A0400004B
S21402B5400000803F00004C00FFFF0C005500010089
S21402B5500B0400000000803F00005900FFFF0C00B3
S21402B560550001000C0400006F12833A00003E00F2
S21402B570FFFF040B0001E8030D0000006F12833A80
S21402B58000004000FFFF040B0001E8030E0000006D
S21402B5906F12833A00004200FFFF040B0001E8032B
S21402B5A00F0000000000803FD8FF4300FFFF0204A8
S21402B5B000006400180300000000803FD8FF45002A
S21402B5C0FFFF020400006400190300000000803F31
S21402B5D0D8FF5A00FFFF0204000064001A030000AE
S21402B5E00000803FD8FF5B00FFFF020400006400FB
S21402B5F01B0300000000803FD8FF5C00FFFF020430
S21402B600000064001C0300000000803F00004800A9
S21402B610FFFF0C00550001000D0400006F12833A74
S21402B620D08A4E00FFFF040B0301E803040100006A
S21402B6300000803F00004D00FFFF0F005500010094
S21402B640090500000000803F00005200FFFF0F00C7
S21402B650550001000A0500000000803F000053006C
S21402B660FFFF0F00550001000B0500000000803FA1
S21402B67000005400FFFF0F00550001000C050000FB
S21402B6800000803F00005500FFFF0F00550001003C
S21402B6900D0500000000803F00005600FFFF0F006F
S21402B6A0550001000E0500000000803F0000210149
S21402B6B0FFFF0F00550001000F0500000000803F4D
S21402B6C000002201FFFF0F005500010010050000D8
S21402B6D00000803F00005800FFFF040B0601010037
S21402B6E0010200140000803F00005800FFFF040B18
S21402B6F006010100020200150000803F000058000B
S21402B700FFFF040B06010100030200160000803F43
S21402B71000006D0007000C00550001000E0408171B
S21402B7200000803F00006D0007000C00550001007D
S21402B7300F040B170000803F00006D0007000C008E
S21402B74055000100100400170000803F00006D0045
S21402B75007000C0055000100110403170000803F8B
S21402B76000006E0007000C005500010012040817C6
S21402B7700000803F00006E0007000C00550001002C
S21402B78013040B170000803F00006E0007000C0039
S21402B79055000100140400170000803F00006E00F0
S21402B7A007000C0055000100150403170000803F37
S21402B7B000006F0007000C00550001001604081771
S21402B7C00000803F00006F0007000C0055000100DB
S21402B7D017040B170000803F00006F0007000C00E4
S21402B7E055000100180400170000803F00006F009B
S21402B7F007000C0055000100190403170000803FE3
S21402B8000000700007000C00550001001A0408171B
S21402B8100000803F0000700007000C005500010089
S21402B8201B040B170000803F0000700007000C008E
S21402B830550001001C0400170000803F0000700045
S21402B84007000C00550001001D0403170000803F8E
S21402B85000006D0001000F005500010011050E00EA
S21402B8600000803F00006D0001000F00550001003F
S21402B87012050F000000803F00006D0001000F005F
S21402B88055000100130506000000803F00006D0011
S21402B89001000F0055000100140507000000803F5C
S21402B8A000006E0001000F005500010015050E0095
S21402B8B00000803F00006E0001000F0055000100EE
S21402B8C016050F000000803F00006E0001000F000A
S21402B8D055000100170506000000803F00006E00BC
S21402B8E001000F0055000100180507000000803F08
S21402B8F000006F0001000F005500010019050E0040
S21402B9000000803F00006F0001000F00550001009C
S21402B9101A050F000000803F00006F0001000F00B4
S21402B920550001001B0506000000803F00006F0066
S21402B93001000F00550001001C0507000000803FB3
S21402B9400000700001000F00550001001D050E00EA
S21402B9500000803F0000700001000F00550001004B
S21402B9601E050F000000803F0000720001000F005D
S21402B970550001001F0500000000803F0000720015
S21402B98001000F0055000100200501000000803F65
S21402B9900000720001000F005500010021050200A0
S21402B9A00000803F0000720001000F0055000100F9
S21402B9B0220503000000803F0000720001000F0015
S21402B9C055000100230504000000803F00007200BD
S21402B9D001000F0055000100240505000000803F0D
S21402B9E00000720001000F00550001002505060048
S21402B9F00000803F0000720001000F0055000100A9
S21402BA00260507000000803F0000730001000F00BB
S21402BA1055000100270508000000803F0000730063
S21402BA2001000F0055000100280509000000803FB4
S21402BA300000730001000F005500010029050A00EE
S21402BA400000803F0000730001000F005500010057
S21402BA502A050B000000803F0000730001000F0063
S21402BA60550001002B050C000000803F000073000B
S21402BA7001000F00550001002C050D000000803F5C
S21402BA800000730001000F00550001002D050E0096
S21402BA900000803F0000730001000F005500010007
S21402BAA02E050F000000803F0000730001000F000B
S21402BAB0550001002F0500000000803F00007300C3
S21402BAC001000F0055000100300501000000803F14
S21402BAD00000730001000F0055000100310502004E
S21402BAE00000803F0000730001000F0055000100B7
S21402BAF0320503000000803F0000730001000F00C3
S21402BB0055000100330504000000803F000073006A
S21402BB1001000F0055000100340505000000803FBB
S21402BB200000730001000F005500010035050600F5
S21402BB300000803F0000730001000F005500010066
S21402BB40360507000000803F00006D00FFFF0F0073
S21402BB5055000100370500180000803F00006D0008
S21402BB60FFFF0F0055000100380500190000803F56
S21402BB7000003800FFFF0F00550001003905001ACB
S21402BB800000803F00005E00FFFF0C005500010031
S21402BB901E0400000000803F00006400FFFF0C004F
S21402BBA0550001001F0400000000803F00006600F0
S21402BBB0FFFF0C0055000100200400000000803F3B
S21402BBC000006700FFFF0C00550001002104000082
S21402BBD00000803F00006800FFFF0C0055000100D7
S21402BBE0220400000000803F00006900FFFF0C00F6
S21402BBF055000100230400000000803F00004900B9
S21402BC00FFFF0C0055000100240400000000803FE6
S21402BC1000004A00FFFF0C0055000100250400004A
S21402BC200000803F00005000FFFF0C00550001009E
S21402BC30260400000000803F00005100FFFF0C00B9
S21402BC4055000100270400000000803F0000570056
S21402BC50FFFF0C0055000100280400000000803F92
S21402BC6000007100FFFF0C005500010029040000CF
S21402BC700000080030001800480015006D0007009C
S21402BC80210102005E00010064000100660004005B
S21402BC90050000000000000000C2010000050000D0
S21402BCA0001000000000000000000000000000007D
S21402BCB0800C0000800C000000000100020203005D
S21402BCC0000000000000020800000000FFFFFFFF67
S21402BCD0FFFFFFFFFFFFFFFF000000000000000065
S21402BCE0000000000000000000000000000000004D
S21402BCF05241494C00000000A000000009B10000BB
S21402BD0050000000E9B10000FA04FA000033330ADA
S21402BD100A0A03040408080808080840002100006C
S21402BD200001000001010001010100000000000006
S21402BD3000000000DF03000038705C0834702C0836
S21402BD403070200B2C70260E287044082470600871
S21402BD50207014091C7014091870400A1470580ACE
S21402BD6010704E080C70920A0870F60A04704A08A0
S21402BD70641000C6B80F00218CB8707801B007684E
S21402BD806114C44C4413036B31500F303150081405
S21402BD900F3003630F330111C0480698A4012FB079
S21402BDA006D80C7109DD087100B853A809BB11103A
S21402BDB0076801682148076004100112FF3221500B
S21402BDC007605148076000880698980BF44C03DD1C
S21402BDD0087214BA281400A000BA03DF107109DF33
S21402BDE0067202984E028CB8507800A044132814AB
S21402BDF041150698BA010060B83020D8067190BC8A
S21402BE00637C084D5412F03240DE0472404804DB74
S21402BE1008720DDD0C72044BEF30144806988A0344
S21402BE2000C4E01008404412076201322140084C68
S21402BE30287C811140D91C72B1123032CF4A013AA5
S21402BE40B1DA107208D8067104D80871B04C237C97
S21402BE503A70684C4412FF32C322047580B8D84C3C
S21402BE6081D82A7140D90472237C084B06988A032B
S21402BE7004BA88B9767900C118600840357906B9DF
S21402BE8004A901D80A72BC4C307C327000BA604CED
S21402BE904411404C1814076118149111383111429C
S21402BEA09111076910D90472EF3200C10060084090
S21402BEB014111031016911422814081430880248FE
S21402BEC00698A002009308DB047101F800A000C0E7
S21402BED07C0F0021041003600F3000A01088B111FF
S21402BEE0076980D90A7100C18000084008110091D4
S21402BEF000A000C460000840441000A000C020302B
S21402BF000E40041104101050F47200A05414404461
S21402BF100E7106986E0318B8707800B8417800C59E
S21402BF208C0F002154155114FF3507644113FF345A
S21402BF3007633112FF330762FF323110212B01589B
S21402BF40012A0698C401015851280475015841284F
S21402BF50187551B00CD80671215806703110115957
S21402BF6001290675FF0FB87018B8727800F8EBBD95
S21402BF7000C0880F00210411113D10D9067118B9AE
S21402BF807479581000A00698BA01044C0D30047259
S21402BF90044800C190500840141100C3A4FFCEFA12
S21402BFA0911504351672181388BB08D804716C7B79
S21402BFB004D804716A7B2F7C16700423181388BB7E
S21402BFC008D804716F7B04D804716D7B217C0698B7
S21402BFD0D00606989A0300B8B111076940D90672CE
S21402BFE002983E0301BC00C20060084000DC0A71F1
S21402BFF024150165404A0A701C4A241507655C4AE6
S21402C000043508D920712024512A241200C1800048
S21402C0100840320C281107622811076228110762AD
S21402C0202811500C00C1800F0021141200DC1A7176
S21402C03020D8067101B80C70F0DA0C720CDB0871AD
S21402C04002B80698620348240449141100C380000B
S21402C0500840FFB801201141087101411813082455
S21402C060014200C12000084014110141036D5141F4
S21402C07018132813481300C37C000840341003D852
S21402C0800C71073005DC0671084B227B8CB85078A1
S21402C09000B800C1800F0021141203682150F0304E
S21402C0A00152281100A04024066400C0FFFF0100D0
S21402C0B0013C1DB002200158402806751EAC01EC5A
S21402C0C000A000C268000840B8B900690D491812FD
S21402C0D000A000C028400E400413315107610C3105
S21402C0E007691153381000A006985E0400C0FC0FC2
S21402C0F0002104112EA90848041106989A03217AF1
S21402C100237A00C0B40F002104105114012C0A75C2
S21402C11000B826A806986E0328B010B9115911382F
S21402C1200EB9114028A880B800C144300840081152
S21402C1306FB8076826A8217A050C211020482678B1
S21402C14000C063EF000026A8050C20ECB11140D910
S21402C1500872247A20EC217A184826A828B00AB950
S21402C16001510F31115028A8050C207A20EC0F0C33
S21402C17098B8467841780698C40100C28C0F002110
S21402C18024100151FF311150081200A006985E04D7
S21402C19000B826A800A000C074300E4004114CBAA5
S21402C1A0407A1810144804115C7A1810A4BB707BED
S21402C1B04E7B4F7B00C20430084000A006985E0407
S21402C1C000C0F80F002104112EA9217A227A0698BF
S21402C1D0CA030111FF300769FF3151B30DBC415C40
S21402C1E0413B115900290475084B51ABA4BB00C052
S21402C1F040300E400411033101492872B112076221
S21402C20007623048041121510F3118726E7B6F7B22
S21402C210104804114CBA7C7A181014480411607A3B
S21402C220181008B86E780EB84EB110D90C723EA827
S21402C230140C0FB83EA8107044A8140C01B800C124
S21402C240B0300E40081100C077801F003DB2014298
S21402C2503DAA00C1E40F0021141054A8140C00C01B
S21402C26077E01F0001423DAAFFB845207D7808B856
S21402C2707E7806989E0BB11101D90671069824079E
S21402C2800698980B511406986E03F4B845780A0C73
S21402C29000A0FFB845205D7800B844A83EA800C1BB
S21402C2A0B0300E40081110B807683DB101393DA9FB
S21402C2B008B86F7800A0C8BC066C415C512C0675A5
S21402C2C006986E0306987008B110076805D8327192
S21402C2D040BA06986E0B08B86578911004D81671A5
S21402C2E088B86E7800C06400084021780698E8098D
S21402C2F001400A728CB842780698AA0B0298A806E1
S21402C30008B86C7820B859785B7800C1E80F00212D
S21402C310141054A84EB010D850724DB161B80158DE
S21402C320113840B102D91272604811B90161111276
S21402C330104A04BB41540C70204802B903BA02BB2F
S21402C34002BC4DA840A9F8B87078190C3EB141411C
S21402C3503EA9F4B973797378717800C1E00F0021B1
S21402C36000C400410840267000C20000010044AA32
S21402C370230C00C200000B0044AA00C1E00F0021FB
S21402C38081BA016200C41841084004BB00C0C83F1D
S21402C39000001411113821400814050C114008142D
S21402C3A004240F0C2FAB050CB11008D810711CB862
S21402C3B079787B7820B879787B78607CF42441138E
S21402C3C006988A0351144044067506986E03727BDB
S21402C3D0FFB84D20050C687840EC911004D8147113
S21402C3E000C08CFFCEFA041080D806711CB8737891
S21402C3F000F818B800C1A0FFCEFA00C218500840D4
S21402C40024122811767800F800C0686008400411EB
S21402C4100761076180D9047240EC00C4F840084006
S21402C4204EB010D80471182441130C23527C407B62
S21402C43011512FA9050CFC23341200C0FF3FC0E0A7
S21402C440013A28130A0C4CB87078181406322813CE
S21402C450050C1151181408B86D7800A000C0287099
S21402C46008400411108800C1001800401810444803
S21402C4700411108878480411108800884CBA757A1E
S21402C48018103DB11088F4B84278442072782848D3
S21402C4907378F8B873784FB200C4FFFF8080413AD1
S21402C4A04FAA01BC01644113076300C06C700840C8
S21402C4B003B918100110011001B91810011001106B
S21402C4C00110011068480411076101B80160003AC2
S21402C4D00471044904D9047241520760003A047197
S21402C4E0084908D9047231520460003B0E72006398
S21402C4F00064314241424FAAB2704FAAF8B853784C
S21402C500182053782848527800913DA9009000914F
S21402C510181000917848181000914448181000A08E
S21402C520115910D906710760076008D904710760AF
S21402C53004D90471036002D90471016001D904713F
S21402C540006000A000C21850084024121159212988
S21402C550127300210E7100C23050084024120121CD
S21402C560212900A006985E0400C5940F0021508879
S21402C570044D541506988404009500F806985A054A
S21402C5800E700698D00606985A050698740A0698FB
S21402C59054049112211900F810B901BA0698640BD6
S21402C5A000C5940F002100F89112033288B900C327
S21402C5B08CFFCEFA341300C4A81008408CB8427818
S21402C5C0707903DE067144784C707179A11020D818
S21402C5D006710298200980DB2E7102D82A7205B8ED
S21402C5E030880763076302DB087118B80814A0B81E
S21402C5F000930814A11010300248081400B808145A
S21402C6009110076008148CB86278A11000DC0676D8
S21402C610517900BA00C1180008400533054B18725C
S21402C620184C03DE0471904C441400C3FF1F000034
S21402C630413BFF233811B849076A0698080904499E
S21402C6400879097914102140081100A000BD069847
S21402C650960110B903DC047100B901BA0698640B9E
S21402C66002D9067100404E7201B107690F31069871
S21402C670E809FFD82872811008D8187106DD0A71F9
S21402C6800698960103DC0C7206982C0A0698AA0BEA
S21402C6900C7006DD10710698320A487020B802A89F
S21402C6A006DD107206985A050698540401F840B83A
S21402C6B002A800F800C08CFFCEFA0413076301DB61
S21402C6C0227191100111076911388CB910D80871BE
S21402C6D044790298200902DBFA72A11328DBF4726D
S21402C6E003BD0698DC0906985A058CBA7F7A069826
S21402C6F08A0300C5980F00210698960103DC0C7287
S21402C700044DA11002D804713C4D54150698B0038E
S21402C71002987E059110015503355150011900A06B
S21402C720811380DB067201B800A000C30C500840DB
S21402C730341006302E727C4B34122C4B34100760A9
S21402C740076040301E72811080D8DC713410014AB6
S21402C75007620360803021508C480871F84B341011
S21402C760013000A000BD0698DC0988B847784578F5
S21402C770437800B8447800A006985A0506982C0A12
S21402C78000C5A40F002154150698B00302987E0532
S21402C79000C374000840027B50BA06986E0B0698D7
S21402C7A0E809FFD8067208B8607800F800B900C237
S21402C7B09C1008401812244A0AB9181288BA507AED
S21402C7C0517A8CB942795F7900A00698960107DC07
S21402C7D01072911000200A750698740A029868086A
S21402C7E00698540401B9911004D8047100B910BA1D
S21402C7F00698640B0040207100C08CFFCEFA04112C
S21402C800076101D9127104D9E4728110076001D858
S21402C810DC718CB864780698740A00C5A80F0021EB
S21402C82054150698840400C5AC0F002100F800BC1D
S21402C830811108D9107106982C0A0698AA0B20B8FE
S21402C84002A800F80698740A06982C0A00C5B00FCB
S21402C8500021541502987E0506988A0301F8911065
S21402C86010D8287100C590500840541106980C083C
S21402C87000C59CFFCEFA54155129EA7518B875788A
S21402C8808CB8447801B802A800F8B110076810D82E
S21402C89008710198D0BACFFA0298D4010698BA0164
S21402C8A011380472016A00BB00C1ACFFCEFA141143
S21402C8B020390C72911210DA0672417B00A006989B
S21402C8C09E0B00C28CFFCEFA241220DA0472617B21
S21402C8D088BA527A00A088BA727A811204DAFC7296
S21402C8E000A088B86B7800C0640008402F7800A0CB
S21402C8F00763076390B9637900B902DB187102EC2B
S21402C90000C909B801D9427208D93E7110D93A71E4
S21402C910E031076102EC00CD114502EC00CC01DBF0
S21402C92006710298420F03B84111073104D91A72F0
S21402C930911210DA087102DD10721E7020B8069885
S21402C940E8073038147208B806985A0300C0240064
S21402C95008402978207800F802EC00CA05B823DAE5
S21402C960187104DBE47120DAE07110DADC7290B838
S21402C970617800B801DA067202EC00C8911110D98B
S21402C980267100C194FFCEFA14111150FF300C72BA
S21402C9900661A110115002300A7180DB0A720AB8D1
S21402C9A0A8708CB97C790768911111402111C031A9
S21402C9B01140011990B8411108D90471667820D93E
S21402C9C004726578A11002D80672C0DA1A7190B89D
S21402C9D0273123DD087210DB0C72607821DD0872C5
S21402C9E008DB0471627803B8411107310872A11599
S21402C9F02035AE7102DD2672A11120D9A47102D9AA
S21402CA001C72CCDA9C72411140D9967206B802DBCF
S21402CA1004710465054D5C720298EA0B21114049C7
S21402CA20C0D94E71A03141154035016551410361AF
S21402CA30076308DA1E7204DA38721049A115023545
S21402CA40067110DB0E7201340A7108DB247190B88D
S21402CA506778CC3211101A300ADC0872CCDE047108
S21402CA60FD3100C00D0F0C0D0698EA0701D80872BA
S21402CA7007B80298100C204A00C0051708500698FE
S21402CA80EA07113001422088FFBB0DDA507100C15F
S21402CA90DE1B250180BC04DA107208DA0A7200C1B5
S21402CAA020841000E024A02407634143016401DAD5
S21402CAB006711E49024B00C0F4FFCEFA0763381017
S21402CAC0BC2002DA127101B91159A11380DB087178
S21402CAD000C100FCFF0118100298CE0E00C48CFFA5
S21402CAE0CEFA441080D87471009290BD437DEFBD9B
S21402CAF00698380203620DDA8E72A11105D95C71AE
S21402CB0000C23810084024120424281401D90672E0
S21402CB1002D9327140D91E7102EC00CA21101832B5
S21402CB200471FA2220D804720822FE22087502EC4A
S21402CB3000C8F87001D90E7102EC00C802D906725C
S21402CB4004DC187200C08CFFCEFA0410026801D80A
S21402CB50067190B8647818B873780298420F00B8D5
S21402CB60011A00C0740008400278911010300119B2
S21402CB7005BA06986E0B02D9067101B802A800C063
S21402CB808CFFCEFA041380DB06710298B80B8CBABF
S21402CB907C7A01DB6C7100C2F8FFCEFA2411111404
S21402CBA0FF3402EC00C8FF24FA7607610698F807FD
S21402CBB0036111380F3003611114011141100698F8
S21402CBC0F80701D8087203B80298100C042202DB98
S21402CBD024712410112811280412023006710762EB
S21402CBE0076200C0FFFF0000213800C2180008409C
S21402CBF0FF200812411007600698F80701D87C71DA
S21402CC0020BC1033767100BB00C1F4FFCEFA1415B7
S21402CC10C021112C5112076A0F320E71408851142E
S21402CC200698480F4143009451120765036A0F3273
S21402CC300E71411151140698480F036C4143076563
S21402CC40513B00C1B0FFCEFA1411111231100F3051
S21402CC50127100BA046101D80471114200600FD843
S21402CC60F472311002601E30047201B8003A087283
S21402CC7004B80298100C0298A40D0698360200F822
S21402CC8030885088FF34087102ECFF24F87002ECFA
S21402CC9000CD141001BB5150FFD804713144076017
S21402CCA0006B10DBF2710421FF22E4720F4C009538
S21402CCB0009300A045E60000FDE5000009E600003E
S21402CCC0DDE60000CD1F0200B7220200BB220200F2
S21402CCD0C7220200BF220200C32202000000000098
S21402CCE0400100000827002003010706030107068B
S21402CCF005010606050106060302070603020706E5
S21402CD00050206060502060618CD0200000000000F
S21402CD10000000000000000044CE020000000000F8
S21402CD2030CD0200030000000000000000000000FA
S21402CD30D4CD02004063598F404B4C000B000D00CF
S21402CD400D00FF7F9C110020000000000000000084
S21402CD50000000009CCD02004063598F404B4C00FF
S21402CD600B000E000E00FF7F9C110020000000004A
S21402CD7000000000000000000CCE02004063598F45
S21402CD80404B4C000B000B001A00FF7F9C1100204A
S21402CD90000000000000000000000000F00F040188
S21402CDA090CF02000000000000C003000EC0030087
S21402CDB0380002000000000000000000346002009C
S21402CDC0A1040000090000007870010006E0490096
S21402CDD0FFFFFFFFF00F0401DCCF0200000000009F
S21402CDE000C003000AC00300380002000000000072
S21402CDF00000000034600200A208000001000000EB
S21402CE007870010000235500FFFFFFFFF00F0401BA
S21402CE10DCCF02000000000000C003000EC00300CA
S21402CE20380002000000000000000000346002002B
S21402CE30A2080000010000007870010000235500DF
S21402CE40FFFFFFFF04000200018014007F000000C5
S21402CE501800020000000000000000002800040085
S21402CE6000000000000000000000000000000000BB
S21402CE7040000100A007000048000100000000007A
S21402CE80540002000000000000000000A0000400A1
S21402CE9000400000FF4C000000410000FF4D000073
S21402CEA0002001000407000010200100000000001E
S21402CEB01820010008840000083001003FAC000082
S21402CEC0303002002449100001000000403001000A
S21402CED000000000A04001007A27000FF440010085
S21402CEE0201000003441020080080000E68700009F
S21402CEF0404102006D008800C0E65311146008002D
S21402CF001000000020F9130407C0520000000000C1
S21402CF100000000000000003000000006402FF00A2
S21402CF203C600B00B0070800A700000000000000ED
S21402CF304101C00A9BC34A74F003000000000000CF
S21402CF40000000000101103050707F7F00000000DA
S21402CF501470011000F8070014700130FA00000087
S21402CF601870020000180000000084822870010079
S21402CF7000008001487002003C3D0000BC19000021
S21402CF80707002000301010042040000FFFFFFFF71
S21402CF900D000000AAAA6A000000000040D00200AD
S21402CFA028D002000000000000CF990000F04902DD
S21402CFB080841E00042000002449000200000000B5
S21402CFC0000000000000000000000000000000005A
S21402CFD080841E0000000000000000000D0000001B
S21402CFE0AAAA6A000000000040D0020034D0020064
S21402CFF000000000001BB70000F0490280841E00FB
S21402D0000420000024490002000000000000000086
S21402D01000000000000000000000000080841E00E7
S21402D0200000000000000000CE310000CE310000FB
S21402D03000000000E1190000E119000000000000F5
S21402D040193F010604100100000101060010270026
S21402D050000900000000000000006C6F7765722D6A
S21402D0606D61632D7261696C2D3830322E31352E2A
S21402D070342E63006C69627261696C2E6100000175
S21402D0800304756E636C61696D656400627566663D
S21402D09065722D6D616E6167656D656E742E6300D7
S21402D0A06C65676163792D7061636B65742D62755B
S21402D0B0666665722E63006576656E742D7175659B
S21402D0C075652E6300000700100008001A000600AF
S21402D0D0110002001100040004000100040009000F
S21402D0E008000A000A000B00020000000000000010
S21402D0F0B7D2020071D2020000000000B8D20200CD
S21402D10038B1020000000000BDB00200BFB002004D
S21402D11000000000C1B0020049D20200BDD20200E7
S21402D12039B10200BEB0020000000000C2B0020028
S21402D13044D10200BAB00200BCB00200C0B0020085
S21402D140BBB00200000203040508090A0B00010234
S21402D1500304051D2000000047450200E11E0100F1
S21402D160F5490100CDE00100054D01006D2F0200DA
S21402D1706F2F0200732F0200752F0200712F02001C
S21402D18059AB0100CD8501007DC601009D1C010042
S21402D1905D3C0100672F020069880100692F0200CA
S21402D1A0453301006B2F0200231002000DDB010045
S21402D1B015ED0100000000007A69676265652D754D
S21402D1C0707065722D6D61632E63006E65696768A7
S21402D1D0626F722E63006173736F63696174696F45
S21402D1E06E2E630000130000000000000000000026
S21402D1F001000000E58B010002000000893F0200EA
S21402D200030000003D8B010004000000033F020003
S21402D21005000000DD8A010000000000000000009A
S21402D2200023001B2200FF00000000000C0902027F
S21402D230000000001C1A0B0303FF06080402020289
S21402D24004020A0B030302030480FF0204FF010127
S21402D250010108000000000000000031383231737E
S21402D260005A6967426565416C6C69616E63653038
S21402D270398031313131003134323231003132319C
S21402D2800031320032730032383100383131003129
S21402D290383231310031323131313231323232319B
S21402D2A073003132320031323131323231003232B1
S21402D2B03800008F8E8C80808006080C10806D618E
S21402D2C0632D6D756C74692D6E6574776F726B2E37
S21002D2D06300FFFFFFFFFFFFFFFFFFFFF2
S21402D2DC424D534346473A45465233324D47310048
S21402D2EC02000000640100000900000083FCCEBBB3
S21402D2FC73657269616C5F74785F6C6F6361746975
S21402D30C6F6E00000000000012000000000000001B
S21402D31C1F00000073657269616C5F72785F6C6FD8
S21402D32C636174696F6E0000000000001300000059
S21402D33C000000001F000000626D735F616464727F
S21402D34C657373000000000000000000000000007F
S21402D35C01000000010000000F0000007A696762FD
S21402D36C65655F7072696D6172795F6D61736B0072
S21402D37C0000000000C818030000000000F8FF07B9
S21402D38C7A69676265655F7365636F6E64617279ED
S21402D39C5F6D61736B0000000030E7040000000054
S21402D3AC00F8FF0773616D706C655F696E74657269
S21402D3BC76616C5F73000000000000001E00000027
S21402D3CC05000000100E00007A69676265655F6CE6
S21402D3DC6F6E675F706F6C6C5F6D730000000000A1
S21402D3ECB80B0000E803000060EA00006E65747774
S21402D3FC6F726B5F6C6F73735F74696D656F757448
S21402D40C5F6800001800000001000000D002000057
S21402D41C73657269616C5F74696D656F75745F6D47
S21402D42C7300000000000000E80300006400000027
S20802D43C881300004A
S20C02D440D02FFD7F0100000061
S21002D44854D4020098100020F0000000EF
S21402D454C0EA2101C0EA21010080000000F049026E
S21402D464AC1000200070030000900000A8280020E2
S21402D474F4010000FE00000000000000004C020060
S21402D48458140020C0EA2101F24D020033000000C5
S21402D4944D4500000030E70400C81803005C26056A
S21402D4A4EC100020000000007C4E0020E44E002019
S21402D4B44C4F0020000000000000000000000000A6
S21402D4C40000000000000000000000000000000051
S21402D4D40000000000000000000000000000000041
S21402D4E40000000000000000000000000000000031
S21402D4F4A11D02009D1D0200FFFFFFFF31C30000B5
S21402D504FFFFFFFFFFFFFFFFFFFFFFFFFFFFFFFF20
S21402D51400C04810084000C3000008403114884C7C
S21402D52444113411076101D9FA71441228100762B2
S21402D53428100762281007622810E870FFFFFFFF12
S21402D544FFFFFFFF511F020013230200DCCC020080
S21402D554FFFFFFFFFFFFFFFF000000006400000064
S21402D56420A1070000000000C1070100000000001F
S21402D574D26E002000000000885400203D05010001
S21402D584F13001009E5E0200000000000000000070
S21402D59400000000000000008854002075120100FC
S21402D5A4000000009E5E0200000000000000000072
S21402D5B40000000000000000272A02008854002011
S21402D5C4051D0100F13001009E5E0200000000000D
S21402D5D40000000000000000000000008854002044
S21402D5E4ED250100F13001009E5E020000000000FD
S21402D5F400000000000000000000000082D00200CC
S21402D604885400204D410100000000009E5E020086
S21402D61400000000000000000000000000000000FF
S21402D62488540020A9480100000000009E5E020003
S21402D63400000000000000000000000000000000DF
S21402D6448854002005580100000000009E5E020077
S21402D65400000000000000000000000000000000BF
S21402D664B80B000088540020E55B010000000000AF
S21402D6749E5E0200000000000000000000000000A1
S21402D6840000000088540020056501000000000028
S21402D6949E5E020000000000000000000000000081
S21402D6A400000000885400204566010000000000C7
S21402D6B49E5E020000000000000000000000000061
S21402D6C400000000885400204B35020000000000D1
S21402D6D49E5E020000000000000000000000000041
S21402D6E40000000088540020796901000000000050
S21402D6F49E5E020000000000000000000000000021
S21402D7040000000088540020D96D010000000000CB
S21402D7149E5E020000000000000000000000000000
S21402D7240000000088540020AD4102000000000002
S21402D7349E5E0200000000000000000000000000E0
S21402D74400000000885400202DC6010000000000DE
S21402D7549E5E0200000000000000000000000000C0
S21402D764000000008854002059E101000000000077
S21402D7749E5E0200000000000000000000000000A0
S21402D78400000000FFFFCEFAEFBE2C01001E001EB2
S21402D7942C014006FFFF0E000000000004F8FFFF05
S21402D7A4FDFF9C000000FDFFFFFFFFFF60EA800014
S21402D7B4800010C1CDAB0000400001FFFF02FF0F46
S21402D7C40208031E050216010A0C057F0510010154
S21402D7D40F080101010451810301FF0EFE01FF7FC0
S21402D7E40150403000FFFFFF0B03FF64FF01FF05FB
S21402D7F40B01030105020201FFFFFFFFFFFFFFFF0C
S21402D804010102FFFFFF0000ED030000C503000054
S80400048D6A
